"mesh_lod_id","mesh_id","mesh_name","local_lod","visible_instances","index_count_per_instance","logical_indices","workload_share_percent","direct_r16_logical_indices","remapped_r16_logical_indices","restart_strip_logical_indices","strip_reduction_percent"
"104","14","QueenForest_05_Animated_Translucent","6","10018","12321","123431778","29.319093","9196524","123431778","99859424","19.097476"
"97","13","QueenForest_02_Animated_Translucent","6","9903","12363","122430789","29.081325","20320956","122430789","97782222","20.132654"
"110","15","QueenForest_06_Animated_Translucent","5","506","45783","23166198","5.502731","1445136","23166198","17895702","22.750803"
"89","12","RiverForest_05_Animated_Translucent","5","405","29091","11781855","2.798577","493290","11781855","10059390","14.619642"
"82","11","RiverForest_01_Animated_Translucent","5","395","28791","11372445","2.701328","478740","11372445","9617855","15.428432"
"75","10","RiverForest_03_Animated_Translucent","5","392","28410","11136720","2.645336","475104","11136720","9500512","14.69201"
"96","13","QueenForest_02_Animated_Translucent","5","273","37611","10267803","2.43894","758394","10267803","7878780","23.267129"
"88","12","RiverForest_05_Animated_Translucent","4","172","58218","10013496","2.378533","417960","10013496","8474268","15.371535"
"74","10","RiverForest_03_Animated_Translucent","4","154","57111","8795094","2.089123","375144","8795094","7487634","14.865788"
"81","11","RiverForest_01_Animated_Translucent","4","143","58089","8306727","1.97312","349206","8306727","6981832","15.949663"
"103","14","QueenForest_05_Animated_Translucent","5","211","37851","7986561","1.89707","582360","7986561","6137568","23.151304"
"87","12","RiverForest_05_Animated_Translucent","3","52","115734","6018168","1.429512","253656","6018168","5035888","16.321911"
"80","11","RiverForest_01_Animated_Translucent","3","41","115683","4743003","1.126619","200982","4743003","3943339","16.859867"
"73","10","RiverForest_03_Animated_Translucent","3","40","114630","4585200","1.089135","195360","4585200","3821400","16.657943"
"109","15","QueenForest_06_Animated_Translucent","4","31","91719","2843289","0.675374","178188","2843289","2142596","24.643749"
"20","2","RiverSeedling_04_Translucent","6","13689","198","2710422","0.643814","2710422","2710422","2696733","0.505051"
"13","1","RiverSeedling_02_Translucent","6","13894","195","2709330","0.643555","2709330","2709330","2570390","5.128205"
"27","3","RiverSeedling_03_Translucent","6","14045","189","2654505","0.630532","2654505","2654505","2415740","8.994709"
"34","4","RiverSeedling_05_Translucent","6","14112","183","2582496","0.613427","2582496","2582496","2455488","4.918033"
"6","0","RiverSeedling_01_Translucent","6","13867","174","2412858","0.573133","2412858","2412858","2260321","6.321839"
"209","29","Grass_A_01","6","11385","192","2185920","0.519228","2185920","2185920","1810215","17.1875"
"102","14","QueenForest_05_Animated_Translucent","4","28","76026","2128728","0.505643","156240","2128728","1588468","25.379475"
"84","12","RiverForest_05_Animated_Translucent","0","2","1002915","2005830","0.47645","81744","81744","1786386","10.940309"
"85","12","RiverForest_05_Animated_Translucent","1","4","494751","1979004","0.470078","81696","81696","1992600","-0.687012"
"108","15","QueenForest_06_Animated_Translucent","3","10","184167","1841670","0.437457","115080","1841670","1381770","24.971901"
"95","13","QueenForest_02_Animated_Translucent","4","21","76350","1603350","0.380848","116928","1603350","1189797","25.793058"
"167","23","Grass_B_04","6","22083","72","1589976","0.377671","1589976","1589976","949569","40.277778"
"55","7","RiverSapling_01_Translucent","6","497","3015","1498455","0.355932","503958","1498455","1521814","-1.558872"
"78","11","RiverForest_01_Animated_Translucent","1","3","495099","1485297","0.352807","61380","61380","1493874","-0.57746"
"62","8","RiverSapling_04_Translucent","6","447","3297","1473759","0.350066","477396","1473759","1540362","-4.51926"
"86","12","RiverForest_05_Animated_Translucent","2","6","243141","1458846","0.346524","61272","1458846","1180368","19.088924"
"69","9","RiverSapling_03_Translucent","6","463","2901","1343163","0.319045","452814","1343163","1370480","-2.033781"
"195","27","Grass_A_03","6","7161","177","1267497","0.301072","1267497","1267497","1188726","6.214689"
"125","17","Moss_03","6","206315","6","1237890","0.294039","1237890","1237890","825260","33.333333"
"79","11","RiverForest_01_Animated_Translucent","2","5","245184","1225920","0.291196","51120","726060","987615","19.43887"
"41","5","RiverSapling_02_Translucent","6","412","2952","1216224","0.288893","415296","1216224","1245476","-2.405149"
"153","21","Grass_B_05","6","25061","48","1202928","0.285735","1202928","1202928","952318","20.833333"
"188","26","Grass_A_02","6","8548","138","1179624","0.280199","1179624","1179624","1042856","11.594203"
"48","6","RiverSapling_05_Translucent","6","430","2628","1130040","0.268422","410220","1130040","1124880","0.456621"
"71","10","RiverForest_03_Animated_Translucent","1","2","488835","977670","0.232229","40920","40920","986292","-0.881893"
"94","13","QueenForest_02_Animated_Translucent","3","6","153372","920232","0.218585","66924","920232","681978","25.890645"
"938","134","Pyramid_v1a","0","1","910740","910740","0.216331","124572","124572","767178","15.763226"
"146","20","Grass_B_03","6","21143","36","761148","0.180798","761148","761148","444003","41.666667"
"101","14","QueenForest_05_Animated_Translucent","3","4","154152","616608","0.146465","44688","616608","458244","25.683092"
"181","25","Grass_A_04","6","9231","66","609246","0.144716","609246","609246","526167","13.636364"
"132","18","Moss_02","6","74124","6","444744","0.105641","444744","444744","296496","33.333333"
"118","16","Moss_01","6","70751","6","424506","0.100834","424506","424506","283004","33.333333"
"139","19","Grass_B_02","6","8546","48","410208","0.097438","410208","410208","299110","27.083333"
"61","8","RiverSapling_04_Translucent","5","37","10008","370296","0.087957","13320","370296","358123","3.28737"
"237","33","Shrub_04","6","941","318","299238","0.071079","299238","299238","213607","28.616352"
"47","6","RiverSapling_05_Translucent","5","31","8430","261330","0.062074","89466","261330","250015","4.329775"
"31","4","RiverSeedling_05_Translucent","3","95","2319","220305","0.05233","220305","220305","192280","12.721"
"54","7","RiverSapling_01_Translucent","5","23","9108","209484","0.049759","70242","209484","199226","4.896794"
"17","2","RiverSeedling_04_Translucent","3","88","2361","207768","0.049352","207768","207768","179256","13.722999"
"68","9","RiverSapling_03_Translucent","5","21","8949","187929","0.044639","63630","187929","181209","3.575819"
"40","5","RiverSapling_02_Translucent","5","20","9054","181080","0.043012","60960","181080","174900","3.412856"
"3","0","RiverSeedling_01_Translucent","3","75","2409","180675","0.042916","180675","180675","156225","13.532586"
"202","28","Grass_A_05","6","4993","36","179748","0.042696","179748","179748","159776","11.111111"
"216","30","Shrub_02","6","893","195","174135","0.041363","174135","174135","140201","19.487179"
"24","3","RiverSeedling_03_Translucent","3","72","2319","166968","0.03966","166968","166968","143928","13.799051"
"10","1","RiverSeedling_02_Translucent","3","67","2301","154167","0.03662","154167","154167","136613","11.386354"
"223","31","Shrub_03","6","867","174","150858","0.035834","150858","150858","137853","8.62069"
"25","3","RiverSeedling_03_Translucent","4","125","1182","147750","0.035095","147750","147750","131125","11.252115"
"18","2","RiverSeedling_04_Translucent","4","110","1209","132990","0.031589","132990","132990","119020","10.504549"
"124","17","Moss_03","5","7175","18","129150","0.030677","129150","129150","71750","44.444444"
"4","0","RiverSeedling_01_Translucent","4","106","1164","123384","0.029308","123384","123384","108650","11.941581"
"11","1","RiverSeedling_02_Translucent","4","111","1101","122211","0.029029","122211","122211","111555","8.719346"
"174","24","Grass_A_06","6","2520","42","105840","0.02514","105840","105840","93240","11.904762"
"160","22","Grass_B_01","6","4668","21","98028","0.023285","98028","98028","70020","28.571429"
"32","4","RiverSeedling_05_Translucent","4","83","1176","97608","0.023185","97608","97608","88644","9.183673"
"230","32","Shrub_01","6","807","111","89577","0.021277","89577","89577","67788","24.324324"
"780","111","E_X3_Y3_28","3","1","88134","88134","0.020935","0","88134","79561","9.727234"
"773","110","E_X4_Y3_29","3","1","88134","88134","0.020935","0","88134","79914","9.326707"
"19","2","RiverSeedling_04_Translucent","5","130","591","76830","0.01825","76830","76830","72410","5.752961"
"436","62","M_4x3_01","2","1","62424","62424","0.014828","0","62424","57859","7.312892"
"471","67","M_3x3_02","2","1","62424","62424","0.014828","0","62424","57991","7.101435"
"429","61","M_4x3_03","2","1","62424","62424","0.014828","0","62424","57164","8.426246"
"30","4","RiverSeedling_05_Translucent","2","12","5058","60696","0.014417","60696","60696","50604","16.627125"
"5","0","RiverSeedling_01_Translucent","5","75","594","44550","0.010582","44550","44550","41850","6.060606"
"33","4","RiverSeedling_05_Translucent","5","73","594","43362","0.0103","43362","43362","38617","10.942761"
"2","0","RiverSeedling_01_Translucent","2","8","5001","40008","0.009503","40008","40008","33184","17.056589"
"26","3","RiverSeedling_03_Translucent","5","61","597","36417","0.00865","36417","36417","33001","9.380235"
"52","7","RiverSapling_01_Translucent","3","1","36099","36099","0.008575","11940","36099","30393","15.806532"
"979","157","RiverForest_05_Animated_Translucent_Impostor_4","0","5776","6","34656","0.008232","34656","34656","23104","33.333333"
"971","149","RiverForest_01_Animated_Translucent_Impostor_4","0","5739","6","34434","0.008179","34434","34434","22956","33.333333"
"963","141","RiverForest_03_Animated_Translucent_Impostor_4","0","5542","6","33252","0.007898","33252","33252","22168","33.333333"
"972","150","RiverForest_01_Animated_Translucent_Impostor_5","0","5484","6","32904","0.007816","32904","32904","21936","33.333333"
"978","156","RiverForest_05_Animated_Translucent_Impostor_3","0","5455","6","32730","0.007774","32730","32730","21820","33.333333"
"981","159","RiverForest_05_Animated_Translucent_Impostor_6","0","5454","6","32724","0.007773","32724","32724","21816","33.333333"
"980","158","RiverForest_05_Animated_Translucent_Impostor_5","0","5374","6","32244","0.007659","32244","32244","21496","33.333333"
"970","148","RiverForest_01_Animated_Translucent_Impostor_3","0","5352","6","32112","0.007628","32112","32112","21408","33.333333"
"236","33","Shrub_04","5","33","963","31779","0.007549","31779","31779","24057","24.299065"
"977","155","RiverForest_05_Animated_Translucent_Impostor_2","0","5279","6","31674","0.007524","31674","31674","21116","33.333333"
"973","151","RiverForest_01_Animated_Translucent_Impostor_6","0","5260","6","31560","0.007497","31560","31560","21040","33.333333"
"967","145","RiverForest_01_Animated_Translucent_Impostor_0","0","5207","6","31242","0.007421","31242","31242","20828","33.333333"
"964","142","RiverForest_03_Animated_Translucent_Impostor_5","0","5200","6","31200","0.007411","31200","31200","20800","33.333333"
"965","143","RiverForest_03_Animated_Translucent_Impostor_6","0","5192","6","31152","0.0074","31152","31152","20768","33.333333"
"982","160","RiverForest_05_Animated_Translucent_Impostor_7","0","5188","6","31128","0.007394","31128","31128","20752","33.333333"
"966","144","RiverForest_03_Animated_Translucent_Impostor_7","0","5181","6","31086","0.007384","31086","31086","20724","33.333333"
"962","140","RiverForest_03_Animated_Translucent_Impostor_3","0","5181","6","31086","0.007384","31086","31086","20724","33.333333"
"969","147","RiverForest_01_Animated_Translucent_Impostor_2","0","5152","6","30912","0.007343","30912","30912","20608","33.333333"
"974","152","RiverForest_01_Animated_Translucent_Impostor_7","0","5136","6","30816","0.00732","30816","30816","20544","33.333333"
"959","137","RiverForest_03_Animated_Translucent_Impostor_0","0","5098","6","30588","0.007266","30588","30588","20392","33.333333"
"968","146","RiverForest_01_Animated_Translucent_Impostor_1","0","5087","6","30522","0.00725","30522","30522","20348","33.333333"
"975","153","RiverForest_05_Animated_Translucent_Impostor_0","0","5052","6","30312","0.0072","30312","30312","20208","33.333333"
"976","154","RiverForest_05_Animated_Translucent_Impostor_1","0","4995","6","29970","0.007119","29970","29970","19980","33.333333"
"961","139","RiverForest_03_Animated_Translucent_Impostor_2","0","4994","6","29964","0.007117","29964","29964","19976","33.333333"
"960","138","RiverForest_03_Animated_Translucent_Impostor_1","0","4982","6","29892","0.0071","29892","29892","19928","33.333333"
"668","95","E_X3_Y1_12","3","1","29376","29376","0.006978","0","29376","26651","9.27628"
"605","86","E_X2_Y2_19","3","1","29376","29376","0.006978","0","29376","26560","9.586057"
"612","87","E_X3_Y2_20","3","1","29376","29376","0.006978","0","29376","26517","9.732435"
"570","81","E_X2_Y3_27","3","1","29376","29376","0.006978","0","29376","26785","8.820125"
"12","1","RiverSeedling_02_Translucent","5","54","540","29160","0.006926","29160","29160","27540","5.555556"
"222","31","Shrub_03","5","48","555","26640","0.006328","26640","26640","20400","23.423423"
"46","6","RiverSapling_05_Translucent","4","1","16911","16911","0.004017","5790","16911","15192","10.164981"
"466","66","M_3x3_01","4","1","14976","14976","0.003557","0","14976","12985","13.294605"
"753","107","E_X0_Y0_1","4","1","14688","14688","0.003489","0","14688","13007","11.444717"
"746","106","E_X1_Y0_2","4","1","14688","14688","0.003489","0","14688","12896","12.200436"
"739","105","E_X2_Y0_3","4","1","14688","14688","0.003489","0","14688","12936","11.928105"
"732","104","E_X3_Y0_4","4","1","14688","14688","0.003489","0","14688","13098","10.825163"
"662","94","E_X2_Y1_11","4","1","14688","14688","0.003489","0","14688","12843","12.561275"
"655","93","E_X1_Y1_10","4","1","14688","14688","0.003489","0","14688","12906","12.132353"
"648","92","E_X0_Y1_9","4","1","14688","14688","0.003489","0","14688","12936","11.928105"
"599","85","E_X1_Y2_18","4","1","14688","14688","0.003489","0","14688","12703","13.514434"
"931","133","River","0","1","14058","14058","0.003339","14058","14058","4710","66.495945"
"215","30","Shrub_02","5","23","591","13593","0.003229","13593","13593","10396","23.519459"
"987","165","QueenForest_06_Animated_Translucent_Impostor_4","0","1696","6","10176","0.002417","10176","10176","6784","33.333333"
"988","166","QueenForest_06_Animated_Translucent_Impostor_5","0","1638","6","9828","0.002334","9828","9828","6552","33.333333"
"986","164","QueenForest_06_Animated_Translucent_Impostor_3","0","1546","6","9276","0.002203","9276","9276","6184","33.333333"
"989","167","QueenForest_06_Animated_Translucent_Impostor_6","0","1514","6","9084","0.002158","9084","9084","6056","33.333333"
"984","162","QueenForest_06_Animated_Translucent_Impostor_1","0","1475","6","8850","0.002102","8850","8850","5900","33.333333"
"985","163","QueenForest_06_Animated_Translucent_Impostor_2","0","1447","6","8682","0.002062","8682","8682","5788","33.333333"
"990","168","QueenForest_06_Animated_Translucent_Impostor_7","0","1431","6","8586","0.002039","8586","8586","5724","33.333333"
"983","161","QueenForest_06_Animated_Translucent_Impostor_0","0","1412","6","8472","0.002012","8472","8472","5648","33.333333"
"229","32","Shrub_01","5","19","333","6327","0.001503","6327","6327","4978","21.321321"
"23","3","RiverSeedling_03_Translucent","2","1","4986","4986","0.001184","4986","4986","4195","15.86442"
