"mesh_id","mesh_name","active_lod_count","visible_instances","logical_indices","workload_share_percent","direct_r16_logical_indices","remapped_r16_logical_indices","restart_strip_logical_indices"
"13","QueenForest_02_Animated_Translucent","4","10203","135222174","32.119698","21263202","135222174","107532777"
"14","QueenForest_05_Animated_Translucent","4","10261","134163675","31.86827","9979812","134163675","108043704"
"12","RiverForest_05_Animated_Translucent","6","641","33257199","7.899675","1389618","29435805","28528900"
"15","QueenForest_06_Animated_Translucent","3","547","27851157","6.615563","1738404","27851157","21420068"
"11","RiverForest_01_Animated_Translucent","5","587","27133392","6.44507","1141428","25209615","23024515"
"10","RiverForest_03_Animated_Translucent","4","588","25494684","6.055823","1086528","24557934","21795838"
"2","RiverSeedling_04_Translucent","4","14017","3128010","0.743005","3128010","3128010","3067419"
"1","RiverSeedling_02_Translucent","4","14126","3014868","0.71613","3014868","3014868","2846098"
"3","RiverSeedling_03_Translucent","5","14304","3010626","0.715122","3010626","3010626","2727989"
"4","RiverSeedling_05_Translucent","5","14375","3004467","0.713659","3004467","3004467","2825633"
"0","RiverSeedling_01_Translucent","5","14131","2801475","0.665442","2801475","2801475","2600230"
"29","Grass_A_01","1","11385","2185920","0.519228","2185920","2185920","1810215"
"8","RiverSapling_04_Translucent","2","484","1844055","0.438024","490716","1844055","1898485"
"7","RiverSapling_01_Translucent","3","521","1744038","0.414266","586140","1744038","1751433"
"23","Grass_B_04","1","22083","1589976","0.377671","1589976","1589976","949569"
"9","RiverSapling_03_Translucent","2","484","1531092","0.363685","516444","1531092","1551689"
"6","RiverSapling_05_Translucent","3","462","1408281","0.334513","505476","1408281","1390087"
"5","RiverSapling_02_Translucent","2","432","1397304","0.331905","476256","1397304","1420376"
"17","Moss_03","2","213490","1367040","0.324717","1367040","1367040","897010"
"27","Grass_A_03","1","7161","1267497","0.301072","1267497","1267497","1188726"
"21","Grass_B_05","1","25061","1202928","0.285735","1202928","1202928","952318"
"26","Grass_A_02","1","8548","1179624","0.280199","1179624","1179624","1042856"
"134","Pyramid_v1a","1","1","910740","0.216331","124572","124572","767178"
"20","Grass_B_03","1","21143","761148","0.180798","761148","761148","444003"
"25","Grass_A_04","1","9231","609246","0.144716","609246","609246","526167"
"18","Moss_02","1","74124","444744","0.105641","444744","444744","296496"
"16","Moss_01","1","70751","424506","0.100834","424506","424506","283004"
"19","Grass_B_02","1","8546","410208","0.097438","410208","410208","299110"
"33","Shrub_04","2","974","331017","0.078627","331017","331017","237664"
"30","Shrub_02","2","916","187728","0.044592","187728","187728","150597"
"28","Grass_A_05","1","4993","179748","0.042696","179748","179748","159776"
"31","Shrub_03","2","915","177498","0.042162","177498","177498","158253"
"24","Grass_A_06","1","2520","105840","0.02514","105840","105840","93240"
"22","Grass_B_01","1","4668","98028","0.023285","98028","98028","70020"
"32","Shrub_01","2","826","95904","0.02278","95904","95904","72766"
"111","E_X3_Y3_28","1","1","88134","0.020935","0","88134","79561"
"110","E_X4_Y3_29","1","1","88134","0.020935","0","88134","79914"
"61","M_4x3_03","1","1","62424","0.014828","0","62424","57164"
"67","M_3x3_02","1","1","62424","0.014828","0","62424","57991"
"62","M_4x3_01","1","1","62424","0.014828","0","62424","57859"
"157","RiverForest_05_Animated_Translucent_Impostor_4","1","5776","34656","0.008232","34656","34656","23104"
"149","RiverForest_01_Animated_Translucent_Impostor_4","1","5739","34434","0.008179","34434","34434","22956"
"141","RiverForest_03_Animated_Translucent_Impostor_4","1","5542","33252","0.007898","33252","33252","22168"
"150","RiverForest_01_Animated_Translucent_Impostor_5","1","5484","32904","0.007816","32904","32904","21936"
"156","RiverForest_05_Animated_Translucent_Impostor_3","1","5455","32730","0.007774","32730","32730","21820"
"159","RiverForest_05_Animated_Translucent_Impostor_6","1","5454","32724","0.007773","32724","32724","21816"
"158","RiverForest_05_Animated_Translucent_Impostor_5","1","5374","32244","0.007659","32244","32244","21496"
"148","RiverForest_01_Animated_Translucent_Impostor_3","1","5352","32112","0.007628","32112","32112","21408"
"155","RiverForest_05_Animated_Translucent_Impostor_2","1","5279","31674","0.007524","31674","31674","21116"
"151","RiverForest_01_Animated_Translucent_Impostor_6","1","5260","31560","0.007497","31560","31560","21040"
"145","RiverForest_01_Animated_Translucent_Impostor_0","1","5207","31242","0.007421","31242","31242","20828"
"142","RiverForest_03_Animated_Translucent_Impostor_5","1","5200","31200","0.007411","31200","31200","20800"
"143","RiverForest_03_Animated_Translucent_Impostor_6","1","5192","31152","0.0074","31152","31152","20768"
"160","RiverForest_05_Animated_Translucent_Impostor_7","1","5188","31128","0.007394","31128","31128","20752"
"140","RiverForest_03_Animated_Translucent_Impostor_3","1","5181","31086","0.007384","31086","31086","20724"
"144","RiverForest_03_Animated_Translucent_Impostor_7","1","5181","31086","0.007384","31086","31086","20724"
"147","RiverForest_01_Animated_Translucent_Impostor_2","1","5152","30912","0.007343","30912","30912","20608"
"152","RiverForest_01_Animated_Translucent_Impostor_7","1","5136","30816","0.00732","30816","30816","20544"
"137","RiverForest_03_Animated_Translucent_Impostor_0","1","5098","30588","0.007266","30588","30588","20392"
"146","RiverForest_01_Animated_Translucent_Impostor_1","1","5087","30522","0.00725","30522","30522","20348"
"153","RiverForest_05_Animated_Translucent_Impostor_0","1","5052","30312","0.0072","30312","30312","20208"
"154","RiverForest_05_Animated_Translucent_Impostor_1","1","4995","29970","0.007119","29970","29970","19980"
"139","RiverForest_03_Animated_Translucent_Impostor_2","1","4994","29964","0.007117","29964","29964","19976"
"138","RiverForest_03_Animated_Translucent_Impostor_1","1","4982","29892","0.0071","29892","29892","19928"
"86","E_X2_Y2_19","1","1","29376","0.006978","0","29376","26560"
"81","E_X2_Y3_27","1","1","29376","0.006978","0","29376","26785"
"95","E_X3_Y1_12","1","1","29376","0.006978","0","29376","26651"
"87","E_X3_Y2_20","1","1","29376","0.006978","0","29376","26517"
"66","M_3x3_01","1","1","14976","0.003557","0","14976","12985"
"92","E_X0_Y1_9","1","1","14688","0.003489","0","14688","12936"
"107","E_X0_Y0_1","1","1","14688","0.003489","0","14688","13007"
"106","E_X1_Y0_2","1","1","14688","0.003489","0","14688","12896"
"105","E_X2_Y0_3","1","1","14688","0.003489","0","14688","12936"
"104","E_X3_Y0_4","1","1","14688","0.003489","0","14688","13098"
"94","E_X2_Y1_11","1","1","14688","0.003489","0","14688","12843"
"93","E_X1_Y1_10","1","1","14688","0.003489","0","14688","12906"
"85","E_X1_Y2_18","1","1","14688","0.003489","0","14688","12703"
"133","River","1","1","14058","0.003339","14058","14058","4710"
"165","QueenForest_06_Animated_Translucent_Impostor_4","1","1696","10176","0.002417","10176","10176","6784"
"166","QueenForest_06_Animated_Translucent_Impostor_5","1","1638","9828","0.002334","9828","9828","6552"
"164","QueenForest_06_Animated_Translucent_Impostor_3","1","1546","9276","0.002203","9276","9276","6184"
"167","QueenForest_06_Animated_Translucent_Impostor_6","1","1514","9084","0.002158","9084","9084","6056"
"162","QueenForest_06_Animated_Translucent_Impostor_1","1","1475","8850","0.002102","8850","8850","5900"
"163","QueenForest_06_Animated_Translucent_Impostor_2","1","1447","8682","0.002062","8682","8682","5788"
"168","QueenForest_06_Animated_Translucent_Impostor_7","1","1431","8586","0.002039","8586","8586","5724"
"161","QueenForest_06_Animated_Translucent_Impostor_0","1","1412","8472","0.002012","8472","8472","5648"
