mesh_lod_id,mesh_id,local_lod,mesh_name,submesh_offset,submesh_count,list_indices,direct_r16_indices,rebased_r16_indices,remapped_r16_indices,restart_strip_indices
0,0,0,RiverSeedling_01_Translucent,0,3,20322,20322,20322,20322,18024
1,0,1,RiverSeedling_01_Translucent,3,3,10080,10080,10080,10080,9924
2,0,2,RiverSeedling_01_Translucent,6,3,5001,5001,5001,5001,4148
3,0,3,RiverSeedling_01_Translucent,9,3,2409,2409,2409,2409,2083
4,0,4,RiverSeedling_01_Translucent,12,3,1164,1164,1164,1164,1025
5,0,5,RiverSeedling_01_Translucent,15,3,594,594,594,594,558
6,0,6,RiverSeedling_01_Translucent,18,3,174,174,174,174,163
7,1,0,RiverSeedling_02_Translucent,21,3,20253,20253,20253,20253,17962
8,1,1,RiverSeedling_02_Translucent,24,3,10047,10047,10047,10047,9713
9,1,2,RiverSeedling_02_Translucent,27,3,4977,4977,4977,4977,4102
10,1,3,RiverSeedling_02_Translucent,30,3,2301,2301,2301,2301,2039
11,1,4,RiverSeedling_02_Translucent,33,3,1101,1101,1101,1101,1005
12,1,5,RiverSeedling_02_Translucent,36,3,540,540,540,540,510
13,1,6,RiverSeedling_02_Translucent,39,3,195,195,195,195,185
14,2,0,RiverSeedling_04_Translucent,42,3,20322,20322,20322,20322,18024
15,2,1,RiverSeedling_04_Translucent,45,3,10110,10110,10110,10110,9857
16,2,2,RiverSeedling_04_Translucent,48,3,4797,4797,4797,4797,4067
17,2,3,RiverSeedling_04_Translucent,51,3,2361,2361,2361,2361,2037
18,2,4,RiverSeedling_04_Translucent,54,3,1209,1209,1209,1209,1082
19,2,5,RiverSeedling_04_Translucent,57,3,591,591,591,591,557
20,2,6,RiverSeedling_04_Translucent,60,3,198,198,198,198,197
21,3,0,RiverSeedling_03_Translucent,63,3,20322,20322,20322,20322,18024
22,3,1,RiverSeedling_03_Translucent,66,3,10104,10104,10104,10104,9898
23,3,2,RiverSeedling_03_Translucent,69,3,4986,4986,4986,4986,4195
24,3,3,RiverSeedling_03_Translucent,72,3,2319,2319,2319,2319,1999
25,3,4,RiverSeedling_03_Translucent,75,3,1182,1182,1182,1182,1049
26,3,5,RiverSeedling_03_Translucent,78,3,597,597,597,597,541
27,3,6,RiverSeedling_03_Translucent,81,3,189,189,189,189,172
28,4,0,RiverSeedling_05_Translucent,84,3,20391,20391,20391,20391,18086
29,4,1,RiverSeedling_05_Translucent,87,3,10125,10125,10125,10125,9906
30,4,2,RiverSeedling_05_Translucent,90,3,5058,5058,5058,5058,4217
31,4,3,RiverSeedling_05_Translucent,93,3,2319,2319,2319,2319,2024
32,4,4,RiverSeedling_05_Translucent,96,3,1176,1176,1176,1176,1068
33,4,5,RiverSeedling_05_Translucent,99,3,594,594,594,594,529
34,4,6,RiverSeedling_05_Translucent,102,3,183,183,183,183,174
35,5,0,RiverSapling_02_Translucent,105,3,304368,101922,101922,101922,271355
36,5,1,RiverSapling_02_Translucent,108,3,150882,49662,49662,49662,153692
37,5,2,RiverSapling_02_Translucent,111,3,75297,25182,25182,75297,58178
38,5,3,RiverSapling_02_Translucent,114,3,35697,11946,11946,35697,30074
39,5,4,RiverSapling_02_Translucent,117,3,18153,6078,6078,18153,16621
40,5,5,RiverSapling_02_Translucent,120,3,9054,3048,3048,9054,8745
41,5,6,RiverSapling_02_Translucent,123,3,2952,1008,1008,2952,3023
42,6,0,RiverSapling_05_Translucent,126,3,283812,96822,96822,96822,252974
43,6,1,RiverSapling_05_Translucent,129,3,140748,47256,47256,140748,143644
44,6,2,RiverSapling_05_Translucent,132,3,70032,23940,23940,70032,53794
45,6,3,RiverSapling_05_Translucent,135,3,33387,11352,11352,33387,28162
46,6,4,RiverSapling_05_Translucent,138,3,16911,5790,5790,16911,15192
47,6,5,RiverSapling_05_Translucent,141,3,8430,2886,2886,8430,8065
48,6,6,RiverSapling_05_Translucent,144,3,2628,954,954,2628,2616
49,7,0,RiverSapling_01_Translucent,147,3,304743,101952,101952,101952,271660
50,7,1,RiverSapling_01_Translucent,150,3,151119,49728,49728,49728,154102
51,7,2,RiverSapling_01_Translucent,153,3,74946,25134,25134,74946,57537
52,7,3,RiverSapling_01_Translucent,156,3,36099,11940,11940,36099,30393
53,7,4,RiverSapling_01_Translucent,159,3,18075,6108,6108,18075,16238
54,7,5,RiverSapling_01_Translucent,162,3,9108,3054,3054,9108,8662
55,7,6,RiverSapling_01_Translucent,165,3,3015,1014,1014,3015,3062
56,8,0,RiverSapling_04_Translucent,168,3,335706,12114,12114,12114,299414
57,8,1,RiverSapling_04_Translucent,171,3,166608,6054,6054,52968,169955
58,8,2,RiverSapling_04_Translucent,174,3,83196,3024,3024,83196,63509
59,8,3,RiverSapling_04_Translucent,177,3,39681,1452,1452,39681,33049
60,8,4,RiverSapling_04_Translucent,180,3,19959,726,726,19959,17986
61,8,5,RiverSapling_04_Translucent,183,3,10008,360,360,10008,9679
62,8,6,RiverSapling_04_Translucent,186,3,3297,1068,1068,3297,3446
63,9,0,RiverSapling_03_Translucent,189,3,306771,102048,102048,102048,273500
64,9,1,RiverSapling_03_Translucent,192,3,152067,49710,49710,49710,155082
65,9,2,RiverSapling_03_Translucent,195,3,76020,25116,25116,76020,58188
66,9,3,RiverSapling_03_Translucent,198,3,35676,11922,11922,35676,30120
67,9,4,RiverSapling_03_Translucent,201,3,17985,6114,6114,17985,16417
68,9,5,RiverSapling_03_Translucent,204,3,8949,3030,3030,8949,8629
69,9,6,RiverSapling_03_Translucent,207,3,2901,978,978,2901,2960
70,10,0,RiverForest_03_Animated_Translucent,210,3,990267,40944,40944,40944,881897
71,10,1,RiverForest_03_Animated_Translucent,213,3,488835,20460,20460,20460,493146
72,10,2,RiverForest_03_Animated_Translucent,216,3,239781,10230,10230,239781,193922
73,10,3,RiverForest_03_Animated_Translucent,219,3,114630,4884,4884,114630,95535
74,10,4,RiverForest_03_Animated_Translucent,222,3,57111,2436,2436,57111,48621
75,10,5,RiverForest_03_Animated_Translucent,225,3,28410,1212,1212,28410,24236
76,10,6,RiverForest_03_Animated_Translucent,228,3,9111,402,402,9111,8016
77,11,0,RiverForest_01_Animated_Translucent,231,3,1003761,40944,40944,40944,893934
78,11,1,RiverForest_01_Animated_Translucent,234,3,495099,20460,20460,20460,497958
79,11,2,RiverForest_01_Animated_Translucent,237,3,245184,10224,10224,145212,197523
80,11,3,RiverForest_01_Animated_Translucent,240,3,115683,4902,4902,115683,96179
81,11,4,RiverForest_01_Animated_Translucent,243,3,58089,2442,2442,58089,48824
82,11,5,RiverForest_01_Animated_Translucent,246,3,28791,1212,1212,28791,24349
83,11,6,RiverForest_01_Animated_Translucent,249,3,9441,408,408,9441,8333
84,12,0,RiverForest_05_Animated_Translucent,252,3,1002915,40872,40872,40872,893193
85,12,1,RiverForest_05_Animated_Translucent,255,3,494751,20424,20424,20424,498150
86,12,2,RiverForest_05_Animated_Translucent,258,3,243141,10212,10212,243141,196728
87,12,3,RiverForest_05_Animated_Translucent,261,3,115734,4878,4878,115734,96844
88,12,4,RiverForest_05_Animated_Translucent,264,3,58218,2430,2430,58218,49269
89,12,5,RiverForest_05_Animated_Translucent,267,3,29091,1218,1218,29091,24838
90,12,6,RiverForest_05_Animated_Translucent,270,3,9375,402,402,9375,8113
91,13,0,QueenForest_02_Animated_Translucent,273,8,1283412,93036,93036,93036,1099151
92,13,1,QueenForest_02_Animated_Translucent,281,8,641703,46518,46518,165006,597738
93,13,2,QueenForest_02_Animated_Translucent,289,8,320829,23256,23256,165279,294261
94,13,3,QueenForest_02_Animated_Translucent,297,8,153372,11154,11154,153372,113663
95,13,4,QueenForest_02_Animated_Translucent,305,8,76350,5568,5568,76350,56657
96,13,5,QueenForest_02_Animated_Translucent,313,8,37611,2778,2778,37611,28860
97,13,6,QueenForest_02_Animated_Translucent,321,8,12363,2052,2052,12363,9874
98,14,0,QueenForest_05_Animated_Translucent,329,8,1298562,93174,93174,93174,1112406
99,14,1,QueenForest_05_Animated_Translucent,337,8,649278,46584,46584,166428,605549
100,14,2,QueenForest_05_Animated_Translucent,345,8,324570,23292,23292,168108,298116
101,14,3,QueenForest_05_Animated_Translucent,353,8,154152,11172,11172,154152,114561
102,14,4,QueenForest_05_Animated_Translucent,361,8,76026,5580,5580,76026,56731
103,14,5,QueenForest_05_Animated_Translucent,369,8,37851,2760,2760,37851,29088
104,14,6,QueenForest_05_Animated_Translucent,377,8,12321,918,918,12321,9968
105,15,0,QueenForest_06_Animated_Translucent,385,8,1546326,95982,95982,95982,1327789
106,15,1,QueenForest_06_Animated_Translucent,393,8,773154,47988,47988,187989,723742
107,15,2,QueenForest_06_Animated_Translucent,401,8,386550,23994,23994,209406,357183
108,15,3,QueenForest_06_Animated_Translucent,409,8,184167,11508,11508,184167,138177
109,15,4,QueenForest_06_Animated_Translucent,417,8,91719,5748,5748,91719,69116
110,15,5,QueenForest_06_Animated_Translucent,425,8,45783,2856,2856,45783,35367
111,15,6,QueenForest_06_Animated_Translucent,433,8,14622,942,942,14622,12022
112,16,0,Moss_01,441,1,717,717,717,717,391
113,16,1,Moss_01,442,1,357,357,357,357,216
114,16,2,Moss_01,443,1,174,174,174,174,101
115,16,3,Moss_01,444,1,84,84,84,84,47
116,16,4,Moss_01,445,1,42,42,42,42,24
117,16,5,Moss_01,446,1,21,21,21,21,15
118,16,6,Moss_01,447,1,6,6,6,6,4
119,17,0,Moss_03,448,1,687,687,687,687,393
120,17,1,Moss_03,449,1,339,339,339,339,197
121,17,2,Moss_03,450,1,171,171,171,171,102
122,17,3,Moss_03,451,1,78,78,78,78,48
123,17,4,Moss_03,452,1,39,39,39,39,24
124,17,5,Moss_03,453,1,18,18,18,18,10
125,17,6,Moss_03,454,1,6,6,6,6,4
126,18,0,Moss_02,455,1,699,699,699,699,391
127,18,1,Moss_02,456,1,348,348,348,348,206
128,18,2,Moss_02,457,1,174,174,174,174,106
129,18,3,Moss_02,458,1,78,78,78,78,44
130,18,4,Moss_02,459,1,39,39,39,39,22
131,18,5,Moss_02,460,1,18,18,18,18,12
132,18,6,Moss_02,461,1,6,6,6,6,4
133,19,0,Grass_B_02,462,1,5280,5280,5280,5280,2616
134,19,1,Grass_B_02,463,1,2637,2637,2637,2637,1344
135,19,2,Grass_B_02,464,1,1320,1320,1320,1320,699
136,19,3,Grass_B_02,465,1,633,633,633,633,383
137,19,4,Grass_B_02,466,1,315,315,315,315,189
138,19,5,Grass_B_02,467,1,156,156,156,156,92
139,19,6,Grass_B_02,468,1,48,48,48,48,35
140,20,0,Grass_B_03,469,1,3645,3645,3645,3645,1815
141,20,1,Grass_B_03,470,1,1821,1821,1821,1821,949
142,20,2,Grass_B_03,471,1,906,906,906,906,470
143,20,3,Grass_B_03,472,1,435,435,435,435,250
144,20,4,Grass_B_03,473,1,216,216,216,216,135
145,20,5,Grass_B_03,474,1,108,108,108,108,62
146,20,6,Grass_B_03,475,1,36,36,36,36,21
147,21,0,Grass_B_05,476,1,4992,4992,4992,4992,2259
148,21,1,Grass_B_05,477,1,2496,2496,2496,2496,1238
149,21,2,Grass_B_05,478,1,1248,1248,1248,1248,649
150,21,3,Grass_B_05,479,1,597,597,597,597,352
151,21,4,Grass_B_05,480,1,297,297,297,297,189
152,21,5,Grass_B_05,481,1,147,147,147,147,104
153,21,6,Grass_B_05,482,1,48,48,48,48,38
154,22,0,Grass_B_01,483,1,2142,2142,2142,2142,996
155,22,1,Grass_B_01,484,1,1071,1071,1071,1071,554
156,22,2,Grass_B_01,485,1,534,534,534,534,289
157,22,3,Grass_B_01,486,1,255,255,255,255,156
158,22,4,Grass_B_01,487,1,126,126,126,126,84
159,22,5,Grass_B_01,488,1,63,63,63,63,46
160,22,6,Grass_B_01,489,1,21,21,21,21,15
161,23,0,Grass_B_04,490,1,7467,7467,7467,7467,3720
162,23,1,Grass_B_04,491,1,3732,3732,3732,3732,1883
163,23,2,Grass_B_04,492,1,1866,1866,1866,1866,952
164,23,3,Grass_B_04,493,1,894,894,894,894,506
165,23,4,Grass_B_04,494,1,447,447,447,447,283
166,23,5,Grass_B_04,495,1,222,222,222,222,149
167,23,6,Grass_B_04,496,1,72,72,72,72,43
168,24,0,Grass_A_06,497,1,4398,4398,4398,4398,1803
169,24,1,Grass_A_06,498,1,2199,2199,2199,2199,1124
170,24,2,Grass_A_06,499,1,1098,1098,1098,1098,644
171,24,3,Grass_A_06,500,1,525,525,525,525,323
172,24,4,Grass_A_06,501,1,261,261,261,261,186
173,24,5,Grass_A_06,502,1,129,129,129,129,108
174,24,6,Grass_A_06,503,1,42,42,42,42,37
175,25,0,Grass_A_04,504,1,6861,6861,6861,6861,2844
176,25,1,Grass_A_04,505,1,3429,3429,3429,3429,1825
177,25,2,Grass_A_04,506,1,1713,1713,1713,1713,1104
178,25,3,Grass_A_04,507,1,822,822,822,822,614
179,25,4,Grass_A_04,508,1,411,411,411,411,352
180,25,5,Grass_A_04,509,1,204,204,204,204,188
181,25,6,Grass_A_04,510,1,66,66,66,66,57
182,26,0,Grass_A_02,511,1,13878,13878,13878,13878,5897
183,26,1,Grass_A_02,512,1,6939,6939,6939,6939,3526
184,26,2,Grass_A_02,513,1,3468,3468,3468,3468,1953
185,26,3,Grass_A_02,514,1,1665,1665,1665,1665,1067
186,26,4,Grass_A_02,515,1,831,831,831,831,563
187,26,5,Grass_A_02,516,1,414,414,414,414,284
188,26,6,Grass_A_02,517,1,138,138,138,138,122
189,27,0,Grass_A_03,518,1,17835,17835,17835,17835,7312
190,27,1,Grass_A_03,519,1,8916,8916,8916,8916,4546
191,27,2,Grass_A_03,520,1,4458,4458,4458,4458,2590
192,27,3,Grass_A_03,521,1,2139,2139,2139,2139,1321
193,27,4,Grass_A_03,522,1,1068,1068,1068,1068,732
194,27,5,Grass_A_03,523,1,534,534,534,534,429
195,27,6,Grass_A_03,524,1,177,177,177,177,166
196,28,0,Grass_A_05,525,1,3771,3771,3771,3771,1487
197,28,1,Grass_A_05,526,1,1884,1884,1884,1884,910
198,28,2,Grass_A_05,527,1,942,942,942,942,550
199,28,3,Grass_A_05,528,1,450,450,450,450,302
200,28,4,Grass_A_05,529,1,225,225,225,225,172
201,28,5,Grass_A_05,530,1,111,111,111,111,107
202,28,6,Grass_A_05,531,1,36,36,36,36,32
203,29,0,Grass_A_01,532,1,19266,19266,19266,19266,7714
204,29,1,Grass_A_01,533,1,9633,9633,9633,9633,4883
205,29,2,Grass_A_01,534,1,4815,4815,4815,4815,2784
206,29,3,Grass_A_01,535,1,2310,2310,2310,2310,1517
207,29,4,Grass_A_01,536,1,1155,1155,1155,1155,794
208,29,5,Grass_A_01,537,1,576,576,576,576,406
209,29,6,Grass_A_01,538,1,192,192,192,192,159
210,30,0,Shrub_02,539,1,19767,19767,19767,19767,10537
211,30,1,Shrub_02,540,1,9882,9882,9882,9882,5467
212,30,2,Shrub_02,541,1,4932,4932,4932,4932,2985
213,30,3,Shrub_02,542,1,2370,2370,2370,2370,1526
214,30,4,Shrub_02,543,1,1146,1146,1146,1146,832
215,30,5,Shrub_02,544,1,591,591,591,591,452
216,30,6,Shrub_02,545,1,195,195,195,195,157
217,31,0,Shrub_03,546,1,18531,18531,18531,18531,9829
218,31,1,Shrub_03,547,1,9264,9264,9264,9264,5078
219,31,2,Shrub_03,548,1,4617,4617,4617,4617,2736
220,31,3,Shrub_03,549,1,2202,2202,2202,2202,1395
221,31,4,Shrub_03,550,1,1089,1089,1089,1089,792
222,31,5,Shrub_03,551,1,555,555,555,555,425
223,31,6,Shrub_03,552,1,174,174,174,174,159
224,32,0,Shrub_01,553,1,11178,11178,11178,11178,5962
225,32,1,Shrub_01,554,1,5586,5586,5586,5586,3033
226,32,2,Shrub_01,555,1,2790,2790,2790,2790,1709
227,32,3,Shrub_01,556,1,1305,1305,1305,1305,862
228,32,4,Shrub_01,557,1,657,657,657,657,469
229,32,5,Shrub_01,558,1,333,333,333,333,262
230,32,6,Shrub_01,559,1,111,111,111,111,84
231,33,0,Shrub_04,560,1,32505,32505,32505,32505,17242
232,33,1,Shrub_04,561,1,16251,16251,16251,16251,8949
233,33,2,Shrub_04,562,1,8094,8094,8094,8094,4852
234,33,3,Shrub_04,563,1,3813,3813,3813,3813,2428
235,33,4,Shrub_04,564,1,1896,1896,1896,1896,1440
236,33,5,Shrub_04,565,1,963,963,963,963,729
237,33,6,Shrub_04,566,1,318,318,318,318,227
238,34,0,ShrubSorrel_01_Translucent,567,1,1242,1242,1242,1242,659
239,34,1,ShrubSorrel_01_Translucent,568,1,621,621,621,621,368
240,34,2,ShrubSorrel_01_Translucent,569,1,309,309,309,309,198
241,34,3,ShrubSorrel_01_Translucent,570,1,147,147,147,147,98
242,34,4,ShrubSorrel_01_Translucent,571,1,72,72,72,72,50
243,34,5,ShrubSorrel_01_Translucent,572,1,36,36,36,36,26
244,34,6,ShrubSorrel_01_Translucent,573,1,12,12,12,12,9
245,35,0,ShrubSorrel_05_Translucent,574,1,213,213,213,213,111
246,35,1,ShrubSorrel_05_Translucent,575,1,105,105,105,105,63
247,35,2,ShrubSorrel_05_Translucent,576,1,51,51,51,51,31
248,35,3,ShrubSorrel_05_Translucent,577,1,24,24,24,24,15
249,35,4,ShrubSorrel_05_Translucent,578,1,12,12,12,12,8
250,35,5,ShrubSorrel_05_Translucent,579,1,6,6,6,6,4
251,35,6,ShrubSorrel_05_Translucent,580,1,3,3,3,3,3
252,36,0,ShrubSorrel_07_Translucent,581,1,201,201,201,201,107
253,36,1,ShrubSorrel_07_Translucent,582,1,99,99,99,99,57
254,36,2,ShrubSorrel_07_Translucent,583,1,45,45,45,45,28
255,36,3,ShrubSorrel_07_Translucent,584,1,24,24,24,24,15
256,36,4,ShrubSorrel_07_Translucent,585,1,12,12,12,12,8
257,36,5,ShrubSorrel_07_Translucent,586,1,6,6,6,6,4
258,36,6,ShrubSorrel_07_Translucent,587,1,3,3,3,3,3
259,37,0,ShrubSorrel_03_Translucent,588,1,1065,1065,1065,1065,582
260,37,1,ShrubSorrel_03_Translucent,589,1,531,531,531,531,326
261,37,2,ShrubSorrel_03_Translucent,590,1,264,264,264,264,161
262,37,3,ShrubSorrel_03_Translucent,591,1,126,126,126,126,85
263,37,4,ShrubSorrel_03_Translucent,592,1,63,63,63,63,43
264,37,5,ShrubSorrel_03_Translucent,593,1,30,30,30,30,22
265,37,6,ShrubSorrel_03_Translucent,594,1,9,9,9,9,5
266,38,0,ShrubSorrel_06_Translucent,595,1,189,189,189,189,100
267,38,1,ShrubSorrel_06_Translucent,596,1,93,93,93,93,57
268,38,2,ShrubSorrel_06_Translucent,597,1,45,45,45,45,29
269,38,3,ShrubSorrel_06_Translucent,598,1,21,21,21,21,13
270,38,4,ShrubSorrel_06_Translucent,599,1,9,9,9,9,6
271,38,5,ShrubSorrel_06_Translucent,600,1,3,3,3,3,3
272,38,6,ShrubSorrel_06_Translucent,601,1,3,3,3,3,3
273,39,0,ShrubSorrel_02_Translucent,602,1,852,852,852,852,454
274,39,1,ShrubSorrel_02_Translucent,603,1,426,426,426,426,255
275,39,2,ShrubSorrel_02_Translucent,604,1,213,213,213,213,127
276,39,3,ShrubSorrel_02_Translucent,605,1,102,102,102,102,69
277,39,4,ShrubSorrel_02_Translucent,606,1,51,51,51,51,36
278,39,5,ShrubSorrel_02_Translucent,607,1,24,24,24,24,19
279,39,6,ShrubSorrel_02_Translucent,608,1,6,6,6,6,4
280,40,0,ShrubSorrel_04_Translucent,609,1,213,213,213,213,117
281,40,1,ShrubSorrel_04_Translucent,610,1,105,105,105,105,64
282,40,2,ShrubSorrel_04_Translucent,611,1,51,51,51,51,31
283,40,3,ShrubSorrel_04_Translucent,612,1,24,24,24,24,16
284,40,4,ShrubSorrel_04_Translucent,613,1,12,12,12,12,8
285,40,5,ShrubSorrel_04_Translucent,614,1,6,6,6,6,4
286,40,6,ShrubSorrel_04_Translucent,615,1,3,3,3,3,3
287,41,0,Nettle_03_Translucent,616,1,10776,10776,10776,10776,6035
288,41,1,Nettle_03_Translucent,617,1,5388,5388,5388,5388,3027
289,41,2,Nettle_03_Translucent,618,1,2691,2691,2691,2691,1603
290,41,3,Nettle_03_Translucent,619,1,1293,1293,1293,1293,789
291,41,4,Nettle_03_Translucent,620,1,642,642,642,642,393
292,41,5,Nettle_03_Translucent,621,1,321,321,321,321,211
293,41,6,Nettle_03_Translucent,622,1,102,102,102,102,93
294,42,0,Nettle_02_Translucent,623,1,16992,16992,16992,16992,9430
295,42,1,Nettle_02_Translucent,624,1,8496,8496,8496,8496,4848
296,42,2,Nettle_02_Translucent,625,1,4245,4245,4245,4245,2371
297,42,3,Nettle_02_Translucent,626,1,2034,2034,2034,2034,1183
298,42,4,Nettle_02_Translucent,627,1,1017,1017,1017,1017,605
299,42,5,Nettle_02_Translucent,628,1,504,504,504,504,348
300,42,6,Nettle_02_Translucent,629,1,168,168,168,168,143
301,43,0,Nettle_06_Translucent,630,1,24240,24240,24240,24240,13313
302,43,1,Nettle_06_Translucent,631,1,12120,12120,12120,12120,6881
303,43,2,Nettle_06_Translucent,632,1,6057,6057,6057,6057,3480
304,43,3,Nettle_06_Translucent,633,1,2907,2907,2907,2907,1713
305,43,4,Nettle_06_Translucent,634,1,1452,1452,1452,1452,853
306,43,5,Nettle_06_Translucent,635,1,723,723,723,723,497
307,43,6,Nettle_06_Translucent,636,1,240,240,240,240,215
308,44,0,Nettle_01_Translucent,637,1,17688,17688,17688,17688,9717
309,44,1,Nettle_01_Translucent,638,1,8841,8841,8841,8841,5020
310,44,2,Nettle_01_Translucent,639,1,4422,4422,4422,4422,2513
311,44,3,Nettle_01_Translucent,640,1,2121,2121,2121,2121,1215
312,44,4,Nettle_01_Translucent,641,1,1059,1059,1059,1059,604
313,44,5,Nettle_01_Translucent,642,1,528,528,528,528,335
314,44,6,Nettle_01_Translucent,643,1,162,162,162,162,156
315,45,0,Nettle_04_Translucent,644,1,3264,3264,3264,3264,1743
316,45,1,Nettle_04_Translucent,645,1,1629,1629,1629,1629,900
317,45,2,Nettle_04_Translucent,646,1,813,813,813,813,451
318,45,3,Nettle_04_Translucent,647,1,390,390,390,390,227
319,45,4,Nettle_04_Translucent,648,1,195,195,195,195,116
320,45,5,Nettle_04_Translucent,649,1,96,96,96,96,69
321,45,6,Nettle_04_Translucent,650,1,30,30,30,30,30
322,46,0,Nettle_05_Translucent,651,1,20952,20952,20952,20952,11411
323,46,1,Nettle_05_Translucent,652,1,10473,10473,10473,10473,5892
324,46,2,Nettle_05_Translucent,653,1,5235,5235,5235,5235,2971
325,46,3,Nettle_05_Translucent,654,1,2511,2511,2511,2511,1469
326,46,4,Nettle_05_Translucent,655,1,1254,1254,1254,1254,721
327,46,5,Nettle_05_Translucent,656,1,624,624,624,624,393
328,46,6,Nettle_05_Translucent,657,1,207,207,207,207,187
329,47,0,Anthurium_05_Translucent,658,1,22992,22992,22992,22992,12535
330,47,1,Anthurium_05_Translucent,659,1,11493,11493,11493,11493,6505
331,47,2,Anthurium_05_Translucent,660,1,5748,5748,5748,5748,3257
332,47,3,Anthurium_05_Translucent,661,1,2754,2754,2754,2754,1588
333,47,4,Anthurium_05_Translucent,662,1,1377,1377,1377,1377,789
334,47,5,Anthurium_05_Translucent,663,1,687,687,687,687,423
335,47,6,Anthurium_05_Translucent,664,1,225,225,225,225,149
336,48,0,Anthurium_02_Translucent,665,1,46632,46632,46632,46632,25380
337,48,1,Anthurium_02_Translucent,666,1,23316,23316,23316,23316,13388
338,48,2,Anthurium_02_Translucent,667,1,11655,11655,11655,11655,6649
339,48,3,Anthurium_02_Translucent,668,1,5595,5595,5595,5595,3156
340,48,4,Anthurium_02_Translucent,669,1,2796,2796,2796,2796,1594
341,48,5,Anthurium_02_Translucent,670,1,1398,1398,1398,1398,816
342,48,6,Anthurium_02_Translucent,671,1,465,465,465,465,261
343,49,0,Anthurium_04_Translucent,672,1,31080,31080,31080,31080,16819
344,49,1,Anthurium_04_Translucent,673,1,15540,15540,15540,15540,8963
345,49,2,Anthurium_04_Translucent,674,1,7767,7767,7767,7767,4515
346,49,3,Anthurium_04_Translucent,675,1,3726,3726,3726,3726,2124
347,49,4,Anthurium_04_Translucent,676,1,1863,1863,1863,1863,1053
348,49,5,Anthurium_04_Translucent,677,1,930,930,930,930,520
349,49,6,Anthurium_04_Translucent,678,1,306,306,306,306,175
350,50,0,Anthurium_03_Translucent,679,1,27216,27216,27216,27216,14959
351,50,1,Anthurium_03_Translucent,680,1,13608,13608,13608,13608,7700
352,50,2,Anthurium_03_Translucent,681,1,6804,6804,6804,6804,3917
353,50,3,Anthurium_03_Translucent,682,1,3261,3261,3261,3261,1875
354,50,4,Anthurium_03_Translucent,683,1,1629,1629,1629,1629,929
355,50,5,Anthurium_03_Translucent,684,1,816,816,816,816,494
356,50,6,Anthurium_03_Translucent,685,1,267,267,267,267,162
357,51,0,Anthurium_06_Translucent,686,1,26112,26112,26112,26112,14028
358,51,1,Anthurium_06_Translucent,687,1,13053,13053,13053,13053,7443
359,51,2,Anthurium_06_Translucent,688,1,6528,6528,6528,6528,3737
360,51,3,Anthurium_06_Translucent,689,1,3129,3129,3129,3129,1749
361,51,4,Anthurium_06_Translucent,690,1,1563,1563,1563,1563,906
362,51,5,Anthurium_06_Translucent,691,1,780,780,780,780,463
363,51,6,Anthurium_06_Translucent,692,1,261,261,261,261,152
364,52,0,Anthurium_01_Translucent,693,1,47424,47424,47424,47424,26099
365,52,1,Anthurium_01_Translucent,694,1,23712,23712,23712,23712,13377
366,52,2,Anthurium_01_Translucent,695,1,11856,11856,11856,11856,6699
367,52,3,Anthurium_01_Translucent,696,1,5688,5688,5688,5688,3248
368,52,4,Anthurium_01_Translucent,697,1,2844,2844,2844,2844,1619
369,52,5,Anthurium_01_Translucent,698,1,1419,1419,1419,1419,825
370,52,6,Anthurium_01_Translucent,699,1,474,474,474,474,291
371,53,0,M_4x4_03,700,1,249696,0,0,0,209768
372,53,1,M_4x4_03,701,1,124848,0,0,0,114124
373,53,2,M_4x4_03,702,1,62424,0,0,62424,58415
374,53,3,M_4x4_03,703,1,29958,0,0,29958,26904
375,53,4,M_4x4_03,704,1,14976,0,0,14976,13010
376,53,5,M_4x4_03,705,1,7488,0,0,7488,6451
377,53,6,M_4x4_03,706,1,2496,0,0,2496,2484
378,54,0,M_4x4_01,707,1,249696,0,0,0,209241
379,54,1,M_4x4_01,708,1,124848,0,0,0,112266
380,54,2,M_4x4_01,709,1,62424,0,0,62424,57831
381,54,3,M_4x4_01,710,1,29958,0,0,29958,27344
382,54,4,M_4x4_01,711,1,14976,0,0,14976,13140
383,54,5,M_4x4_01,712,1,7488,0,0,7488,6564
384,54,6,M_4x4_01,713,1,2526,0,0,2526,2596
385,55,0,M_4x4_02,714,1,249696,0,0,0,210911
386,55,1,M_4x4_02,715,1,124848,0,0,0,112936
387,55,2,M_4x4_02,716,1,62424,0,0,62424,57901
388,55,3,M_4x4_02,717,1,29958,0,0,29958,27138
389,55,4,M_4x4_02,718,1,14976,0,0,14976,13205
390,55,5,M_4x4_02,719,1,7488,0,0,7488,6628
391,55,6,M_4x4_02,720,1,2496,0,0,2496,2511
392,56,0,M_4x4_04,721,1,249696,0,0,0,209345
393,56,1,M_4x4_04,722,1,124848,0,0,0,114202
394,56,2,M_4x4_04,723,1,62424,0,0,62424,58176
395,56,3,M_4x4_04,724,1,29958,0,0,29958,26863
396,56,4,M_4x4_04,725,1,14976,0,0,14976,12985
397,56,5,M_4x4_04,726,1,7488,0,0,7488,6527
398,56,6,M_4x4_04,727,1,2496,0,0,2496,2513
399,57,0,M_3x4_03,728,1,249696,0,0,0,209048
400,57,1,M_3x4_03,729,1,124848,0,0,0,115002
401,57,2,M_3x4_03,730,1,62424,0,0,62424,57803
402,57,3,M_3x4_03,731,1,29958,0,0,29958,26949
403,57,4,M_3x4_03,732,1,14976,0,0,14976,13090
404,57,5,M_3x4_03,733,1,7488,0,0,7488,6458
405,57,6,M_3x4_03,734,1,2496,0,0,2496,2418
406,58,0,M_3x4_01,735,1,249696,0,0,0,208814
407,58,1,M_3x4_01,736,1,124848,0,0,0,112919
408,58,2,M_3x4_01,737,1,62424,0,0,62424,58513
409,58,3,M_3x4_01,738,1,29958,0,0,29958,27079
410,58,4,M_3x4_01,739,1,14976,0,0,14976,12957
411,58,5,M_3x4_01,740,1,7488,0,0,7488,6410
412,58,6,M_3x4_01,741,1,2502,0,0,2502,2402
413,59,0,M_3x4_02,742,1,249696,0,0,0,209168
414,59,1,M_3x4_02,743,1,124848,0,0,0,112014
415,59,2,M_3x4_02,744,1,62424,0,0,62424,58250
416,59,3,M_3x4_02,745,1,29958,0,0,29958,27379
417,59,4,M_3x4_02,746,1,14976,0,0,14976,13111
418,59,5,M_3x4_02,747,1,7488,0,0,7488,6438
419,59,6,M_3x4_02,748,1,2502,0,0,2502,2475
420,60,0,M_3x4_04,749,1,249696,0,0,0,209135
421,60,1,M_3x4_04,750,1,124848,0,0,0,115521
422,60,2,M_3x4_04,751,1,62424,0,0,62424,58267
423,60,3,M_3x4_04,752,1,29958,0,0,29958,26837
424,60,4,M_3x4_04,753,1,14976,0,0,14976,12861
425,60,5,M_3x4_04,754,1,7488,0,0,7488,6443
426,60,6,M_3x4_04,755,1,2496,0,0,2496,2493
427,61,0,M_4x3_03,756,1,249696,0,0,0,210248
428,61,1,M_4x3_03,757,1,124848,0,0,0,112973
429,61,2,M_4x3_03,758,1,62424,0,0,62424,57164
430,61,3,M_4x3_03,759,1,29958,0,0,29958,27152
431,61,4,M_4x3_03,760,1,14976,0,0,14976,13308
432,61,5,M_4x3_03,761,1,7488,0,0,7488,6498
433,61,6,M_4x3_03,762,1,2496,0,0,2496,2526
434,62,0,M_4x3_01,763,1,249696,0,0,0,210145
435,62,1,M_4x3_01,764,1,124848,0,0,0,113511
436,62,2,M_4x3_01,765,1,62424,0,0,62424,57859
437,62,3,M_4x3_01,766,1,29958,0,0,29958,27020
438,62,4,M_4x3_01,767,1,14976,0,0,14976,13013
439,62,5,M_4x3_01,768,1,7488,0,0,7488,6445
440,62,6,M_4x3_01,769,1,2496,0,0,2496,2517
441,63,0,M_4x3_02,770,1,249696,0,0,0,209492
442,63,1,M_4x3_02,771,1,124848,0,0,0,114244
443,63,2,M_4x3_02,772,1,62424,0,0,62424,58301
444,63,3,M_4x3_02,773,1,29958,0,0,29958,26900
445,63,4,M_4x3_02,774,1,14976,0,0,14976,13160
446,63,5,M_4x3_02,775,1,7488,0,0,7488,6419
447,63,6,M_4x3_02,776,1,2496,0,0,2496,2481
448,64,0,M_3x3_04,777,1,249696,0,0,0,209939
449,64,1,M_3x3_04,778,1,124848,0,0,0,114487
450,64,2,M_3x3_04,779,1,62424,0,0,62424,58474
451,64,3,M_3x3_04,780,1,29958,0,0,29958,26912
452,64,4,M_3x3_04,781,1,14976,0,0,14976,13002
453,64,5,M_3x3_04,782,1,7488,0,0,7488,6420
454,64,6,M_3x3_04,783,1,2496,0,0,2496,2510
455,65,0,M_3x3_03,784,1,249696,0,0,0,209600
456,65,1,M_3x3_03,785,1,124848,0,0,0,111141
457,65,2,M_3x3_03,786,1,62424,0,0,62424,57521
458,65,3,M_3x3_03,787,1,29958,0,0,29958,27575
459,65,4,M_3x3_03,788,1,14976,0,0,14976,13232
460,65,5,M_3x3_03,789,1,7488,0,0,7488,6500
461,65,6,M_3x3_03,790,1,2496,0,0,2496,2482
462,66,0,M_3x3_01,791,1,249696,0,0,0,209753
463,66,1,M_3x3_01,792,1,124848,0,0,0,114774
464,66,2,M_3x3_01,793,1,62424,0,0,62424,58570
465,66,3,M_3x3_01,794,1,29958,0,0,29958,26882
466,66,4,M_3x3_01,795,1,14976,0,0,14976,12985
467,66,5,M_3x3_01,796,1,7488,0,0,7488,6398
468,66,6,M_3x3_01,797,1,2496,0,0,2496,2444
469,67,0,M_3x3_02,798,1,249696,0,0,0,209327
470,67,1,M_3x3_02,799,1,124848,0,0,0,114398
471,67,2,M_3x3_02,800,1,62424,0,0,62424,57991
472,67,3,M_3x3_02,801,1,29958,0,0,29958,26915
473,67,4,M_3x3_02,802,1,14976,0,0,14976,12966
474,67,5,M_3x3_02,803,1,7488,0,0,7488,6494
475,67,6,M_3x3_02,804,1,2496,0,0,2496,2505
476,68,0,M_4x3_04,805,1,249696,0,0,0,208808
477,68,1,M_4x3_04,806,1,124848,0,0,0,112779
478,68,2,M_4x3_04,807,1,62424,0,0,62424,58575
479,68,3,M_4x3_04,808,1,29958,0,0,29958,27165
480,68,4,M_4x3_04,809,1,14976,0,0,14976,13114
481,68,5,M_4x3_04,810,1,7488,0,0,7488,6366
482,68,6,M_4x3_04,811,1,2514,0,0,2514,2522
483,69,0,E_X2_Y5_43,812,1,244824,0,0,0,204925
484,69,1,E_X2_Y5_43,813,1,122412,0,0,0,112337
485,69,2,E_X2_Y5_43,814,1,61206,0,0,61206,56982
486,69,3,E_X2_Y5_43,815,1,29376,0,0,29376,26272
487,69,4,E_X2_Y5_43,816,1,14688,0,0,14688,12670
488,69,5,E_X2_Y5_43,817,1,7344,0,0,7344,6322
489,69,6,E_X2_Y5_43,818,1,2448,0,0,2448,2547
490,70,0,E_X1_Y5_42,819,1,244824,0,0,0,205219
491,70,1,E_X1_Y5_42,820,1,122412,0,0,0,112113
492,70,2,E_X1_Y5_42,821,1,61206,0,0,61206,56848
493,70,3,E_X1_Y5_42,822,1,29376,0,0,29376,26632
494,70,4,E_X1_Y5_42,823,1,14688,0,0,14688,12887
495,70,5,E_X1_Y5_42,824,1,7344,0,0,7344,6435
496,70,6,E_X1_Y5_42,825,1,2448,0,0,2448,2536
497,71,0,E_X0_Y5_41,826,1,244824,0,0,0,205948
498,71,1,E_X0_Y5_41,827,1,122412,0,0,0,111919
499,71,2,E_X0_Y5_41,828,1,61206,0,0,61206,56733
500,71,3,E_X0_Y5_41,829,1,29376,0,0,29376,26462
501,71,4,E_X0_Y5_41,830,1,14688,0,0,14688,12870
502,71,5,E_X0_Y5_41,831,1,7344,0,0,7344,6488
503,71,6,E_X0_Y5_41,832,1,2448,0,0,2448,2571
504,72,0,E_X0_Y4_33,833,1,244824,0,0,0,205048
505,72,1,E_X0_Y4_33,834,1,122412,0,0,0,110543
506,72,2,E_X0_Y4_33,835,1,61206,0,0,61206,56346
507,72,3,E_X0_Y4_33,836,1,29376,0,0,29376,26942
508,72,4,E_X0_Y4_33,837,1,14688,0,0,14688,13044
509,72,5,E_X0_Y4_33,838,1,7344,0,0,7344,6525
510,72,6,E_X0_Y4_33,839,1,2472,0,0,2472,2690
511,73,0,E_X1_Y4_34,840,1,244824,0,0,0,205306
512,73,1,E_X1_Y4_34,841,1,122412,0,0,0,111620
513,73,2,E_X1_Y4_34,842,1,61206,0,0,61206,55913
514,73,3,E_X1_Y4_34,843,1,29376,0,0,29376,26893
515,73,4,E_X1_Y4_34,844,1,14688,0,0,14688,13152
516,73,5,E_X1_Y4_34,845,1,7344,0,0,7344,6563
517,73,6,E_X1_Y4_34,846,1,2454,0,0,2454,2618
518,74,0,E_X2_Y4_35,847,1,244824,0,0,0,205711
519,74,1,E_X2_Y4_35,848,1,122412,0,0,0,111098
520,74,2,E_X2_Y4_35,849,1,61206,0,0,61206,55365
521,74,3,E_X2_Y4_35,850,1,29376,0,0,29376,26844
522,74,4,E_X2_Y4_35,851,1,14688,0,0,14688,13018
523,74,5,E_X2_Y4_35,852,1,7344,0,0,7344,6364
524,74,6,E_X2_Y4_35,853,1,2460,0,0,2460,2511
525,75,0,E_X5_Y4_38,854,1,244824,0,0,0,205258
526,75,1,E_X5_Y4_38,855,1,122412,0,0,0,111193
527,75,2,E_X5_Y4_38,856,1,61206,0,0,61206,56312
528,75,3,E_X5_Y4_38,857,1,29376,0,0,29376,26729
529,75,4,E_X5_Y4_38,858,1,14688,0,0,14688,12946
530,75,5,E_X5_Y4_38,859,1,7344,0,0,7344,6411
531,75,6,E_X5_Y4_38,860,1,2460,0,0,2460,2632
532,76,0,E_X6_Y4_39,861,1,244824,0,0,0,205024
533,76,1,E_X6_Y4_39,862,1,122412,0,0,0,110484
534,76,2,E_X6_Y4_39,863,1,61206,0,0,61206,55948
535,76,3,E_X6_Y4_39,864,1,29376,0,0,29376,26938
536,76,4,E_X6_Y4_39,865,1,14688,0,0,14688,13113
537,76,5,E_X6_Y4_39,866,1,7344,0,0,7344,6530
538,76,6,E_X6_Y4_39,867,1,2466,0,0,2466,2594
539,77,0,E_X7_Y4_40,868,1,244824,0,0,0,205408
540,77,1,E_X7_Y4_40,869,1,122412,0,0,0,112403
541,77,2,E_X7_Y4_40,870,1,61206,0,0,61206,56709
542,77,3,E_X7_Y4_40,871,1,29376,0,0,29376,26668
543,77,4,E_X7_Y4_40,872,1,14688,0,0,14688,13040
544,77,5,E_X7_Y4_40,873,1,7344,0,0,7344,6563
545,77,6,E_X7_Y4_40,874,1,2454,0,0,2454,2710
546,78,0,E_X7_Y3_32,875,1,244824,0,0,0,206957
547,78,1,E_X7_Y3_32,876,1,122412,0,0,0,111791
548,78,2,E_X7_Y3_32,877,1,61206,0,0,61206,56140
549,78,3,E_X7_Y3_32,878,1,29376,0,0,29376,26875
550,78,4,E_X7_Y3_32,879,1,14688,0,0,14688,13186
551,78,5,E_X7_Y3_32,880,1,7344,0,0,7344,6519
552,78,6,E_X7_Y3_32,881,1,2454,0,0,2454,2675
553,79,0,E_X6_Y3_31,882,1,244824,0,0,0,204919
554,79,1,E_X6_Y3_31,883,1,122412,0,0,0,111780
555,79,2,E_X6_Y3_31,884,1,61206,0,0,61206,55921
556,79,3,E_X6_Y3_31,885,1,29376,0,0,29376,26772
557,79,4,E_X6_Y3_31,886,1,14688,0,0,14688,12903
558,79,5,E_X6_Y3_31,887,1,7344,0,0,7344,6418
559,79,6,E_X6_Y3_31,888,1,2448,0,0,2448,2587
560,80,0,E_X5_Y3_30,889,1,244824,0,0,0,205210
561,80,1,E_X5_Y3_30,890,1,122412,0,0,0,111443
562,80,2,E_X5_Y3_30,891,1,61206,0,0,61206,55757
563,80,3,E_X5_Y3_30,892,1,29376,0,0,29376,26786
564,80,4,E_X5_Y3_30,893,1,14688,0,0,14688,13174
565,80,5,E_X5_Y3_30,894,1,7344,0,0,7344,6508
566,80,6,E_X5_Y3_30,895,1,2448,0,0,2448,2647
567,81,0,E_X2_Y3_27,896,1,244824,0,0,0,205378
568,81,1,E_X2_Y3_27,897,1,122412,0,0,0,111486
569,81,2,E_X2_Y3_27,898,1,61206,0,0,61206,56700
570,81,3,E_X2_Y3_27,899,1,29376,0,0,29376,26785
571,81,4,E_X2_Y3_27,900,1,14688,0,0,14688,12968
572,81,5,E_X2_Y3_27,901,1,7344,0,0,7344,6458
573,81,6,E_X2_Y3_27,902,1,2454,0,0,2454,2582
574,82,0,E_X1_Y3_26,903,1,244824,0,0,0,204979
575,82,1,E_X1_Y3_26,904,1,122412,0,0,0,111035
576,82,2,E_X1_Y3_26,905,1,61206,0,0,61206,56843
577,82,3,E_X1_Y3_26,906,1,29376,0,0,29376,26920
578,82,4,E_X1_Y3_26,907,1,14688,0,0,14688,12973
579,82,5,E_X1_Y3_26,908,1,7344,0,0,7344,6460
580,82,6,E_X1_Y3_26,909,1,2454,0,0,2454,2547
581,83,0,E_X0_Y3_25,910,1,244824,0,0,0,205456
582,83,1,E_X0_Y3_25,911,1,122412,0,0,0,112076
583,83,2,E_X0_Y3_25,912,1,61206,0,0,61206,55694
584,83,3,E_X0_Y3_25,913,1,29376,0,0,29376,26634
585,83,4,E_X0_Y3_25,914,1,14688,0,0,14688,13113
586,83,5,E_X0_Y3_25,915,1,7344,0,0,7344,6549
587,83,6,E_X0_Y3_25,916,1,2454,0,0,2454,2707
588,84,0,E_X0_Y2_17,917,1,244824,0,0,0,205699
589,84,1,E_X0_Y2_17,918,1,122412,0,0,0,112786
590,84,2,E_X0_Y2_17,919,1,61206,0,0,61206,56645
591,84,3,E_X0_Y2_17,920,1,29376,0,0,29376,26532
592,84,4,E_X0_Y2_17,921,1,14688,0,0,14688,12968
593,84,5,E_X0_Y2_17,922,1,7344,0,0,7344,6500
594,84,6,E_X0_Y2_17,923,1,2448,0,0,2448,2626
595,85,0,E_X1_Y2_18,924,1,244824,0,0,0,204949
596,85,1,E_X1_Y2_18,925,1,122412,0,0,0,111895
597,85,2,E_X1_Y2_18,926,1,61206,0,0,61206,56518
598,85,3,E_X1_Y2_18,927,1,29376,0,0,29376,26547
599,85,4,E_X1_Y2_18,928,1,14688,0,0,14688,12703
600,85,5,E_X1_Y2_18,929,1,7344,0,0,7344,6283
601,85,6,E_X1_Y2_18,930,1,2472,0,0,2472,2459
602,86,0,E_X2_Y2_19,931,1,244824,0,0,0,205027
603,86,1,E_X2_Y2_19,932,1,122412,0,0,0,112456
604,86,2,E_X2_Y2_19,933,1,61206,0,0,61206,56960
605,86,3,E_X2_Y2_19,934,1,29376,0,0,29376,26560
606,86,4,E_X2_Y2_19,935,1,14688,0,0,14688,12821
607,86,5,E_X2_Y2_19,936,1,7344,0,0,7344,6451
608,86,6,E_X2_Y2_19,937,1,2460,0,0,2460,2601
609,87,0,E_X3_Y2_20,938,1,244824,0,0,0,204757
610,87,1,E_X3_Y2_20,939,1,122412,0,0,0,112595
611,87,2,E_X3_Y2_20,940,1,61206,0,0,61206,56749
612,87,3,E_X3_Y2_20,941,1,29376,0,0,29376,26517
613,87,4,E_X3_Y2_20,942,1,14688,0,0,14688,12773
614,87,5,E_X3_Y2_20,943,1,7344,0,0,7344,6444
615,87,6,E_X3_Y2_20,944,1,2454,0,0,2454,2587
616,88,0,E_X4_Y2_21,945,1,244824,0,0,0,205420
617,88,1,E_X4_Y2_21,946,1,122412,0,0,0,112071
618,88,2,E_X4_Y2_21,947,1,61206,0,0,61206,57152
619,88,3,E_X4_Y2_21,948,1,29376,0,0,29376,26853
620,88,4,E_X4_Y2_21,949,1,14688,0,0,14688,13113
621,88,5,E_X4_Y2_21,950,1,7344,0,0,7344,6488
622,88,6,E_X4_Y2_21,951,1,2448,0,0,2448,2603
623,89,0,E_X5_Y2_22,952,1,244824,0,0,0,205903
624,89,1,E_X5_Y2_22,953,1,122412,0,0,0,111659
625,89,2,E_X5_Y2_22,954,1,61206,0,0,61206,56758
626,89,3,E_X5_Y2_22,955,1,29376,0,0,29376,26649
627,89,4,E_X5_Y2_22,956,1,14688,0,0,14688,12957
628,89,5,E_X5_Y2_22,957,1,7344,0,0,7344,6393
629,89,6,E_X5_Y2_22,958,1,2454,0,0,2454,2499
630,90,0,E_X6_Y2_23,959,1,244824,0,0,0,205834
631,90,1,E_X6_Y2_23,960,1,122412,0,0,0,111072
632,90,2,E_X6_Y2_23,961,1,61206,0,0,61206,55703
633,90,3,E_X6_Y2_23,962,1,29376,0,0,29376,26828
634,90,4,E_X6_Y2_23,963,1,14688,0,0,14688,13034
635,90,5,E_X6_Y2_23,964,1,7344,0,0,7344,6432
636,90,6,E_X6_Y2_23,965,1,2454,0,0,2454,2554
637,91,0,E_X7_Y2_24,966,1,244824,0,0,0,205084
638,91,1,E_X7_Y2_24,967,1,122412,0,0,0,112592
639,91,2,E_X7_Y2_24,968,1,61206,0,0,61206,56132
640,91,3,E_X7_Y2_24,969,1,29376,0,0,29376,26345
641,91,4,E_X7_Y2_24,970,1,14688,0,0,14688,12983
642,91,5,E_X7_Y2_24,971,1,7344,0,0,7344,6585
643,91,6,E_X7_Y2_24,972,1,2448,0,0,2448,2647
644,92,0,E_X0_Y1_9,973,1,244824,0,0,0,205129
645,92,1,E_X0_Y1_9,974,1,122412,0,0,0,112005
646,92,2,E_X0_Y1_9,975,1,61206,0,0,61206,56483
647,92,3,E_X0_Y1_9,976,1,29376,0,0,29376,26641
648,92,4,E_X0_Y1_9,977,1,14688,0,0,14688,12936
649,92,5,E_X0_Y1_9,978,1,7344,0,0,7344,6459
650,92,6,E_X0_Y1_9,979,1,2454,0,0,2454,2521
651,93,0,E_X1_Y1_10,980,1,244824,0,0,0,205192
652,93,1,E_X1_Y1_10,981,1,122412,0,0,0,112208
653,93,2,E_X1_Y1_10,982,1,61206,0,0,61206,56835
654,93,3,E_X1_Y1_10,983,1,29376,0,0,29376,26733
655,93,4,E_X1_Y1_10,984,1,14688,0,0,14688,12906
656,93,5,E_X1_Y1_10,985,1,7344,0,0,7344,6421
657,93,6,E_X1_Y1_10,986,1,2454,0,0,2454,2543
658,94,0,E_X2_Y1_11,987,1,244824,0,0,0,204817
659,94,1,E_X2_Y1_11,988,1,122412,0,0,0,112235
660,94,2,E_X2_Y1_11,989,1,61206,0,0,61206,57048
661,94,3,E_X2_Y1_11,990,1,29376,0,0,29376,26711
662,94,4,E_X2_Y1_11,991,1,14688,0,0,14688,12843
663,94,5,E_X2_Y1_11,992,1,7344,0,0,7344,6338
664,94,6,E_X2_Y1_11,993,1,2448,0,0,2448,2525
665,95,0,E_X3_Y1_12,994,1,244824,0,0,0,204655
666,95,1,E_X3_Y1_12,995,1,122412,0,0,0,112171
667,95,2,E_X3_Y1_12,996,1,61206,0,0,61206,57010
668,95,3,E_X3_Y1_12,997,1,29376,0,0,29376,26651
669,95,4,E_X3_Y1_12,998,1,14688,0,0,14688,12922
670,95,5,E_X3_Y1_12,999,1,7344,0,0,7344,6478
671,95,6,E_X3_Y1_12,1000,1,2460,0,0,2460,2586
672,96,0,E_X4_Y1_13,1001,1,244824,0,0,0,205183
673,96,1,E_X4_Y1_13,1002,1,122412,0,0,0,109824
674,96,2,E_X4_Y1_13,1003,1,61206,0,0,61206,57017
675,96,3,E_X4_Y1_13,1004,1,29376,0,0,29376,27115
676,96,4,E_X4_Y1_13,1005,1,14688,0,0,14688,13179
677,96,5,E_X4_Y1_13,1006,1,7344,0,0,7344,6543
678,96,6,E_X4_Y1_13,1007,1,2460,0,0,2460,2591
679,97,0,E_X5_Y1_14,1008,1,244824,0,0,0,204919
680,97,1,E_X5_Y1_14,1009,1,122412,0,0,0,112006
681,97,2,E_X5_Y1_14,1010,1,61206,0,0,61206,56563
682,97,3,E_X5_Y1_14,1011,1,29376,0,0,29376,26240
683,97,4,E_X5_Y1_14,1012,1,14688,0,0,14688,12614
684,97,5,E_X5_Y1_14,1013,1,7344,0,0,7344,6342
685,97,6,E_X5_Y1_14,1014,1,2448,0,0,2448,2495
686,98,0,E_X6_Y1_15,1015,1,244824,0,0,0,205390
687,98,1,E_X6_Y1_15,1016,1,122412,0,0,0,112171
688,98,2,E_X6_Y1_15,1017,1,61206,0,0,61206,57106
689,98,3,E_X6_Y1_15,1018,1,29376,0,0,29376,26731
690,98,4,E_X6_Y1_15,1019,1,14688,0,0,14688,12752
691,98,5,E_X6_Y1_15,1020,1,7344,0,0,7344,6382
692,98,6,E_X6_Y1_15,1021,1,2448,0,0,2448,2579
693,99,0,E_X7_Y1_16,1022,1,244824,0,0,0,206107
694,99,1,E_X7_Y1_16,1023,1,122412,0,0,0,112877
695,99,2,E_X7_Y1_16,1024,1,61206,0,0,61206,57492
696,99,3,E_X7_Y1_16,1025,1,29376,0,0,29376,26415
697,99,4,E_X7_Y1_16,1026,1,14688,0,0,14688,12761
698,99,5,E_X7_Y1_16,1027,1,7344,0,0,7344,6499
699,99,6,E_X7_Y1_16,1028,1,2448,0,0,2448,2618
700,100,0,E_X7_Y0_8,1029,1,244824,0,0,0,205258
701,100,1,E_X7_Y0_8,1030,1,122412,0,0,0,113358
702,100,2,E_X7_Y0_8,1031,1,61206,0,0,61206,57350
703,100,3,E_X7_Y0_8,1032,1,29376,0,0,29376,26606
704,100,4,E_X7_Y0_8,1033,1,14688,0,0,14688,12806
705,100,5,E_X7_Y0_8,1034,1,7344,0,0,7344,6526
706,100,6,E_X7_Y0_8,1035,1,2448,0,0,2448,2679
707,101,0,E_X6_Y0_7,1036,1,244824,0,0,0,206675
708,101,1,E_X6_Y0_7,1037,1,122412,0,0,0,111421
709,101,2,E_X6_Y0_7,1038,1,61206,0,0,61206,57387
710,101,3,E_X6_Y0_7,1039,1,29376,0,0,29376,26574
711,101,4,E_X6_Y0_7,1040,1,14688,0,0,14688,12740
712,101,5,E_X6_Y0_7,1041,1,7344,0,0,7344,6346
713,101,6,E_X6_Y0_7,1042,1,2448,0,0,2448,2529
714,102,0,E_X5_Y0_6,1043,1,244824,0,0,0,205141
715,102,1,E_X5_Y0_6,1044,1,122412,0,0,0,111853
716,102,2,E_X5_Y0_6,1045,1,61206,0,0,61206,56822
717,102,3,E_X5_Y0_6,1046,1,29376,0,0,29376,26743
718,102,4,E_X5_Y0_6,1047,1,14688,0,0,14688,12923
719,102,5,E_X5_Y0_6,1048,1,7344,0,0,7344,6518
720,102,6,E_X5_Y0_6,1049,1,2448,0,0,2448,2657
721,103,0,E_X4_Y0_5,1050,1,244824,0,0,0,205051
722,103,1,E_X4_Y0_5,1051,1,122412,0,0,0,110753
723,103,2,E_X4_Y0_5,1052,1,61206,0,0,61206,56947
724,103,3,E_X4_Y0_5,1053,1,29376,0,0,29376,26758
725,103,4,E_X4_Y0_5,1054,1,14688,0,0,14688,12956
726,103,5,E_X4_Y0_5,1055,1,7344,0,0,7344,6580
727,103,6,E_X4_Y0_5,1056,1,2460,0,0,2460,2665
728,104,0,E_X3_Y0_4,1057,1,244824,0,0,0,205399
729,104,1,E_X3_Y0_4,1058,1,122412,0,0,0,110493
730,104,2,E_X3_Y0_4,1059,1,61206,0,0,61206,56611
731,104,3,E_X3_Y0_4,1060,1,29376,0,0,29376,26797
732,104,4,E_X3_Y0_4,1061,1,14688,0,0,14688,13098
733,104,5,E_X3_Y0_4,1062,1,7344,0,0,7344,6459
734,104,6,E_X3_Y0_4,1063,1,2448,0,0,2448,2582
735,105,0,E_X2_Y0_3,1064,1,244824,0,0,0,204661
736,105,1,E_X2_Y0_3,1065,1,122412,0,0,0,112815
737,105,2,E_X2_Y0_3,1066,1,61206,0,0,61206,57246
738,105,3,E_X2_Y0_3,1067,1,29376,0,0,29376,26627
739,105,4,E_X2_Y0_3,1068,1,14688,0,0,14688,12936
740,105,5,E_X2_Y0_3,1069,1,7344,0,0,7344,6477
741,105,6,E_X2_Y0_3,1070,1,2466,0,0,2466,2589
742,106,0,E_X1_Y0_2,1071,1,244824,0,0,0,205117
743,106,1,E_X1_Y0_2,1072,1,122412,0,0,0,111736
744,106,2,E_X1_Y0_2,1073,1,61206,0,0,61206,56604
745,106,3,E_X1_Y0_2,1074,1,29376,0,0,29376,26644
746,106,4,E_X1_Y0_2,1075,1,14688,0,0,14688,12896
747,106,5,E_X1_Y0_2,1076,1,7344,0,0,7344,6483
748,106,6,E_X1_Y0_2,1077,1,2448,0,0,2448,2620
749,107,0,E_X0_Y0_1,1078,1,244824,0,0,0,204949
750,107,1,E_X0_Y0_1,1079,1,122412,0,0,0,112287
751,107,2,E_X0_Y0_1,1080,1,61206,0,0,61206,56639
752,107,3,E_X0_Y0_1,1081,1,29376,0,0,29376,26587
753,107,4,E_X0_Y0_1,1082,1,14688,0,0,14688,13007
754,107,5,E_X0_Y0_1,1083,1,7344,0,0,7344,6559
755,107,6,E_X0_Y0_1,1084,1,2454,0,0,2454,2746
756,108,0,E_X4_Y4_37,1085,1,734472,0,0,0,617454
757,108,1,E_X4_Y4_37,1086,1,367236,0,0,0,331919
758,108,2,E_X4_Y4_37,1087,1,183618,0,0,0,169940
759,108,3,E_X4_Y4_37,1088,1,88134,0,0,88134,80479
760,108,4,E_X4_Y4_37,1089,1,44064,0,0,44064,38898
761,108,5,E_X4_Y4_37,1090,1,22032,0,0,22032,19116
762,108,6,E_X4_Y4_37,1091,1,7344,0,0,7344,6982
763,109,0,E_X3_Y4_36,1092,1,734472,0,0,0,616676
764,109,1,E_X3_Y4_36,1093,1,367236,0,0,0,334149
765,109,2,E_X3_Y4_36,1094,1,183618,0,0,0,170390
766,109,3,E_X3_Y4_36,1095,1,88134,0,0,88134,80310
767,109,4,E_X3_Y4_36,1096,1,44064,0,0,44064,38636
768,109,5,E_X3_Y4_36,1097,1,22032,0,0,22032,19033
769,109,6,E_X3_Y4_36,1098,1,7344,0,0,7344,7019
770,110,0,E_X4_Y3_29,1099,1,734472,0,0,0,618594
771,110,1,E_X4_Y3_29,1100,1,367236,0,0,0,332523
772,110,2,E_X4_Y3_29,1101,1,183618,0,0,0,170419
773,110,3,E_X4_Y3_29,1102,1,88134,0,0,88134,79914
774,110,4,E_X4_Y3_29,1103,1,44064,0,0,44064,38973
775,110,5,E_X4_Y3_29,1104,1,22032,0,0,22032,19217
776,110,6,E_X4_Y3_29,1105,1,7344,0,0,7344,6874
777,111,0,E_X3_Y3_28,1106,1,734472,0,0,0,616169
778,111,1,E_X3_Y3_28,1107,1,367236,0,0,0,336348
779,111,2,E_X3_Y3_28,1108,1,183618,0,0,0,172020
780,111,3,E_X3_Y3_28,1109,1,88134,0,0,88134,79561
781,111,4,E_X3_Y3_28,1110,1,44064,0,0,44064,38230
782,111,5,E_X3_Y3_28,1111,1,22032,0,0,22032,18736
783,111,6,E_X3_Y3_28,1112,1,7344,0,0,7344,6932
784,112,0,E_X7_Y7_64,1113,1,244824,0,0,0,204757
785,112,1,E_X7_Y7_64,1114,1,122412,0,0,0,112789
786,112,2,E_X7_Y7_64,1115,1,61206,0,0,61206,57239
787,112,3,E_X7_Y7_64,1116,1,29376,0,0,29376,26698
788,112,4,E_X7_Y7_64,1117,1,14688,0,0,14688,12960
789,112,5,E_X7_Y7_64,1118,1,7344,0,0,7344,6637
790,112,6,E_X7_Y7_64,1119,1,2448,0,0,2448,2689
791,113,0,E_X6_Y7_63,1120,1,244824,0,0,0,205207
792,113,1,E_X6_Y7_63,1121,1,122412,0,0,0,111215
793,113,2,E_X6_Y7_63,1122,1,61206,0,0,61206,57519
794,113,3,E_X6_Y7_63,1123,1,29376,0,0,29376,26789
795,113,4,E_X6_Y7_63,1124,1,14688,0,0,14688,13066
796,113,5,E_X6_Y7_63,1125,1,7344,0,0,7344,6496
797,113,6,E_X6_Y7_63,1126,1,2454,0,0,2454,2598
798,114,0,E_X5_Y7_62,1127,1,244824,0,0,0,204832
799,114,1,E_X5_Y7_62,1128,1,122412,0,0,0,111921
800,114,2,E_X5_Y7_62,1129,1,61206,0,0,61206,57350
801,114,3,E_X5_Y7_62,1130,1,29376,0,0,29376,26867
802,114,4,E_X5_Y7_62,1131,1,14688,0,0,14688,12854
803,114,5,E_X5_Y7_62,1132,1,7344,0,0,7344,6460
804,114,6,E_X5_Y7_62,1133,1,2454,0,0,2454,2623
805,115,0,E_X4_Y7_61,1134,1,244824,0,0,0,204976
806,115,1,E_X4_Y7_61,1135,1,122412,0,0,0,110377
807,115,2,E_X4_Y7_61,1136,1,61206,0,0,61206,56972
808,115,3,E_X4_Y7_61,1137,1,29376,0,0,29376,26988
809,115,4,E_X4_Y7_61,1138,1,14688,0,0,14688,13251
810,115,5,E_X4_Y7_61,1139,1,7344,0,0,7344,6540
811,115,6,E_X4_Y7_61,1140,1,2460,0,0,2460,2600
812,116,0,E_X3_Y7_60,1141,1,244824,0,0,0,204886
813,116,1,E_X3_Y7_60,1142,1,122412,0,0,0,111744
814,116,2,E_X3_Y7_60,1143,1,61206,0,0,61206,56716
815,116,3,E_X3_Y7_60,1144,1,29376,0,0,29376,26634
816,116,4,E_X3_Y7_60,1145,1,14688,0,0,14688,12777
817,116,5,E_X3_Y7_60,1146,1,7344,0,0,7344,6466
818,116,6,E_X3_Y7_60,1147,1,2460,0,0,2460,2594
819,117,0,E_X2_Y7_59,1148,1,244824,0,0,0,205051
820,117,1,E_X2_Y7_59,1149,1,122412,0,0,0,112554
821,117,2,E_X2_Y7_59,1150,1,61206,0,0,61206,57125
822,117,3,E_X2_Y7_59,1151,1,29376,0,0,29376,26603
823,117,4,E_X2_Y7_59,1152,1,14688,0,0,14688,12915
824,117,5,E_X2_Y7_59,1153,1,7344,0,0,7344,6513
825,117,6,E_X2_Y7_59,1154,1,2448,0,0,2448,2623
826,118,0,E_X1_Y7_58,1155,1,244824,0,0,0,205183
827,118,1,E_X1_Y7_58,1156,1,122412,0,0,0,111864
828,118,2,E_X1_Y7_58,1157,1,61206,0,0,61206,56577
829,118,3,E_X1_Y7_58,1158,1,29376,0,0,29376,26578
830,118,4,E_X1_Y7_58,1159,1,14688,0,0,14688,12890
831,118,5,E_X1_Y7_58,1160,1,7344,0,0,7344,6462
832,118,6,E_X1_Y7_58,1161,1,2448,0,0,2448,2590
833,119,0,E_X0_Y7_57,1162,1,244824,0,0,0,205414
834,119,1,E_X0_Y7_57,1163,1,122412,0,0,0,112832
835,119,2,E_X0_Y7_57,1164,1,61206,0,0,61206,56937
836,119,3,E_X0_Y7_57,1165,1,29376,0,0,29376,26670
837,119,4,E_X0_Y7_57,1166,1,14688,0,0,14688,13126
838,119,5,E_X0_Y7_57,1167,1,7344,0,0,7344,6656
839,119,6,E_X0_Y7_57,1168,1,2448,0,0,2448,2741
840,120,0,E_X0_Y6_49,1169,1,244824,0,0,0,205444
841,120,1,E_X0_Y6_49,1170,1,122412,0,0,0,112028
842,120,2,E_X0_Y6_49,1171,1,61206,0,0,61206,56468
843,120,3,E_X0_Y6_49,1172,1,29376,0,0,29376,26607
844,120,4,E_X0_Y6_49,1173,1,14688,0,0,14688,12941
845,120,5,E_X0_Y6_49,1174,1,7344,0,0,7344,6502
846,120,6,E_X0_Y6_49,1175,1,2448,0,0,2448,2657
847,121,0,E_X1_Y6_50,1176,1,244824,0,0,0,204958
848,121,1,E_X1_Y6_50,1177,1,122412,0,0,0,110959
849,121,2,E_X1_Y6_50,1178,1,61206,0,0,61206,57327
850,121,3,E_X1_Y6_50,1179,1,29376,0,0,29376,26761
851,121,4,E_X1_Y6_50,1180,1,14688,0,0,14688,12933
852,121,5,E_X1_Y6_50,1181,1,7344,0,0,7344,6400
853,121,6,E_X1_Y6_50,1182,1,2460,0,0,2460,2526
854,122,0,E_X2_Y6_51,1183,1,244824,0,0,0,204622
855,122,1,E_X2_Y6_51,1184,1,122412,0,0,0,111528
856,122,2,E_X2_Y6_51,1185,1,61206,0,0,61206,57244
857,122,3,E_X2_Y6_51,1186,1,29376,0,0,29376,26543
858,122,4,E_X2_Y6_51,1187,1,14688,0,0,14688,12715
859,122,5,E_X2_Y6_51,1188,1,7344,0,0,7344,6312
860,122,6,E_X2_Y6_51,1189,1,2454,0,0,2454,2501
861,123,0,E_X3_Y6_52,1190,1,244824,0,0,0,204670
862,123,1,E_X3_Y6_52,1191,1,122412,0,0,0,112515
863,123,2,E_X3_Y6_52,1192,1,61206,0,0,61206,57301
864,123,3,E_X3_Y6_52,1193,1,29376,0,0,29376,26543
865,123,4,E_X3_Y6_52,1194,1,14688,0,0,14688,12737
866,123,5,E_X3_Y6_52,1195,1,7344,0,0,7344,6405
867,123,6,E_X3_Y6_52,1196,1,2466,0,0,2466,2446
868,124,0,E_X4_Y6_53,1197,1,244824,0,0,0,204823
869,124,1,E_X4_Y6_53,1198,1,122412,0,0,0,109891
870,124,2,E_X4_Y6_53,1199,1,61206,0,0,61206,57019
871,124,3,E_X4_Y6_53,1200,1,29376,0,0,29376,26807
872,124,4,E_X4_Y6_53,1201,1,14688,0,0,14688,12835
873,124,5,E_X4_Y6_53,1202,1,7344,0,0,7344,6508
874,124,6,E_X4_Y6_53,1203,1,2466,0,0,2466,2533
875,125,0,E_X5_Y6_54,1204,1,244824,0,0,0,204970
876,125,1,E_X5_Y6_54,1205,1,122412,0,0,0,111699
877,125,2,E_X5_Y6_54,1206,1,61206,0,0,61206,56763
878,125,3,E_X5_Y6_54,1207,1,29376,0,0,29376,26667
879,125,4,E_X5_Y6_54,1208,1,14688,0,0,14688,12846
880,125,5,E_X5_Y6_54,1209,1,7344,0,0,7344,6466
881,125,6,E_X5_Y6_54,1210,1,2454,0,0,2454,2567
882,126,0,E_X6_Y6_55,1211,1,244824,0,0,0,205067
883,126,1,E_X6_Y6_55,1212,1,122412,0,0,0,112566
884,126,2,E_X6_Y6_55,1213,1,61206,0,0,61206,56918
885,126,3,E_X6_Y6_55,1214,1,29376,0,0,29376,26552
886,126,4,E_X6_Y6_55,1215,1,14688,0,0,14688,12779
887,126,5,E_X6_Y6_55,1216,1,7344,0,0,7344,6292
888,126,6,E_X6_Y6_55,1217,1,2454,0,0,2454,2468
889,127,0,E_X7_Y6_56,1218,1,244824,0,0,0,204838
890,127,1,E_X7_Y6_56,1219,1,122412,0,0,0,112240
891,127,2,E_X7_Y6_56,1220,1,61206,0,0,61206,57261
892,127,3,E_X7_Y6_56,1221,1,29376,0,0,29376,26862
893,127,4,E_X7_Y6_56,1222,1,14688,0,0,14688,12886
894,127,5,E_X7_Y6_56,1223,1,7344,0,0,7344,6575
895,127,6,E_X7_Y6_56,1224,1,2454,0,0,2454,2652
896,128,0,E_X7_Y5_48,1225,1,244824,0,0,0,204766
897,128,1,E_X7_Y5_48,1226,1,122412,0,0,0,112588
898,128,2,E_X7_Y5_48,1227,1,61206,0,0,61206,57090
899,128,3,E_X7_Y5_48,1228,1,29376,0,0,29376,26644
900,128,4,E_X7_Y5_48,1229,1,14688,0,0,14688,12883
901,128,5,E_X7_Y5_48,1230,1,7344,0,0,7344,6557
902,128,6,E_X7_Y5_48,1231,1,2460,0,0,2460,2677
903,129,0,E_X6_Y5_47,1232,1,244824,0,0,0,204725
904,129,1,E_X6_Y5_47,1233,1,122412,0,0,0,111011
905,129,2,E_X6_Y5_47,1234,1,61206,0,0,61206,56923
906,129,3,E_X6_Y5_47,1235,1,29376,0,0,29376,26658
907,129,4,E_X6_Y5_47,1236,1,14688,0,0,14688,12839
908,129,5,E_X6_Y5_47,1237,1,7344,0,0,7344,6388
909,129,6,E_X6_Y5_47,1238,1,2472,0,0,2472,2537
910,130,0,E_X5_Y5_46,1239,1,244824,0,0,0,204968
911,130,1,E_X5_Y5_46,1240,1,122412,0,0,0,111378
912,130,2,E_X5_Y5_46,1241,1,61206,0,0,61206,56857
913,130,3,E_X5_Y5_46,1242,1,29376,0,0,29376,26504
914,130,4,E_X5_Y5_46,1243,1,14688,0,0,14688,12944
915,130,5,E_X5_Y5_46,1244,1,7344,0,0,7344,6434
916,130,6,E_X5_Y5_46,1245,1,2472,0,0,2472,2612
917,131,0,E_X4_Y5_45,1246,1,244824,0,0,0,205231
918,131,1,E_X4_Y5_45,1247,1,122412,0,0,0,112038
919,131,2,E_X4_Y5_45,1248,1,61206,0,0,61206,56799
920,131,3,E_X4_Y5_45,1249,1,29376,0,0,29376,26733
921,131,4,E_X4_Y5_45,1250,1,14688,0,0,14688,12975
922,131,5,E_X4_Y5_45,1251,1,7344,0,0,7344,6546
923,131,6,E_X4_Y5_45,1252,1,2448,0,0,2448,2619
924,132,0,E_X3_Y5_44,1253,1,244824,0,0,0,205096
925,132,1,E_X3_Y5_44,1254,1,122412,0,0,0,111112
926,132,2,E_X3_Y5_44,1255,1,61206,0,0,61206,57018
927,132,3,E_X3_Y5_44,1256,1,29376,0,0,29376,26729
928,132,4,E_X3_Y5_44,1257,1,14688,0,0,14688,12914
929,132,5,E_X3_Y5_44,1258,1,7344,0,0,7344,6498
930,132,6,E_X3_Y5_44,1259,1,2448,0,0,2448,2565
931,133,0,River,1260,1,14058,14058,14058,14058,4710
932,133,1,River,1261,1,7029,7029,7029,7029,2900
933,133,2,River,1262,1,3513,3513,3513,3513,1459
934,133,3,River,1263,1,1686,1686,1686,1686,713
935,133,4,River,1264,1,843,843,843,843,353
936,133,5,River,1265,1,420,420,420,420,179
937,133,6,River,1266,1,138,138,138,138,62
938,134,0,Pyramid_v1a,1267,19,910740,124572,124572,124572,767178
939,134,1,Pyramid_v1a,1286,19,461862,68784,68784,325356,434101
940,134,2,Pyramid_v1a,1305,19,237510,40974,40974,237510,221965
941,134,3,Pyramid_v1a,1324,19,120768,26442,26442,120768,107020
942,134,4,Pyramid_v1a,1343,19,67080,19932,19932,67080,57140
943,134,5,Pyramid_v1a,1362,19,40866,17334,17334,40866,34053
944,134,6,Pyramid_v1a,1381,19,26514,15624,15624,26514,22145
945,135,0,STT_BanyanForest_ROP_Reduced_001_Translucent,1400,3,14822331,0,0,0,13957745
946,135,1,STT_BanyanForest_ROP_Reduced_001_Translucent,1403,3,7365141,0,0,94314,7470799
947,135,2,STT_BanyanForest_ROP_Reduced_001_Translucent,1406,3,3618825,0,0,46890,2967048
948,135,3,STT_BanyanForest_ROP_Reduced_001_Translucent,1409,3,1726494,0,0,22758,1472643
949,135,4,STT_BanyanForest_ROP_Reduced_001_Translucent,1412,3,857856,0,0,11424,779163
950,135,5,STT_BanyanForest_ROP_Reduced_001_Translucent,1415,3,431340,0,0,5760,415919
951,135,6,STT_BanyanForest_ROP_Reduced_001_Translucent,1418,3,141306,0,0,141306,142948
952,136,0,Creek,1421,1,61206,61206,61206,61206,32208
953,136,1,Creek,1422,1,30603,30603,30603,30603,17641
954,136,2,Creek,1423,1,15300,15300,15300,15300,8899
955,136,3,Creek,1424,1,7341,7341,7341,7341,4226
956,136,4,Creek,1425,1,3669,3669,3669,3669,2102
957,136,5,Creek,1426,1,1836,1836,1836,1836,1052
958,136,6,Creek,1427,1,609,609,609,609,344
959,137,0,RiverForest_03_Animated_Translucent_Impostor_0,1428,1,6,6,6,6,4
960,138,0,RiverForest_03_Animated_Translucent_Impostor_1,1429,1,6,6,6,6,4
961,139,0,RiverForest_03_Animated_Translucent_Impostor_2,1430,1,6,6,6,6,4
962,140,0,RiverForest_03_Animated_Translucent_Impostor_3,1431,1,6,6,6,6,4
963,141,0,RiverForest_03_Animated_Translucent_Impostor_4,1432,1,6,6,6,6,4
964,142,0,RiverForest_03_Animated_Translucent_Impostor_5,1433,1,6,6,6,6,4
965,143,0,RiverForest_03_Animated_Translucent_Impostor_6,1434,1,6,6,6,6,4
966,144,0,RiverForest_03_Animated_Translucent_Impostor_7,1435,1,6,6,6,6,4
967,145,0,RiverForest_01_Animated_Translucent_Impostor_0,1436,1,6,6,6,6,4
968,146,0,RiverForest_01_Animated_Translucent_Impostor_1,1437,1,6,6,6,6,4
969,147,0,RiverForest_01_Animated_Translucent_Impostor_2,1438,1,6,6,6,6,4
970,148,0,RiverForest_01_Animated_Translucent_Impostor_3,1439,1,6,6,6,6,4
971,149,0,RiverForest_01_Animated_Translucent_Impostor_4,1440,1,6,6,6,6,4
972,150,0,RiverForest_01_Animated_Translucent_Impostor_5,1441,1,6,6,6,6,4
973,151,0,RiverForest_01_Animated_Translucent_Impostor_6,1442,1,6,6,6,6,4
974,152,0,RiverForest_01_Animated_Translucent_Impostor_7,1443,1,6,6,6,6,4
975,153,0,RiverForest_05_Animated_Translucent_Impostor_0,1444,1,6,6,6,6,4
976,154,0,RiverForest_05_Animated_Translucent_Impostor_1,1445,1,6,6,6,6,4
977,155,0,RiverForest_05_Animated_Translucent_Impostor_2,1446,1,6,6,6,6,4
978,156,0,RiverForest_05_Animated_Translucent_Impostor_3,1447,1,6,6,6,6,4
979,157,0,RiverForest_05_Animated_Translucent_Impostor_4,1448,1,6,6,6,6,4
980,158,0,RiverForest_05_Animated_Translucent_Impostor_5,1449,1,6,6,6,6,4
981,159,0,RiverForest_05_Animated_Translucent_Impostor_6,1450,1,6,6,6,6,4
982,160,0,RiverForest_05_Animated_Translucent_Impostor_7,1451,1,6,6,6,6,4
983,161,0,QueenForest_06_Animated_Translucent_Impostor_0,1452,1,6,6,6,6,4
984,162,0,QueenForest_06_Animated_Translucent_Impostor_1,1453,1,6,6,6,6,4
985,163,0,QueenForest_06_Animated_Translucent_Impostor_2,1454,1,6,6,6,6,4
986,164,0,QueenForest_06_Animated_Translucent_Impostor_3,1455,1,6,6,6,6,4
987,165,0,QueenForest_06_Animated_Translucent_Impostor_4,1456,1,6,6,6,6,4
988,166,0,QueenForest_06_Animated_Translucent_Impostor_5,1457,1,6,6,6,6,4
989,167,0,QueenForest_06_Animated_Translucent_Impostor_6,1458,1,6,6,6,6,4
990,168,0,QueenForest_06_Animated_Translucent_Impostor_7,1459,1,6,6,6,6,4
