mesh_id,mesh_name,list_indices,restart_strip_indices,restart_tokens,degenerate_strip_indices,restart_reduction_percent,degenerate_reduction_percent
0,RiverSeedling_01_Translucent,39744,35925,7371,43305,9.608998,-8.959843
1,RiverSeedling_02_Translucent,39414,35516,7275,42765,9.889887,-8.502055
2,RiverSeedling_04_Translucent,39588,35821,7357,43162,9.515510,-9.027988
3,RiverSeedling_03_Translucent,39699,35878,7366,43246,9.624928,-8.934734
4,RiverSeedling_05_Translucent,39846,36004,7378,43389,9.642122,-8.891733
5,RiverSapling_02_Translucent,596403,541688,111172,652766,9.174166,-9.450489
6,RiverSapling_05_Translucent,555948,504447,103542,607833,9.263636,-9.332707
7,RiverSapling_01_Translucent,597105,541654,111133,652761,9.286641,-9.320974
8,RiverSapling_04_Translucent,658455,597038,122459,719483,9.327441,-9.268363
9,RiverSapling_03_Translucent,600369,544896,111786,656515,9.239818,-9.351915
10,RiverForest_03_Animated_Translucent,1928145,1745373,359668,2104255,9.479163,-9.133649
11,RiverForest_01_Animated_Translucent,1956048,1767100,363503,2129628,9.659681,-8.874015
12,RiverForest_05_Animated_Translucent,1953225,1767135,363960,2130430,9.527320,-9.072431
13,QueenForest_02_Animated_Translucent,2525640,2200204,442917,2643334,12.885288,-4.659967
14,QueenForest_05_Animated_Translucent,2552760,2226419,448552,2675475,12.783850,-4.807150
15,QueenForest_06_Animated_Translucent,3042321,2663396,537939,3201571,12.455129,-5.234490
16,Moss_01,1401,798,74,873,43.040685,37.687366
17,Moss_03,1338,778,70,835,41.853513,37.593423
18,Moss_02,1362,785,71,861,42.364170,36.784141
19,Grass_B_02,10389,5358,456,5687,48.426220,45.259409
20,Grass_B_03,7167,3702,311,3928,48.346589,45.193247
21,Grass_B_05,9825,4829,390,5154,50.849873,47.541985
22,Grass_B_01,4212,2140,176,2261,49.192783,46.320038
23,Grass_B_04,14700,7536,637,8008,48.734694,45.523810
24,Grass_A_06,8652,4225,356,4597,51.167360,46.867776
25,Grass_A_04,13506,6984,671,7642,48.289649,43.417740
26,Grass_A_02,27333,13412,1101,14528,50.931109,46.848132
27,Grass_A_03,35127,17096,1453,18650,51.330885,46.906938
28,Grass_A_05,7419,3560,293,3845,52.015096,48.173608
29,Grass_A_01,37947,18257,1514,19935,51.888160,47.466203
30,Shrub_02,38883,21956,2022,23723,43.533164,38.988761
31,Shrub_03,36432,20414,1841,22093,43.966842,39.358256
32,Shrub_01,21960,12381,1134,13328,43.620219,39.307832
33,Shrub_04,63840,35867,3291,38663,43.817356,39.437657
34,ShrubSorrel_01_Translucent,2439,1408,147,1571,42.271423,35.588356
35,ShrubSorrel_05_Translucent,414,235,20,256,43.236715,38.164251
36,ShrubSorrel_07_Translucent,390,222,18,244,43.076923,37.435897
37,ShrubSorrel_03_Translucent,2088,1224,128,1349,41.379310,35.392720
38,ShrubSorrel_06_Translucent,363,211,18,235,41.873278,35.261708
39,ShrubSorrel_02_Translucent,1674,964,98,1074,42.413381,35.842294
40,ShrubSorrel_04_Translucent,414,243,21,261,41.304348,36.956522
41,Nettle_03_Translucent,21213,12151,1253,13381,42.719087,36.920756
42,Nettle_02_Translucent,33456,18928,1878,20576,43.424199,38.498326
43,Nettle_06_Translucent,47739,26952,2700,29595,43.543015,38.006661
44,Nettle_01_Translucent,34821,19560,1943,21563,43.827001,38.074725
45,Nettle_04_Translucent,6417,3536,328,3850,44.896369,40.003117
46,Nettle_05_Translucent,41256,23044,2260,25219,44.143882,38.871922
47,Anthurium_05_Translucent,45276,25246,2423,27854,44.239774,38.479548
48,Anthurium_02_Translucent,91857,51244,4945,56666,44.213288,38.310635
49,Anthurium_04_Translucent,61212,34169,3315,37822,44.179246,38.211462
50,Anthurium_03_Translucent,53601,30036,2894,33102,43.963732,38.243689
51,Anthurium_06_Translucent,51426,28478,2714,31695,44.623342,38.367752
52,Anthurium_01_Translucent,93417,52158,4918,56828,44.166479,39.167389
53,M_4x4_03,491886,431156,87517,518707,12.346357,-5.452686
54,M_4x4_01,491916,428982,86896,515966,12.793648,-4.889046
55,M_4x4_02,491886,431230,87725,518997,12.331313,-5.511643
56,M_4x4_04,491886,430611,87278,517950,12.457155,-5.298789
57,M_3x4_03,491886,430768,87285,518097,12.425237,-5.328674
58,M_3x4_01,491892,429094,86771,515849,12.766624,-4.870378
59,M_3x4_02,491892,428835,86840,515681,12.819277,-4.836224
60,M_3x4_04,491886,431557,87578,519090,12.264834,-5.530550
61,M_4x3_03,491886,429869,87207,517141,12.608003,-5.134320
62,M_4x3_01,491886,430510,87294,517742,12.477688,-5.256503
63,M_4x3_02,491886,430997,87424,518354,12.378681,-5.380922
64,M_3x3_04,491886,431744,87698,519527,12.226817,-5.619391
65,M_3x3_03,491886,428051,86660,514639,12.977601,-4.625665
66,M_3x3_01,491886,431806,87723,519458,12.214212,-5.605364
67,M_3x3_02,491886,430596,87260,517811,12.460204,-5.270530
68,M_4x3_04,491904,429329,86890,516138,12.720978,-4.926571
69,E_X2_Y5_43,482298,422055,85466,507547,12.490825,-5.235145
70,E_X1_Y5_42,482298,422670,85783,508593,12.363311,-5.452023
71,E_X0_Y5_41,482298,422991,85949,508995,12.296754,-5.535374
72,E_X0_Y4_33,482322,421138,85297,506353,12.685302,-4.982356
73,E_X1_Y4_34,482304,422065,85592,507657,12.489840,-5.256643
74,E_X2_Y4_35,482310,420911,85286,506210,12.730194,-4.955319
75,E_X5_Y4_38,482310,421481,85405,506920,12.612013,-5.102527
76,E_X6_Y4_39,482316,420631,85182,505754,12.789333,-4.859470
77,E_X7_Y4_40,482304,423501,86081,509554,12.192103,-5.649964
78,E_X7_Y3_32,482304,424143,86377,510562,12.058992,-5.858960
79,E_X6_Y3_31,482298,421300,85294,506663,12.647367,-5.051856
80,E_X5_Y3_30,482298,421525,85425,506906,12.600716,-5.102240
81,E_X2_Y3_27,482304,422357,85683,508013,12.429298,-5.330455
82,E_X1_Y3_26,482304,421757,85533,507317,12.553701,-5.186148
83,E_X0_Y3_25,482304,422229,85633,507844,12.455837,-5.295415
84,E_X0_Y2_17,482298,423756,86114,509860,12.138139,-5.714724
85,E_X1_Y2_18,482322,421354,85315,506776,12.640518,-5.070057
86,E_X2_Y2_19,482310,422876,85828,508726,12.322780,-5.476975
87,E_X3_Y2_20,482304,422422,85606,508101,12.415821,-5.348701
88,E_X4_Y2_21,482298,423700,86178,509955,12.149750,-5.734421
89,E_X5_Y2_22,482304,422818,85850,508705,12.333715,-5.473933
90,E_X6_Y2_23,482304,421457,85428,506972,12.615902,-5.114617
91,E_X7_Y2_24,482298,422368,85675,508017,12.425928,-5.332595
92,E_X0_Y1_9,482304,422174,85574,507720,12.467241,-5.269705
93,E_X1_Y1_10,482304,422838,85871,508740,12.329568,-5.481190
94,E_X2_Y1_11,482298,422517,85706,508314,12.395034,-5.394175
95,E_X3_Y1_12,482310,422473,85656,508193,12.406336,-5.366466
96,E_X4_Y1_13,482310,421452,85497,506963,12.618026,-5.111443
97,E_X5_Y1_14,482298,421179,85178,506422,12.672456,-5.001887
98,E_X6_Y1_15,482298,423111,85937,509082,12.271873,-5.553413
99,E_X7_Y1_16,482298,424769,86480,511218,11.928103,-5.996293
100,E_X7_Y0_8,482298,424583,86339,510936,11.966668,-5.937823
101,E_X6_Y0_7,482298,423672,86266,510105,12.155555,-5.765523
102,E_X5_Y0_6,482298,422657,85757,508502,12.366006,-5.433155
103,E_X4_Y0_5,482310,421710,85539,507240,12.564533,-5.168875
104,E_X3_Y0_4,482298,421439,85505,506948,12.618547,-5.110948
105,E_X2_Y0_3,482316,423351,85950,509381,12.225388,-5.611466
106,E_X1_Y0_2,482298,422100,85546,507698,12.481495,-5.266454
107,E_X0_Y0_1,482304,422774,85780,508610,12.342838,-5.454236
108,E_X4_Y4_37,1446900,1264788,256569,1521201,12.586357,-5.135186
109,E_X3_Y4_36,1446900,1266213,257083,1523435,12.487871,-5.289585
110,E_X4_Y3_29,1446900,1266514,257255,1523669,12.467068,-5.305757
111,E_X3_Y3_28,1446900,1267996,257393,1525340,12.364642,-5.421245
112,E_X7_Y7_64,482298,423769,86073,509845,12.135443,-5.711614
113,E_X6_Y7_63,482304,422890,85882,508729,12.318786,-5.478910
114,E_X5_Y7_62,482304,422907,85828,508802,12.315262,-5.494045
115,E_X4_Y7_61,482310,421704,85559,507330,12.565777,-5.187535
116,E_X3_Y7_60,482310,421817,85431,507172,12.542348,-5.154776
117,E_X2_Y7_59,482298,423384,86006,509402,12.215269,-5.619762
118,E_X1_Y7_58,482298,422144,85591,507766,12.472372,-5.280553
119,E_X0_Y7_57,482298,424376,86320,510717,12.009587,-5.892415
120,E_X0_Y6_49,482298,422647,85759,508512,12.368079,-5.435229
121,E_X1_Y6_50,482310,421864,85568,507477,12.532604,-5.218013
122,E_X2_Y6_51,482304,421465,85332,506884,12.614243,-5.096371
123,E_X3_Y6_52,482316,422617,85678,508395,12.377570,-5.407036
124,E_X4_Y6_53,482316,420416,85110,505668,12.833910,-4.841639
125,E_X5_Y6_54,482304,421978,85576,507548,12.507879,-5.234043
126,E_X6_Y6_55,482304,422642,85742,508500,12.370206,-5.431429
127,E_X7_Y6_56,482304,423314,85978,509414,12.230875,-5.620936
128,E_X7_Y5_48,482310,423205,85924,509208,12.254567,-5.576911
129,E_X6_Y5_47,482322,421081,85208,506223,12.697119,-4.955403
130,E_X5_Y5_46,482322,421697,85437,507093,12.569404,-5.135781
131,E_X4_Y5_45,482298,422941,85879,508900,12.307121,-5.515677
132,E_X3_Y5_44,482298,421932,85595,507530,12.516328,-5.231620
133,River,27687,10376,0,10376,62.523928,62.523928
134,Pyramid_v1a,1865340,1643602,332978,1976381,11.887270,-5.952856
135,STT_BanyanForest_ROP_Reduced_001_Translucent,28963293,27206265,5771140,32981271,6.066396,-13.872656
136,Creek,120564,66472,6349,74408,44.865797,38.283401
137,RiverForest_03_Animated_Translucent_Impostor_0,6,4,0,4,33.333333,33.333333
138,RiverForest_03_Animated_Translucent_Impostor_1,6,4,0,4,33.333333,33.333333
139,RiverForest_03_Animated_Translucent_Impostor_2,6,4,0,4,33.333333,33.333333
140,RiverForest_03_Animated_Translucent_Impostor_3,6,4,0,4,33.333333,33.333333
141,RiverForest_03_Animated_Translucent_Impostor_4,6,4,0,4,33.333333,33.333333
142,RiverForest_03_Animated_Translucent_Impostor_5,6,4,0,4,33.333333,33.333333
143,RiverForest_03_Animated_Translucent_Impostor_6,6,4,0,4,33.333333,33.333333
144,RiverForest_03_Animated_Translucent_Impostor_7,6,4,0,4,33.333333,33.333333
145,RiverForest_01_Animated_Translucent_Impostor_0,6,4,0,4,33.333333,33.333333
146,RiverForest_01_Animated_Translucent_Impostor_1,6,4,0,4,33.333333,33.333333
147,RiverForest_01_Animated_Translucent_Impostor_2,6,4,0,4,33.333333,33.333333
148,RiverForest_01_Animated_Translucent_Impostor_3,6,4,0,4,33.333333,33.333333
149,RiverForest_01_Animated_Translucent_Impostor_4,6,4,0,4,33.333333,33.333333
150,RiverForest_01_Animated_Translucent_Impostor_5,6,4,0,4,33.333333,33.333333
151,RiverForest_01_Animated_Translucent_Impostor_6,6,4,0,4,33.333333,33.333333
152,RiverForest_01_Animated_Translucent_Impostor_7,6,4,0,4,33.333333,33.333333
153,RiverForest_05_Animated_Translucent_Impostor_0,6,4,0,4,33.333333,33.333333
154,RiverForest_05_Animated_Translucent_Impostor_1,6,4,0,4,33.333333,33.333333
155,RiverForest_05_Animated_Translucent_Impostor_2,6,4,0,4,33.333333,33.333333
156,RiverForest_05_Animated_Translucent_Impostor_3,6,4,0,4,33.333333,33.333333
157,RiverForest_05_Animated_Translucent_Impostor_4,6,4,0,4,33.333333,33.333333
158,RiverForest_05_Animated_Translucent_Impostor_5,6,4,0,4,33.333333,33.333333
159,RiverForest_05_Animated_Translucent_Impostor_6,6,4,0,4,33.333333,33.333333
160,RiverForest_05_Animated_Translucent_Impostor_7,6,4,0,4,33.333333,33.333333
161,QueenForest_06_Animated_Translucent_Impostor_0,6,4,0,4,33.333333,33.333333
162,QueenForest_06_Animated_Translucent_Impostor_1,6,4,0,4,33.333333,33.333333
163,QueenForest_06_Animated_Translucent_Impostor_2,6,4,0,4,33.333333,33.333333
164,QueenForest_06_Animated_Translucent_Impostor_3,6,4,0,4,33.333333,33.333333
165,QueenForest_06_Animated_Translucent_Impostor_4,6,4,0,4,33.333333,33.333333
166,QueenForest_06_Animated_Translucent_Impostor_5,6,4,0,4,33.333333,33.333333
167,QueenForest_06_Animated_Translucent_Impostor_6,6,4,0,4,33.333333,33.333333
168,QueenForest_06_Animated_Translucent_Impostor_7,6,4,0,4,33.333333,33.333333
