camera_id,camera,kind,category,visible_clusters,false_positive_clusters,candidate_instances,actual_visible_instances,instance_waste_ratio
0,orbit_e0_000,orbit,Anthurium,17,0,138,138,0.0
0,orbit_e0_000,orbit,Nettle,19,0,330,330,0.0
0,orbit_e0_000,orbit,ShrubSorrel,2476,0,630176,630176,0.0
0,orbit_e0_000,orbit,Shrub,48,0,11337,11337,0.0
0,orbit_e0_000,orbit,Grass_B,1351,0,339865,339865,0.0
0,orbit_e0_000,orbit,Grass_A,1104,0,280985,280985,0.0
0,orbit_e0_000,orbit,Pyramid_Grass_B,185,0,44000,44000,0.0
0,orbit_e0_000,orbit,Pyramid_Moss,7953,0,2034610,2034610,0.0
0,orbit_e0_000,orbit,QueenForest,12151,2,609507,608084,0.002334673760924813
0,orbit_e0_000,orbit,RiverForest,13435,1,2391372,2385677,0.0023814780803655808
0,orbit_e0_000,orbit,RiverSapling,1242,0,45000,45000,0.0
0,orbit_e0_000,orbit,RiverSeedling,9526,0,2266462,2266462,0.0
1,orbit_e0_030,orbit,Anthurium,17,0,138,138,0.0
1,orbit_e0_030,orbit,Nettle,19,0,330,330,0.0
1,orbit_e0_030,orbit,ShrubSorrel,2476,0,630176,630176,0.0
1,orbit_e0_030,orbit,Shrub,48,0,11337,11337,0.0
1,orbit_e0_030,orbit,Grass_B,1351,0,339865,339865,0.0
1,orbit_e0_030,orbit,Grass_A,1104,0,280985,280985,0.0
1,orbit_e0_030,orbit,Pyramid_Grass_B,185,0,44000,44000,0.0
1,orbit_e0_030,orbit,Pyramid_Moss,7953,0,2034610,2034610,0.0
1,orbit_e0_030,orbit,QueenForest,12277,0,613806,613806,0.0
1,orbit_e0_030,orbit,RiverForest,13573,0,2407967,2407967,0.0
1,orbit_e0_030,orbit,RiverSapling,1242,0,45000,45000,0.0
1,orbit_e0_030,orbit,RiverSeedling,9526,0,2266462,2266462,0.0
2,orbit_e0_060,orbit,Anthurium,17,0,138,138,0.0
2,orbit_e0_060,orbit,Nettle,19,0,330,330,0.0
2,orbit_e0_060,orbit,ShrubSorrel,2476,0,630176,630176,0.0
2,orbit_e0_060,orbit,Shrub,48,0,11337,11337,0.0
2,orbit_e0_060,orbit,Grass_B,1351,0,339865,339865,0.0
2,orbit_e0_060,orbit,Grass_A,1104,0,280985,280985,0.0
2,orbit_e0_060,orbit,Pyramid_Grass_B,185,0,44000,44000,0.0
2,orbit_e0_060,orbit,Pyramid_Moss,7953,0,2034610,2034610,0.0
2,orbit_e0_060,orbit,QueenForest,12277,0,613806,613806,0.0
2,orbit_e0_060,orbit,RiverForest,13573,0,2407967,2407967,0.0
2,orbit_e0_060,orbit,RiverSapling,1242,0,45000,45000,0.0
2,orbit_e0_060,orbit,RiverSeedling,9526,0,2266462,2266462,0.0
3,orbit_e0_090,orbit,Anthurium,17,0,138,138,0.0
3,orbit_e0_090,orbit,Nettle,19,0,330,330,0.0
3,orbit_e0_090,orbit,ShrubSorrel,2476,0,630176,630176,0.0
3,orbit_e0_090,orbit,Shrub,48,0,11337,11337,0.0
3,orbit_e0_090,orbit,Grass_B,1351,0,339865,339865,0.0
3,orbit_e0_090,orbit,Grass_A,1104,0,280985,280985,0.0
3,orbit_e0_090,orbit,Pyramid_Grass_B,185,0,44000,44000,0.0
3,orbit_e0_090,orbit,Pyramid_Moss,7953,0,2034610,2034610,0.0
3,orbit_e0_090,orbit,QueenForest,12151,0,608752,607235,0.0024919835992325283
3,orbit_e0_090,orbit,RiverForest,13430,0,2390163,2384346,0.002433725231291757
3,orbit_e0_090,orbit,RiverSapling,1242,0,45000,45000,0.0
3,orbit_e0_090,orbit,RiverSeedling,9526,0,2266462,2266462,0.0
4,orbit_e0_120,orbit,Anthurium,17,0,138,138,0.0
4,orbit_e0_120,orbit,Nettle,19,0,330,330,0.0
4,orbit_e0_120,orbit,ShrubSorrel,2476,0,630176,630176,0.0
4,orbit_e0_120,orbit,Shrub,48,0,11337,11337,0.0
4,orbit_e0_120,orbit,Grass_B,1351,0,339865,339865,0.0
4,orbit_e0_120,orbit,Grass_A,1104,0,280985,280985,0.0
4,orbit_e0_120,orbit,Pyramid_Grass_B,185,0,44000,44000,0.0
4,orbit_e0_120,orbit,Pyramid_Moss,7953,0,2034610,2034610,0.0
4,orbit_e0_120,orbit,QueenForest,12277,0,613806,613806,0.0
4,orbit_e0_120,orbit,RiverForest,13573,0,2407967,2407967,0.0
4,orbit_e0_120,orbit,RiverSapling,1242,0,45000,45000,0.0
4,orbit_e0_120,orbit,RiverSeedling,9526,0,2266462,2266462,0.0
5,orbit_e0_150,orbit,Anthurium,17,0,138,138,0.0
5,orbit_e0_150,orbit,Nettle,19,0,330,330,0.0
5,orbit_e0_150,orbit,ShrubSorrel,2476,0,630176,630176,0.0
5,orbit_e0_150,orbit,Shrub,48,0,11337,11337,0.0
5,orbit_e0_150,orbit,Grass_B,1351,0,339865,339865,0.0
5,orbit_e0_150,orbit,Grass_A,1104,0,280985,280985,0.0
5,orbit_e0_150,orbit,Pyramid_Grass_B,185,0,44000,44000,0.0
5,orbit_e0_150,orbit,Pyramid_Moss,7953,0,2034610,2034610,0.0
5,orbit_e0_150,orbit,QueenForest,12277,0,613806,613806,0.0
5,orbit_e0_150,orbit,RiverForest,13573,0,2407967,2407967,0.0
5,orbit_e0_150,orbit,RiverSapling,1242,0,45000,45000,0.0
5,orbit_e0_150,orbit,RiverSeedling,9526,0,2266462,2266462,0.0
6,orbit_e0_180,orbit,Anthurium,17,0,138,138,0.0
6,orbit_e0_180,orbit,Nettle,19,0,330,330,0.0
6,orbit_e0_180,orbit,ShrubSorrel,2476,0,630176,630176,0.0
6,orbit_e0_180,orbit,Shrub,48,0,11337,11337,0.0
6,orbit_e0_180,orbit,Grass_B,1351,0,339865,339865,0.0
6,orbit_e0_180,orbit,Grass_A,1104,0,280985,280985,0.0
6,orbit_e0_180,orbit,Pyramid_Grass_B,185,0,44000,44000,0.0
6,orbit_e0_180,orbit,Pyramid_Moss,7953,0,2034610,2034610,0.0
6,orbit_e0_180,orbit,QueenForest,12151,0,609212,607678,0.002518006867888354
6,orbit_e0_180,orbit,RiverForest,13442,0,2390799,2384947,0.002447717269414953
6,orbit_e0_180,orbit,RiverSapling,1242,0,45000,45000,0.0
6,orbit_e0_180,orbit,RiverSeedling,9526,0,2266462,2266462,0.0
7,orbit_e0_210,orbit,Anthurium,17,0,138,138,0.0
7,orbit_e0_210,orbit,Nettle,19,0,330,330,0.0
7,orbit_e0_210,orbit,ShrubSorrel,2476,0,630176,630176,0.0
7,orbit_e0_210,orbit,Shrub,48,0,11337,11337,0.0
7,orbit_e0_210,orbit,Grass_B,1351,0,339865,339865,0.0
7,orbit_e0_210,orbit,Grass_A,1104,0,280985,280985,0.0
7,orbit_e0_210,orbit,Pyramid_Grass_B,185,0,44000,44000,0.0
7,orbit_e0_210,orbit,Pyramid_Moss,7953,0,2034610,2034610,0.0
7,orbit_e0_210,orbit,QueenForest,12277,0,613806,613806,0.0
7,orbit_e0_210,orbit,RiverForest,13573,0,2407967,2407967,0.0
7,orbit_e0_210,orbit,RiverSapling,1242,0,45000,45000,0.0
7,orbit_e0_210,orbit,RiverSeedling,9526,0,2266462,2266462,0.0
8,orbit_e0_240,orbit,Anthurium,17,0,138,138,0.0
8,orbit_e0_240,orbit,Nettle,19,0,330,330,0.0
8,orbit_e0_240,orbit,ShrubSorrel,2476,0,630176,630176,0.0
8,orbit_e0_240,orbit,Shrub,48,0,11337,11337,0.0
8,orbit_e0_240,orbit,Grass_B,1351,0,339865,339865,0.0
8,orbit_e0_240,orbit,Grass_A,1104,0,280985,280985,0.0
8,orbit_e0_240,orbit,Pyramid_Grass_B,185,0,44000,44000,0.0
8,orbit_e0_240,orbit,Pyramid_Moss,7953,0,2034610,2034610,0.0
8,orbit_e0_240,orbit,QueenForest,12277,0,613806,613806,0.0
8,orbit_e0_240,orbit,RiverForest,13573,0,2407967,2407967,0.0
8,orbit_e0_240,orbit,RiverSapling,1242,0,45000,45000,0.0
8,orbit_e0_240,orbit,RiverSeedling,9526,0,2266462,2266462,0.0
9,orbit_e0_270,orbit,Anthurium,17,0,138,138,0.0
9,orbit_e0_270,orbit,Nettle,19,0,330,330,0.0
9,orbit_e0_270,orbit,ShrubSorrel,2476,0,630176,630176,0.0
9,orbit_e0_270,orbit,Shrub,48,0,11337,11337,0.0
9,orbit_e0_270,orbit,Grass_B,1351,0,339865,339865,0.0
9,orbit_e0_270,orbit,Grass_A,1104,0,280985,280985,0.0
9,orbit_e0_270,orbit,Pyramid_Grass_B,185,0,44000,44000,0.0
9,orbit_e0_270,orbit,Pyramid_Moss,7953,0,2034610,2034610,0.0
9,orbit_e0_270,orbit,QueenForest,12151,1,609967,608525,0.0023640623181254068
9,orbit_e0_270,orbit,RiverForest,13447,0,2392008,2386272,0.0023979852910190934
9,orbit_e0_270,orbit,RiverSapling,1242,0,45000,45000,0.0
9,orbit_e0_270,orbit,RiverSeedling,9526,0,2266462,2266462,0.0
10,orbit_e0_300,orbit,Anthurium,17,0,138,138,0.0
10,orbit_e0_300,orbit,Nettle,19,0,330,330,0.0
10,orbit_e0_300,orbit,ShrubSorrel,2476,0,630176,630176,0.0
10,orbit_e0_300,orbit,Shrub,48,0,11337,11337,0.0
10,orbit_e0_300,orbit,Grass_B,1351,0,339865,339865,0.0
10,orbit_e0_300,orbit,Grass_A,1104,0,280985,280985,0.0
10,orbit_e0_300,orbit,Pyramid_Grass_B,185,0,44000,44000,0.0
10,orbit_e0_300,orbit,Pyramid_Moss,7953,0,2034610,2034610,0.0
10,orbit_e0_300,orbit,QueenForest,12277,0,613806,613806,0.0
10,orbit_e0_300,orbit,RiverForest,13573,0,2407967,2407967,0.0
10,orbit_e0_300,orbit,RiverSapling,1242,0,45000,45000,0.0
10,orbit_e0_300,orbit,RiverSeedling,9526,0,2266462,2266462,0.0
11,orbit_e0_330,orbit,Anthurium,17,0,138,138,0.0
11,orbit_e0_330,orbit,Nettle,19,0,330,330,0.0
11,orbit_e0_330,orbit,ShrubSorrel,2476,0,630176,630176,0.0
11,orbit_e0_330,orbit,Shrub,48,0,11337,11337,0.0
11,orbit_e0_330,orbit,Grass_B,1351,0,339865,339865,0.0
11,orbit_e0_330,orbit,Grass_A,1104,0,280985,280985,0.0
11,orbit_e0_330,orbit,Pyramid_Grass_B,185,0,44000,44000,0.0
11,orbit_e0_330,orbit,Pyramid_Moss,7953,0,2034610,2034610,0.0
11,orbit_e0_330,orbit,QueenForest,12277,0,613806,613806,0.0
11,orbit_e0_330,orbit,RiverForest,13573,0,2407967,2407967,0.0
11,orbit_e0_330,orbit,RiverSapling,1242,0,45000,45000,0.0
11,orbit_e0_330,orbit,RiverSeedling,9526,0,2266462,2266462,0.0
12,orbit_e1_000,orbit,Anthurium,17,0,138,138,0.0
12,orbit_e1_000,orbit,Nettle,19,0,330,330,0.0
12,orbit_e1_000,orbit,ShrubSorrel,2476,0,630176,630176,0.0
12,orbit_e1_000,orbit,Shrub,48,0,11337,11337,0.0
12,orbit_e1_000,orbit,Grass_B,1351,0,339865,339865,0.0
12,orbit_e1_000,orbit,Grass_A,1104,0,280985,280985,0.0
12,orbit_e1_000,orbit,Pyramid_Grass_B,185,0,44000,44000,0.0
12,orbit_e1_000,orbit,Pyramid_Moss,7953,0,2034610,2034610,0.0
12,orbit_e1_000,orbit,QueenForest,11447,23,579327,572166,0.012360894624279552
12,orbit_e1_000,orbit,RiverForest,12662,21,2271866,2243779,0.01236296506924264
12,orbit_e1_000,orbit,RiverSapling,1242,0,45000,45000,0.0
12,orbit_e1_000,orbit,RiverSeedling,9526,0,2266462,2266462,0.0
13,orbit_e1_030,orbit,Anthurium,17,0,138,138,0.0
13,orbit_e1_030,orbit,Nettle,19,0,330,330,0.0
13,orbit_e1_030,orbit,ShrubSorrel,2476,0,630176,630176,0.0
13,orbit_e1_030,orbit,Shrub,48,0,11337,11337,0.0
13,orbit_e1_030,orbit,Grass_B,1351,0,339865,339865,0.0
13,orbit_e1_030,orbit,Grass_A,1104,0,280985,280985,0.0
13,orbit_e1_030,orbit,Pyramid_Grass_B,185,0,44000,44000,0.0
13,orbit_e1_030,orbit,Pyramid_Moss,7953,0,2034610,2034610,0.0
13,orbit_e1_030,orbit,QueenForest,11488,13,570961,565517,0.009534801851615085
13,orbit_e1_030,orbit,RiverForest,12637,15,2255123,2233584,0.00955114199979336
13,orbit_e1_030,orbit,RiverSapling,1242,0,45000,45000,0.0
13,orbit_e1_030,orbit,RiverSeedling,9526,0,2266462,2266462,0.0
14,orbit_e1_060,orbit,Anthurium,17,0,138,138,0.0
14,orbit_e1_060,orbit,Nettle,19,0,330,330,0.0
14,orbit_e1_060,orbit,ShrubSorrel,2476,0,630176,630176,0.0
14,orbit_e1_060,orbit,Shrub,48,0,11337,11337,0.0
14,orbit_e1_060,orbit,Grass_B,1351,0,339865,339865,0.0
14,orbit_e1_060,orbit,Grass_A,1104,0,280985,280985,0.0
14,orbit_e1_060,orbit,Pyramid_Grass_B,185,0,44000,44000,0.0
14,orbit_e1_060,orbit,Pyramid_Moss,7953,0,2034610,2034610,0.0
14,orbit_e1_060,orbit,QueenForest,11518,18,573574,568221,0.009332710339032104
14,orbit_e1_060,orbit,RiverForest,12681,18,2263066,2241711,0.009436313390771634
14,orbit_e1_060,orbit,RiverSapling,1242,0,45000,45000,0.0
14,orbit_e1_060,orbit,RiverSeedling,9526,0,2266462,2266462,0.0
15,orbit_e1_090,orbit,Anthurium,17,0,138,138,0.0
15,orbit_e1_090,orbit,Nettle,19,0,330,330,0.0
15,orbit_e1_090,orbit,ShrubSorrel,2476,0,630176,630176,0.0
15,orbit_e1_090,orbit,Shrub,48,0,11337,11337,0.0
15,orbit_e1_090,orbit,Grass_B,1351,0,339865,339865,0.0
15,orbit_e1_090,orbit,Grass_A,1104,0,280985,280985,0.0
15,orbit_e1_090,orbit,Pyramid_Grass_B,185,0,44000,44000,0.0
15,orbit_e1_090,orbit,Pyramid_Moss,7953,0,2034610,2034610,0.0
15,orbit_e1_090,orbit,QueenForest,11485,15,578105,570454,0.013234620008475969
15,orbit_e1_090,orbit,RiverForest,12691,13,2275271,2244107,0.01369682996003553
15,orbit_e1_090,orbit,RiverSapling,1242,0,45000,45000,0.0
15,orbit_e1_090,orbit,RiverSeedling,9526,0,2266462,2266462,0.0
16,orbit_e1_120,orbit,Anthurium,17,0,138,138,0.0
16,orbit_e1_120,orbit,Nettle,19,0,330,330,0.0
16,orbit_e1_120,orbit,ShrubSorrel,2476,0,630176,630176,0.0
16,orbit_e1_120,orbit,Shrub,48,0,11337,11337,0.0
16,orbit_e1_120,orbit,Grass_B,1351,0,339865,339865,0.0
16,orbit_e1_120,orbit,Grass_A,1104,0,280985,280985,0.0
16,orbit_e1_120,orbit,Pyramid_Grass_B,185,0,44000,44000,0.0
16,orbit_e1_120,orbit,Pyramid_Moss,7953,0,2034610,2034610,0.0
16,orbit_e1_120,orbit,QueenForest,11571,23,581533,576813,0.00811647834258761
16,orbit_e1_120,orbit,RiverForest,12819,28,2284002,2263803,0.008843687527418978
16,orbit_e1_120,orbit,RiverSapling,1242,0,45000,45000,0.0
16,orbit_e1_120,orbit,RiverSeedling,9526,0,2266462,2266462,0.0
17,orbit_e1_150,orbit,Anthurium,17,0,138,138,0.0
17,orbit_e1_150,orbit,Nettle,19,0,330,330,0.0
17,orbit_e1_150,orbit,ShrubSorrel,2476,0,630176,630176,0.0
17,orbit_e1_150,orbit,Shrub,48,0,11337,11337,0.0
17,orbit_e1_150,orbit,Grass_B,1351,0,339865,339865,0.0
17,orbit_e1_150,orbit,Grass_A,1104,0,280985,280985,0.0
17,orbit_e1_150,orbit,Pyramid_Grass_B,185,0,44000,44000,0.0
17,orbit_e1_150,orbit,Pyramid_Moss,7953,0,2034610,2034610,0.0
17,orbit_e1_150,orbit,QueenForest,11571,29,579595,573565,0.01040381645804398
17,orbit_e1_150,orbit,RiverForest,12815,30,2280435,2257057,0.010251552883550726
17,orbit_e1_150,orbit,RiverSapling,1242,0,45000,45000,0.0
17,orbit_e1_150,orbit,RiverSeedling,9526,0,2266462,2266462,0.0
18,orbit_e1_180,orbit,Anthurium,17,0,138,138,0.0
18,orbit_e1_180,orbit,Nettle,19,0,330,330,0.0
18,orbit_e1_180,orbit,ShrubSorrel,2476,0,630176,630176,0.0
18,orbit_e1_180,orbit,Shrub,48,0,11337,11337,0.0
18,orbit_e1_180,orbit,Grass_B,1351,0,339865,339865,0.0
18,orbit_e1_180,orbit,Grass_A,1104,0,280985,280985,0.0
18,orbit_e1_180,orbit,Pyramid_Grass_B,185,0,44000,44000,0.0
18,orbit_e1_180,orbit,Pyramid_Moss,7953,0,2034610,2034610,0.0
18,orbit_e1_180,orbit,QueenForest,11489,35,577418,568488,0.015465399416020976
18,orbit_e1_180,orbit,RiverForest,12719,33,2275826,2242402,0.01468653578964297
18,orbit_e1_180,orbit,RiverSapling,1242,0,45000,45000,0.0
18,orbit_e1_180,orbit,RiverSeedling,9526,0,2266462,2266462,0.0
19,orbit_e1_210,orbit,Anthurium,17,0,138,138,0.0
19,orbit_e1_210,orbit,Nettle,19,0,330,330,0.0
19,orbit_e1_210,orbit,ShrubSorrel,2476,0,630176,630176,0.0
19,orbit_e1_210,orbit,Shrub,48,0,11337,11337,0.0
19,orbit_e1_210,orbit,Grass_B,1351,0,339865,339865,0.0
19,orbit_e1_210,orbit,Grass_A,1104,0,280985,280985,0.0
19,orbit_e1_210,orbit,Pyramid_Grass_B,185,0,44000,44000,0.0
19,orbit_e1_210,orbit,Pyramid_Moss,7953,0,2034610,2034610,0.0
19,orbit_e1_210,orbit,QueenForest,11532,29,575413,569882,0.009612226348726915
19,orbit_e1_210,orbit,RiverForest,12744,28,2268902,2247338,0.009504156636117382
19,orbit_e1_210,orbit,RiverSapling,1242,0,45000,45000,0.0
19,orbit_e1_210,orbit,RiverSeedling,9526,0,2266462,2266462,0.0
20,orbit_e1_240,orbit,Anthurium,17,0,138,138,0.0
20,orbit_e1_240,orbit,Nettle,19,0,330,330,0.0
20,orbit_e1_240,orbit,ShrubSorrel,2476,0,630176,630176,0.0
20,orbit_e1_240,orbit,Shrub,48,0,11337,11337,0.0
20,orbit_e1_240,orbit,Grass_B,1351,0,339865,339865,0.0
20,orbit_e1_240,orbit,Grass_A,1104,0,280985,280985,0.0
20,orbit_e1_240,orbit,Pyramid_Grass_B,185,0,44000,44000,0.0
20,orbit_e1_240,orbit,Pyramid_Moss,7953,0,2034610,2034610,0.0
20,orbit_e1_240,orbit,QueenForest,11546,28,577404,571836,0.00964316146060644
20,orbit_e1_240,orbit,RiverForest,12767,27,2274617,2252316,0.009804287930671405
20,orbit_e1_240,orbit,RiverSapling,1242,0,45000,45000,0.0
20,orbit_e1_240,orbit,RiverSeedling,9526,0,2266462,2266462,0.0
21,orbit_e1_270,orbit,Anthurium,17,0,138,138,0.0
21,orbit_e1_270,orbit,Nettle,19,0,330,330,0.0
21,orbit_e1_270,orbit,ShrubSorrel,2476,0,630176,630176,0.0
21,orbit_e1_270,orbit,Shrub,48,0,11337,11337,0.0
21,orbit_e1_270,orbit,Grass_B,1351,0,339865,339865,0.0
21,orbit_e1_270,orbit,Grass_A,1104,0,280985,280985,0.0
21,orbit_e1_270,orbit,Pyramid_Grass_B,185,0,44000,44000,0.0
21,orbit_e1_270,orbit,Pyramid_Moss,7953,0,2034610,2034610,0.0
21,orbit_e1_270,orbit,QueenForest,11498,24,582816,575353,0.01280507055399989
21,orbit_e1_270,orbit,RiverForest,12761,28,2287406,2256245,0.013622854884528588
21,orbit_e1_270,orbit,RiverSapling,1242,0,45000,45000,0.0
21,orbit_e1_270,orbit,RiverSeedling,9526,0,2266462,2266462,0.0
22,orbit_e1_300,orbit,Anthurium,17,0,138,138,0.0
22,orbit_e1_300,orbit,Nettle,19,0,330,330,0.0
22,orbit_e1_300,orbit,ShrubSorrel,2476,0,630176,630176,0.0
22,orbit_e1_300,orbit,Shrub,48,0,11337,11337,0.0
22,orbit_e1_300,orbit,Grass_B,1351,0,339865,339865,0.0
22,orbit_e1_300,orbit,Grass_A,1104,0,280985,280985,0.0
22,orbit_e1_300,orbit,Pyramid_Grass_B,185,0,44000,44000,0.0
22,orbit_e1_300,orbit,Pyramid_Moss,7953,0,2034610,2034610,0.0
22,orbit_e1_300,orbit,QueenForest,11591,20,586471,581813,0.007942421705421069
22,orbit_e1_300,orbit,RiverForest,12855,13,2294352,2275652,0.008150449451522697
22,orbit_e1_300,orbit,RiverSapling,1242,0,45000,45000,0.0
22,orbit_e1_300,orbit,RiverSeedling,9526,0,2266462,2266462,0.0
23,orbit_e1_330,orbit,Anthurium,17,0,138,138,0.0
23,orbit_e1_330,orbit,Nettle,19,0,330,330,0.0
23,orbit_e1_330,orbit,ShrubSorrel,2476,0,630176,630176,0.0
23,orbit_e1_330,orbit,Shrub,48,0,11337,11337,0.0
23,orbit_e1_330,orbit,Grass_B,1351,0,339865,339865,0.0
23,orbit_e1_330,orbit,Grass_A,1104,0,280985,280985,0.0
23,orbit_e1_330,orbit,Pyramid_Grass_B,185,0,44000,44000,0.0
23,orbit_e1_330,orbit,Pyramid_Moss,7953,0,2034610,2034610,0.0
23,orbit_e1_330,orbit,QueenForest,11596,30,587669,582585,0.008651128441350488
23,orbit_e1_330,orbit,RiverForest,12851,27,2297068,2276229,0.009071999609937537
23,orbit_e1_330,orbit,RiverSapling,1242,0,45000,45000,0.0
23,orbit_e1_330,orbit,RiverSeedling,9526,0,2266462,2266462,0.0
24,interior_00,interior,Anthurium,17,0,138,138,0.0
24,interior_00,interior,Nettle,19,0,330,330,0.0
24,interior_00,interior,ShrubSorrel,2476,0,630176,630176,0.0
24,interior_00,interior,Shrub,48,0,11337,11337,0.0
24,interior_00,interior,Grass_B,1351,0,339865,339865,0.0
24,interior_00,interior,Grass_A,1104,0,280985,280985,0.0
24,interior_00,interior,Pyramid_Grass_B,185,0,44000,44000,0.0
24,interior_00,interior,Pyramid_Moss,7953,0,2034610,2034610,0.0
24,interior_00,interior,QueenForest,8089,17,412113,403333,0.0213048362948997
24,interior_00,interior,RiverForest,9053,18,1623463,1587676,0.02204361910311476
24,interior_00,interior,RiverSapling,1242,0,45000,45000,0.0
24,interior_00,interior,RiverSeedling,9526,0,2266462,2266462,0.0
25,interior_01,interior,Anthurium,0,0,0,0,0
25,interior_01,interior,Nettle,0,0,0,0,0
25,interior_01,interior,ShrubSorrel,0,0,0,0,0
25,interior_01,interior,Shrub,0,0,0,0,0
25,interior_01,interior,Grass_B,0,0,0,0,0
25,interior_01,interior,Grass_A,0,0,0,0,0
25,interior_01,interior,Pyramid_Grass_B,0,0,0,0,0
25,interior_01,interior,Pyramid_Moss,0,0,0,0,0
25,interior_01,interior,QueenForest,993,7,50795,47217,0.07044000393739541
25,interior_01,interior,RiverForest,1084,5,193243,178653,0.0755007943366642
25,interior_01,interior,RiverSapling,0,0,0,0,0
25,interior_01,interior,RiverSeedling,0,0,0,0,0
26,interior_02,interior,Anthurium,0,0,0,0,0
26,interior_02,interior,Nettle,0,0,0,0,0
26,interior_02,interior,ShrubSorrel,0,0,0,0,0
26,interior_02,interior,Shrub,0,0,0,0,0
26,interior_02,interior,Grass_B,0,0,0,0,0
26,interior_02,interior,Grass_A,0,0,0,0,0
26,interior_02,interior,Pyramid_Grass_B,0,0,0,0,0
26,interior_02,interior,Pyramid_Moss,0,0,0,0,0
26,interior_02,interior,QueenForest,974,5,44233,40523,0.0838740307010603
26,interior_02,interior,RiverForest,1027,3,179592,165675,0.07749231591607644
26,interior_02,interior,RiverSapling,0,0,0,0,0
26,interior_02,interior,RiverSeedling,0,0,0,0,0
27,interior_03,interior,Anthurium,17,0,138,138,0.0
27,interior_03,interior,Nettle,19,0,330,330,0.0
27,interior_03,interior,ShrubSorrel,2476,0,630176,630176,0.0
27,interior_03,interior,Shrub,48,0,11337,11337,0.0
27,interior_03,interior,Grass_B,1351,0,339865,339865,0.0
27,interior_03,interior,Grass_A,1104,0,280985,280985,0.0
27,interior_03,interior,Pyramid_Grass_B,185,0,44000,44000,0.0
27,interior_03,interior,Pyramid_Moss,7953,0,2034610,2034610,0.0
27,interior_03,interior,QueenForest,8072,13,420874,412446,0.02002499560438516
27,interior_03,interior,RiverForest,9058,10,1633402,1599716,0.020623214615875334
27,interior_03,interior,RiverSapling,1242,0,45000,45000,0.0
27,interior_03,interior,RiverSeedling,9526,0,2266462,2266462,0.0
28,interior_04,interior,Anthurium,0,0,0,0,0
28,interior_04,interior,Nettle,0,0,0,0,0
28,interior_04,interior,ShrubSorrel,0,0,0,0,0
28,interior_04,interior,Shrub,0,0,0,0,0
28,interior_04,interior,Grass_B,0,0,0,0,0
28,interior_04,interior,Grass_A,0,0,0,0,0
28,interior_04,interior,Pyramid_Grass_B,0,0,0,0,0
28,interior_04,interior,Pyramid_Moss,0,0,0,0,0
28,interior_04,interior,QueenForest,3598,27,189718,183141,0.03466724296060469
28,interior_04,interior,RiverForest,4029,28,721519,695892,0.035518122183892595
28,interior_04,interior,RiverSapling,0,0,0,0,0
28,interior_04,interior,RiverSeedling,0,0,0,0,0
29,interior_05,interior,Anthurium,0,0,0,0,0
29,interior_05,interior,Nettle,0,0,0,0,0
29,interior_05,interior,ShrubSorrel,0,0,0,0,0
29,interior_05,interior,Shrub,0,0,0,0,0
29,interior_05,interior,Grass_B,0,0,0,0,0
29,interior_05,interior,Grass_A,0,0,0,0,0
29,interior_05,interior,Pyramid_Grass_B,0,0,0,0,0
29,interior_05,interior,Pyramid_Moss,0,0,0,0,0
29,interior_05,interior,QueenForest,2493,8,135348,130181,0.038175665691402905
29,interior_05,interior,RiverForest,2759,11,494152,473785,0.04121606307371011
29,interior_05,interior,RiverSapling,0,0,0,0,0
29,interior_05,interior,RiverSeedling,0,0,0,0,0
30,interior_06,interior,Anthurium,0,0,0,0,0
30,interior_06,interior,Nettle,0,0,0,0,0
30,interior_06,interior,ShrubSorrel,0,0,0,0,0
30,interior_06,interior,Shrub,0,0,0,0,0
30,interior_06,interior,Grass_B,0,0,0,0,0
30,interior_06,interior,Grass_A,0,0,0,0,0
30,interior_06,interior,Pyramid_Grass_B,0,0,0,0,0
30,interior_06,interior,Pyramid_Moss,0,0,0,0,0
30,interior_06,interior,QueenForest,2508,2,120626,115521,0.042320892676537394
30,interior_06,interior,RiverForest,2702,3,468689,448171,0.043777430236254744
30,interior_06,interior,RiverSapling,0,0,0,0,0
30,interior_06,interior,RiverSeedling,0,0,0,0,0
31,interior_07,interior,Anthurium,0,0,0,0,0
31,interior_07,interior,Nettle,0,0,0,0,0
31,interior_07,interior,ShrubSorrel,0,0,0,0,0
31,interior_07,interior,Shrub,0,0,0,0,0
31,interior_07,interior,Grass_B,0,0,0,0,0
31,interior_07,interior,Grass_A,0,0,0,0,0
31,interior_07,interior,Pyramid_Grass_B,0,0,0,0,0
31,interior_07,interior,Pyramid_Moss,0,0,0,0,0
31,interior_07,interior,QueenForest,3612,14,177096,170965,0.03461964132447938
31,interior_07,interior,RiverForest,3869,11,703652,678148,0.03624518938338838
31,interior_07,interior,RiverSapling,0,0,0,0,0
31,interior_07,interior,RiverSeedling,0,0,0,0,0
32,top_00,top,Anthurium,17,0,138,138,0.0
32,top_00,top,Nettle,19,0,330,330,0.0
32,top_00,top,ShrubSorrel,2476,0,630176,630176,0.0
32,top_00,top,Shrub,48,0,11337,11337,0.0
32,top_00,top,Grass_B,1351,0,339865,339865,0.0
32,top_00,top,Grass_A,1104,0,280985,280985,0.0
32,top_00,top,Pyramid_Grass_B,185,0,44000,44000,0.0
32,top_00,top,Pyramid_Moss,7953,0,2034610,2034610,0.0
32,top_00,top,QueenForest,6257,14,319683,312473,0.0225535921522258
32,top_00,top,RiverForest,7043,17,1256147,1225241,0.02460380831224371
32,top_00,top,RiverSapling,1242,0,45000,45000,0.0
32,top_00,top,RiverSeedling,9526,0,2266462,2266462,0.0
33,top_01,top,Anthurium,17,0,138,138,0.0
33,top_01,top,Nettle,19,0,330,330,0.0
33,top_01,top,ShrubSorrel,2476,0,630176,630176,0.0
33,top_01,top,Shrub,48,0,11337,11337,0.0
33,top_01,top,Grass_B,1351,0,339865,339865,0.0
33,top_01,top,Grass_A,1104,0,280985,280985,0.0
33,top_01,top,Pyramid_Grass_B,185,0,44000,44000,0.0
33,top_01,top,Pyramid_Moss,7953,0,2034610,2034610,0.0
33,top_01,top,QueenForest,6277,20,302211,295124,0.023450503125299872
33,top_01,top,RiverForest,6975,20,1223169,1191817,0.025631781053967195
33,top_01,top,RiverSapling,1242,0,45000,45000,0.0
33,top_01,top,RiverSeedling,9526,0,2266462,2266462,0.0
34,top_02,top,Anthurium,17,0,138,138,0.0
34,top_02,top,Nettle,19,0,330,330,0.0
34,top_02,top,ShrubSorrel,2476,0,630176,630176,0.0
34,top_02,top,Shrub,48,0,11337,11337,0.0
34,top_02,top,Grass_B,1351,0,339865,339865,0.0
34,top_02,top,Grass_A,1104,0,280985,280985,0.0
34,top_02,top,Pyramid_Grass_B,185,0,44000,44000,0.0
34,top_02,top,Pyramid_Moss,7953,0,2034610,2034610,0.0
34,top_02,top,QueenForest,6302,19,326714,319038,0.023494554870620788
34,top_02,top,RiverForest,7106,23,1278484,1244878,0.026285819767787474
34,top_02,top,RiverSapling,1242,0,45000,45000,0.0
34,top_02,top,RiverSeedling,9526,0,2266462,2266462,0.0
35,top_03,top,Anthurium,17,0,138,138,0.0
35,top_03,top,Nettle,19,0,330,330,0.0
35,top_03,top,ShrubSorrel,2476,0,630176,630176,0.0
35,top_03,top,Shrub,48,0,11337,11337,0.0
35,top_03,top,Grass_B,1351,0,339865,339865,0.0
35,top_03,top,Grass_A,1104,0,280985,280985,0.0
35,top_03,top,Pyramid_Grass_B,185,0,44000,44000,0.0
35,top_03,top,Pyramid_Moss,7953,0,2034610,2034610,0.0
35,top_03,top,QueenForest,6209,14,317575,311299,0.019762260883255924
35,top_03,top,RiverForest,7043,13,1249204,1221168,0.022443091760833297
35,top_03,top,RiverSapling,1242,0,45000,45000,0.0
35,top_03,top,RiverSeedling,9526,0,2266462,2266462,0.0
36,Camera,authored,Anthurium,0,0,0,0,0
36,Camera,authored,Nettle,0,0,0,0,0
36,Camera,authored,ShrubSorrel,0,0,0,0,0
36,Camera,authored,Shrub,40,5,9780,5352,0.452760736196319
36,Camera,authored,Grass_B,673,67,172033,125846,0.2684775595379956
36,Camera,authored,Grass_A,686,79,175616,124468,0.2912490889212828
36,Camera,authored,Pyramid_Grass_B,185,0,44000,42412,0.03609090909090909
36,Camera,authored,Pyramid_Moss,7938,7,2030770,1947926,0.040794378486977846
36,Camera,authored,QueenForest,2277,13,106728,100651,0.05693913499737651
36,Camera,authored,RiverForest,2417,13,446035,420101,0.05814341923840057
36,Camera,authored,RiverSapling,142,7,5995,4319,0.27956630525437864
36,Camera,authored,RiverSeedling,760,43,178355,139646,0.21703344453477616
