base_chunk_limit,vertex_offset,vertex_count,mesh_id,mesh_name,base_submesh_id,base_submesh_name,lod_submeshes,shared_vertex_chunks,shared_vertex_refs,duplicate_vertices,draw_ranges,additional_draw_ranges
57344,142338,143766,5,RiverSapling_02_Translucent,107,MI_RiverFamily_Leaves_TwoSided,7,3,147276,3510,21,14
57344,353500,132790,6,RiverSapling_05_Translucent,128,MI_RiverFamily_Leaves_TwoSided,7,3,135851,3061,21,14
57344,557246,144011,7,RiverSapling_01_Translucent,149,MI_RiverFamily_Leaves_TwoSided,7,3,147580,3569,21,14
57344,709451,67312,8,RiverSapling_04_Translucent,169,MI_RiverFamily_Branches,7,2,67317,5,14,7
57344,776763,161406,8,RiverSapling_04_Translucent,170,MI_RiverFamily_Leaves_TwoSided,7,3,165351,3945,21,14
57344,1009206,145383,9,RiverSapling_03_Translucent,191,MI_RiverFamily_Leaves_TwoSided,7,3,148936,3553,21,14
57344,1182771,285964,10,RiverForest_03_Animated_Translucent,211,MI_RiverFamily_Branches,7,5,285972,8,35,28
57344,1468735,383817,10,RiverForest_03_Animated_Translucent,212,MI_RiverFamily_Leaves_TwoSided,7,7,406385,22568,49,42
57344,1880734,289706,11,RiverForest_01_Animated_Translucent,232,MI_RiverFamily_Branches,7,6,289717,11,41,34
57344,2170440,389599,11,RiverForest_01_Animated_Translucent,233,MI_RiverFamily_Leaves_TwoSided,7,7,412229,22630,49,42
57344,2588171,289168,12,RiverForest_05_Animated_Translucent,253,MI_RiverFamily_Branches,7,6,289188,20,41,34
57344,2877339,389599,12,RiverForest_05_Animated_Translucent,254,MI_RiverFamily_Leaves_TwoSided,7,7,411960,22361,49,42
57344,3271984,414800,13,QueenForest_02_Animated_Translucent,274,MI_QueenPalm_Leaves_TwoSided,7,8,415949,1149,56,49
57344,3686784,80136,13,QueenForest_02_Animated_Translucent,275,MI_QueenPalm_FruitBranches,7,2,80147,11,13,6
57344,3824832,82880,13,QueenForest_02_Animated_Translucent,279,MI_QueenPalm_DeadLeaves_TwoSided,7,2,82886,6,14,7
57344,3907712,234600,13,QueenForest_02_Animated_Translucent,280,MI_QueenPalm_Berries,7,5,234677,77,35,28
57344,4147260,417240,14,QueenForest_05_Animated_Translucent,330,MI_QueenPalm_Leaves_TwoSided,7,8,418401,1161,56,49
57344,4564500,80880,14,QueenForest_05_Animated_Translucent,331,MI_QueenPalm_FruitBranches,7,2,80896,16,14,7
57344,4703484,84000,14,QueenForest_05_Animated_Translucent,335,MI_QueenPalm_DeadLeaves_TwoSided,7,2,84008,8,14,7
57344,4787484,240720,14,QueenForest_05_Animated_Translucent,336,MI_QueenPalm_Berries,7,5,240798,78,35,28
57344,5033152,472384,15,QueenForest_06_Animated_Translucent,386,MI_QueenPalm_Leaves_TwoSided,7,9,473583,1199,63,56
57344,5505536,97704,15,QueenForest_06_Animated_Translucent,387,MI_QueenPalm_FruitBranches,7,2,97704,0,14,7
57344,5663216,94920,15,QueenForest_06_Animated_Translucent,391,MI_QueenPalm_DeadLeaves_TwoSided,7,2,95059,139,14,7
57344,5758136,327080,15,QueenForest_06_Animated_Translucent,392,MI_QueenPalm_Berries,7,6,327171,91,42,35
57344,6202066,167590,53,M_4x4_03,700,MI_Terrain_X4_Y4,7,3,174266,6676,21,14
57344,6369656,167238,54,M_4x4_01,707,MI_Terrain_X4_Y4,7,3,173926,6688,21,14
57344,6536894,168352,55,M_4x4_02,714,MI_Terrain_X4_Y4,7,3,174920,6568,21,14
57344,6705246,167308,56,M_4x4_04,721,MI_Terrain_X4_Y4,7,3,174153,6845,21,14
57344,6872554,167110,57,M_3x4_03,728,MI_Terrain_X3_Y4,7,3,174295,7185,21,14
57344,7039664,166954,58,M_3x4_01,735,MI_Terrain_X3_Y4,7,3,173934,6980,21,14
57344,7206618,167190,59,M_3x4_02,742,MI_Terrain_X3_Y4,7,3,173921,6731,21,14
57344,7373808,167168,60,M_3x4_04,749,MI_Terrain_X3_Y4,7,3,174350,7182,21,14
57344,7540976,167910,61,M_4x3_03,756,MI_Terrain_X4_Y3,7,3,174299,6389,21,14
57344,7708886,167840,62,M_4x3_01,763,MI_Terrain_X4_Y3,7,3,174276,6436,21,14
57344,7876726,167406,63,M_4x3_02,770,MI_Terrain_X4_Y3,7,3,174065,6659,21,14
57344,8044132,167704,64,M_3x3_04,777,MI_Terrain_X3_Y3,7,3,174507,6803,21,14
57344,8211836,167478,65,M_3x3_03,784,MI_Terrain_X3_Y3,7,3,173685,6207,21,14
57344,8379314,167580,66,M_3x3_01,791,MI_Terrain_X3_Y3,7,3,174498,6918,21,14
57344,8546894,167296,67,M_3x3_02,798,MI_Terrain_X3_Y3,7,3,174378,7082,21,14
57344,8714190,166950,68,M_4x3_04,805,MI_Terrain_X4_Y3,7,3,173380,6430,21,14
57344,8881140,163820,69,E_X2_Y5_43,812,MI_Terrain_X2_Y5,7,3,164406,586,21,14
57344,9044960,164016,70,E_X1_Y5_42,819,MI_Terrain_X1_Y5,7,3,164646,630,21,14
57344,9208976,164502,71,E_X0_Y5_41,826,MI_Terrain_X0_Y5,7,3,165106,604,21,14
57344,9373478,163902,72,E_X0_Y4_33,833,MI_Terrain_X0_Y4,7,3,164482,580,21,14
57344,9537380,164074,73,E_X1_Y4_34,840,MI_Terrain_X1_Y4,7,3,164704,630,21,14
57344,9701454,164344,74,E_X2_Y4_35,847,MI_Terrain_X2_Y4,7,3,164908,564,21,14
57344,9865798,164042,75,E_X5_Y4_38,854,MI_Terrain_X5_Y4,7,3,164692,650,21,14
57344,10029840,163886,76,E_X6_Y4_39,861,MI_Terrain_X6_Y4,7,3,164451,565,21,14
57344,10193726,164142,77,E_X7_Y4_40,868,MI_Terrain_X7_Y4,7,3,164761,619,21,14
57344,10357868,165174,78,E_X7_Y3_32,875,MI_Terrain_X7_Y3,7,3,165742,568,21,14
57344,10523042,163816,79,E_X6_Y3_31,882,MI_Terrain_X6_Y3,7,3,164428,612,21,14
57344,10686858,164010,80,E_X5_Y3_30,889,MI_Terrain_X5_Y3,7,3,164570,560,21,14
57344,10850868,164122,81,E_X2_Y3_27,896,MI_Terrain_X2_Y3,7,3,164693,571,21,14
57344,11014990,163856,82,E_X1_Y3_26,903,MI_Terrain_X1_Y3,7,3,164501,645,21,14
57344,11178846,164174,83,E_X0_Y3_25,910,MI_Terrain_X0_Y3,7,3,164791,617,21,14
57344,11343020,164336,84,E_X0_Y2_17,917,MI_Terrain_X0_Y2,7,3,165025,689,21,14
57344,11507356,163836,85,E_X1_Y2_18,924,MI_Terrain_X1_Y2,7,3,164454,618,21,14
57344,11671192,163888,86,E_X2_Y2_19,931,MI_Terrain_X2_Y2,7,3,164530,642,21,14
57344,11835080,163708,87,E_X3_Y2_20,938,MI_Terrain_X3_Y2,7,3,164331,623,21,14
57344,11998788,164150,88,E_X4_Y2_21,945,MI_Terrain_X4_Y2,7,3,164810,660,21,14
57344,12162938,164472,89,E_X5_Y2_22,952,MI_Terrain_X5_Y2,7,3,165069,597,21,14
57344,12327410,164426,90,E_X6_Y2_23,959,MI_Terrain_X6_Y2,7,3,165059,633,21,14
57344,12491836,163926,91,E_X7_Y2_24,966,MI_Terrain_X7_Y2,7,3,164510,584,21,14
57344,12655762,163956,92,E_X0_Y1_9,973,MI_Terrain_X0_Y1,7,3,164585,629,21,14
57344,12819718,163998,93,E_X1_Y1_10,980,MI_Terrain_X1_Y1,7,3,164606,608,21,14
57344,12983716,163748,94,E_X2_Y1_11,987,MI_Terrain_X2_Y1,7,3,164356,608,21,14
57344,13147464,163640,95,E_X3_Y1_12,994,MI_Terrain_X3_Y1,7,3,164249,609,21,14
57344,13311104,163992,96,E_X4_Y1_13,1001,MI_Terrain_X4_Y1,7,3,164542,550,21,14
57344,13475096,163816,97,E_X5_Y1_14,1008,MI_Terrain_X5_Y1,7,3,164411,595,21,14
57344,13638912,164130,98,E_X6_Y1_15,1015,MI_Terrain_X6_Y1,7,3,164704,574,21,14
57344,13803042,164608,99,E_X7_Y1_16,1022,MI_Terrain_X7_Y1,7,3,165255,647,21,14
57344,13967650,164042,100,E_X7_Y0_8,1029,MI_Terrain_X7_Y0,7,3,164646,604,21,14
57344,14131692,164986,101,E_X6_Y0_7,1036,MI_Terrain_X6_Y0,7,3,165518,532,21,14
57344,14296678,163964,102,E_X5_Y0_6,1043,MI_Terrain_X5_Y0,7,3,164509,545,21,14
57344,14460642,163904,103,E_X4_Y0_5,1050,MI_Terrain_X4_Y0,7,3,164490,586,21,14
57344,14624546,164136,104,E_X3_Y0_4,1057,MI_Terrain_X3_Y0,7,3,164669,533,21,14
57344,14788682,163644,105,E_X2_Y0_3,1064,MI_Terrain_X2_Y0,7,3,164283,639,21,14
57344,14952326,163948,106,E_X1_Y0_2,1071,MI_Terrain_X1_Y0,7,3,164516,568,21,14
57344,15116274,163836,107,E_X0_Y0_1,1078,MI_Terrain_X0_Y0,7,3,164469,633,21,14
57344,15280110,493244,108,E_X4_Y4_37,1085,MI_Terrain_X4_Y4,7,9,521881,28637,63,56
57344,15773354,492726,109,E_X3_Y4_36,1092,MI_Terrain_X3_Y4,7,9,521718,28992,63,56
57344,16266080,494004,110,E_X4_Y3_29,1099,MI_Terrain_X4_Y3,7,9,522613,28609,63,56
57344,16760084,492388,111,E_X3_Y3_28,1106,MI_Terrain_X3_Y3,7,9,522721,30333,63,56
57344,17252472,163708,112,E_X7_Y7_64,1113,MI_Terrain_X7_Y7,7,3,164331,623,21,14
57344,17416180,164008,113,E_X6_Y7_63,1120,MI_Terrain_X6_Y7,7,3,164638,630,21,14
57344,17580188,163758,114,E_X5_Y7_62,1127,MI_Terrain_X5_Y7,7,3,164351,593,21,14
57344,17743946,163854,115,E_X4_Y7_61,1134,MI_Terrain_X4_Y7,7,3,164440,586,21,14
57344,17907800,163794,116,E_X3_Y7_60,1141,MI_Terrain_X3_Y7,7,3,164392,598,21,14
57344,18071594,163904,117,E_X2_Y7_59,1148,MI_Terrain_X2_Y7,7,3,164542,638,21,14
57344,18235498,163992,118,E_X1_Y7_58,1155,MI_Terrain_X1_Y7,7,3,164596,604,21,14
57344,18399490,164146,119,E_X0_Y7_57,1162,MI_Terrain_X0_Y7,7,3,164729,583,21,14
57344,18563636,164166,120,E_X0_Y6_49,1169,MI_Terrain_X0_Y6,7,3,164831,665,21,14
57344,18727802,163842,121,E_X1_Y6_50,1176,MI_Terrain_X1_Y6,7,3,164442,600,21,14
57344,18891644,163618,122,E_X2_Y6_51,1183,MI_Terrain_X2_Y6,7,3,164241,623,21,14
57344,19055262,163650,123,E_X3_Y6_52,1190,MI_Terrain_X3_Y6,7,3,164274,624,21,14
57344,19218912,163752,124,E_X4_Y6_53,1197,MI_Terrain_X4_Y6,7,3,164320,568,21,14
57344,19382664,163850,125,E_X5_Y6_54,1204,MI_Terrain_X5_Y6,7,3,164448,598,21,14
57344,19546514,163914,126,E_X6_Y6_55,1211,MI_Terrain_X6_Y6,7,3,164536,622,21,14
57344,19710428,163762,127,E_X7_Y6_56,1218,MI_Terrain_X7_Y6,7,3,164375,613,21,14
57344,19874190,163714,128,E_X7_Y5_48,1225,MI_Terrain_X7_Y5,7,3,164308,594,21,14
57344,20037904,163686,129,E_X6_Y5_47,1232,MI_Terrain_X6_Y5,7,3,164289,603,21,14
57344,20201590,163848,130,E_X5_Y5_46,1239,MI_Terrain_X5_Y5,7,3,164450,602,21,14
57344,20365438,164024,131,E_X4_Y5_45,1246,MI_Terrain_X4_Y5,7,3,164622,598,21,14
57344,20529462,163934,132,E_X3_Y5_44,1253,MI_Terrain_X3_Y5,7,3,164503,569,21,14
57344,20713102,86405,134,Pyramid_v1a,1272,MI_Pyramid_WallTop_L,7,2,86725,320,14,7
57344,20799507,73182,134,Pyramid_v1a,1273,MI_Pyramid_WallTop_R,7,2,73527,345,14,7
57344,20891589,98695,134,Pyramid_v1a,1275,MI_Pyramid_Column,7,2,98753,58,14,7
57344,21024830,79285,134,Pyramid_v1a,1281,MI_Pyramid_BottomWallCorner,7,2,79329,44,14,7
57344,21104115,182021,134,Pyramid_v1a,1282,MI_Pyramid_BottomWallSide,7,4,182171,150,28,21
57344,21301668,3581712,135,STT_BanyanForest_ROP_Reduced_001_Translucent,1400,MI_Banyan_Bark,7,63,3581778,66,368,361
57344,24883380,132990,135,STT_BanyanForest_ROP_Reduced_001_Translucent,1401,MI_Banyan_Vines,7,3,132997,7,21,14
57344,25016370,7237387,135,STT_BanyanForest_ROP_Reduced_001_Translucent,1402,MI_Banyan_Leaves_TwoSided,7,127,7524759,287372,889,882
