mesh_index,mesh_name,recommended_lod,recommended_percent,reason,user_selected_lod,user_notes
0,RiverSeedling_01_Translucent,0,100,full-size visual threshold only passes LOD0,,
1,RiverSeedling_02_Translucent,0,100,full-size visual threshold only passes LOD0,,
2,RiverSeedling_04_Translucent,0,100,full-size visual threshold only passes LOD0,,
3,RiverSeedling_03_Translucent,0,100,full-size visual threshold only passes LOD0,,
4,RiverSeedling_05_Translucent,0,100,full-size visual threshold only passes LOD0,,
5,RiverSapling_02_Translucent,1,50,all three full-size views pass MAE/IoU draft thresholds,,
6,RiverSapling_05_Translucent,1,50,all three full-size views pass MAE/IoU draft thresholds,,
7,RiverSapling_01_Translucent,1,50,all three full-size views pass MAE/IoU draft thresholds,,
8,RiverSapling_04_Translucent,1,50,all three full-size views pass MAE/IoU draft thresholds,,
9,RiverSapling_03_Translucent,1,50,all three full-size views pass MAE/IoU draft thresholds,,
10,RiverForest_03_Animated_Translucent,1,50,all three full-size views pass MAE/IoU draft thresholds,,
11,RiverForest_01_Animated_Translucent,1,50,all three full-size views pass MAE/IoU draft thresholds,,
12,RiverForest_05_Animated_Translucent,1,50,all three full-size views pass MAE/IoU draft thresholds,,
13,QueenForest_02_Animated_Translucent,2,25,all three full-size views pass MAE/IoU draft thresholds,,
14,QueenForest_05_Animated_Translucent,2,25,all three full-size views pass MAE/IoU draft thresholds,,
15,QueenForest_06_Animated_Translucent,2,25,all three full-size views pass MAE/IoU draft thresholds,,
16,Moss_01,0,100,full-size visual threshold only passes LOD0,,
17,Moss_03,0,100,full-size visual threshold only passes LOD0,,
18,Moss_02,0,100,full-size visual threshold only passes LOD0,,
19,Grass_B_02,0,100,full-size visual threshold only passes LOD0,,
20,Grass_B_03,0,100,full-size visual threshold only passes LOD0,,
21,Grass_B_05,0,100,full-size visual threshold only passes LOD0,,
22,Grass_B_01,0,100,full-size visual threshold only passes LOD0,,
23,Grass_B_04,0,100,full-size visual threshold only passes LOD0,,
24,Grass_A_06,0,100,full-size visual threshold only passes LOD0,,
25,Grass_A_04,0,100,full-size visual threshold only passes LOD0,,
26,Grass_A_02,0,100,full-size visual threshold only passes LOD0,,
27,Grass_A_03,0,100,full-size visual threshold only passes LOD0,,
28,Grass_A_05,0,100,full-size visual threshold only passes LOD0,,
29,Grass_A_01,0,100,full-size visual threshold only passes LOD0,,
30,Shrub_02,0,100,full-size visual threshold only passes LOD0,,
31,Shrub_03,0,100,full-size visual threshold only passes LOD0,,
32,Shrub_01,0,100,full-size visual threshold only passes LOD0,,
33,Shrub_04,0,100,full-size visual threshold only passes LOD0,,
34,ShrubSorrel_01_Translucent,0,100,full-size visual threshold only passes LOD0,,
35,ShrubSorrel_05_Translucent,0,100,full-size visual threshold only passes LOD0,,
36,ShrubSorrel_07_Translucent,0,100,full-size visual threshold only passes LOD0,,
37,ShrubSorrel_03_Translucent,0,100,full-size visual threshold only passes LOD0,,
38,ShrubSorrel_06_Translucent,0,100,full-size visual threshold only passes LOD0,,
39,ShrubSorrel_02_Translucent,0,100,full-size visual threshold only passes LOD0,,
40,ShrubSorrel_04_Translucent,0,100,full-size visual threshold only passes LOD0,,
41,Nettle_03_Translucent,0,100,full-size visual threshold only passes LOD0,,
42,Nettle_02_Translucent,1,50,all three full-size views pass MAE/IoU draft thresholds,,
43,Nettle_06_Translucent,1,50,all three full-size views pass MAE/IoU draft thresholds,,
44,Nettle_01_Translucent,1,50,all three full-size views pass MAE/IoU draft thresholds,,
45,Nettle_04_Translucent,0,100,full-size visual threshold only passes LOD0,,
46,Nettle_05_Translucent,1,50,all three full-size views pass MAE/IoU draft thresholds,,
47,Anthurium_05_Translucent,3,12,all three full-size views pass MAE/IoU draft thresholds,,
48,Anthurium_02_Translucent,3,12,all three full-size views pass MAE/IoU draft thresholds,,
49,Anthurium_04_Translucent,4,6,all three full-size views pass MAE/IoU draft thresholds,,
50,Anthurium_03_Translucent,3,12,all three full-size views pass MAE/IoU draft thresholds,,
51,Anthurium_06_Translucent,4,6,all three full-size views pass MAE/IoU draft thresholds,,
52,Anthurium_01_Translucent,3,12,all three full-size views pass MAE/IoU draft thresholds,,
53,M_4x4_03,5,3,all three full-size views pass MAE/IoU draft thresholds,,
54,M_4x4_01,5,3,all three full-size views pass MAE/IoU draft thresholds,,
55,M_4x4_02,5,3,all three full-size views pass MAE/IoU draft thresholds,,
56,M_4x4_04,5,3,all three full-size views pass MAE/IoU draft thresholds,,
57,M_3x4_03,5,3,all three full-size views pass MAE/IoU draft thresholds,,
58,M_3x4_01,5,3,all three full-size views pass MAE/IoU draft thresholds,,
59,M_3x4_02,5,3,all three full-size views pass MAE/IoU draft thresholds,,
60,M_3x4_04,5,3,all three full-size views pass MAE/IoU draft thresholds,,
61,M_4x3_03,5,3,all three full-size views pass MAE/IoU draft thresholds,,
62,M_4x3_01,5,3,all three full-size views pass MAE/IoU draft thresholds,,
63,M_4x3_02,5,3,all three full-size views pass MAE/IoU draft thresholds,,
64,M_3x3_04,6,1,all three full-size views pass MAE/IoU draft thresholds,,
65,M_3x3_03,5,3,all three full-size views pass MAE/IoU draft thresholds,,
66,M_3x3_01,5,3,all three full-size views pass MAE/IoU draft thresholds,,
67,M_3x3_02,5,3,all three full-size views pass MAE/IoU draft thresholds,,
68,M_4x3_04,5,3,all three full-size views pass MAE/IoU draft thresholds,,
69,E_X2_Y5_43,5,3,all three full-size views pass MAE/IoU draft thresholds,,
70,E_X1_Y5_42,6,1,all three full-size views pass MAE/IoU draft thresholds,,
71,E_X0_Y5_41,5,3,all three full-size views pass MAE/IoU draft thresholds,,
72,E_X0_Y4_33,5,3,all three full-size views pass MAE/IoU draft thresholds,,
73,E_X1_Y4_34,5,3,all three full-size views pass MAE/IoU draft thresholds,,
74,E_X2_Y4_35,5,3,all three full-size views pass MAE/IoU draft thresholds,,
75,E_X5_Y4_38,5,3,all three full-size views pass MAE/IoU draft thresholds,,
76,E_X6_Y4_39,5,3,all three full-size views pass MAE/IoU draft thresholds,,
77,E_X7_Y4_40,5,3,all three full-size views pass MAE/IoU draft thresholds,,
78,E_X7_Y3_32,6,1,all three full-size views pass MAE/IoU draft thresholds,,
79,E_X6_Y3_31,5,3,all three full-size views pass MAE/IoU draft thresholds,,
80,E_X5_Y3_30,6,1,all three full-size views pass MAE/IoU draft thresholds,,
81,E_X2_Y3_27,5,3,all three full-size views pass MAE/IoU draft thresholds,,
82,E_X1_Y3_26,5,3,all three full-size views pass MAE/IoU draft thresholds,,
83,E_X0_Y3_25,6,1,all three full-size views pass MAE/IoU draft thresholds,,
84,E_X0_Y2_17,6,1,all three full-size views pass MAE/IoU draft thresholds,,
85,E_X1_Y2_18,5,3,all three full-size views pass MAE/IoU draft thresholds,,
86,E_X2_Y2_19,5,3,all three full-size views pass MAE/IoU draft thresholds,,
87,E_X3_Y2_20,4,6,all three full-size views pass MAE/IoU draft thresholds,,
88,E_X4_Y2_21,6,1,all three full-size views pass MAE/IoU draft thresholds,,
89,E_X5_Y2_22,6,1,all three full-size views pass MAE/IoU draft thresholds,,
90,E_X6_Y2_23,5,3,all three full-size views pass MAE/IoU draft thresholds,,
91,E_X7_Y2_24,5,3,all three full-size views pass MAE/IoU draft thresholds,,
92,E_X0_Y1_9,5,3,all three full-size views pass MAE/IoU draft thresholds,,
93,E_X1_Y1_10,6,1,all three full-size views pass MAE/IoU draft thresholds,,
94,E_X2_Y1_11,5,3,all three full-size views pass MAE/IoU draft thresholds,,
95,E_X3_Y1_12,4,6,all three full-size views pass MAE/IoU draft thresholds,,
96,E_X4_Y1_13,5,3,all three full-size views pass MAE/IoU draft thresholds,,
97,E_X5_Y1_14,5,3,all three full-size views pass MAE/IoU draft thresholds,,
98,E_X6_Y1_15,5,3,all three full-size views pass MAE/IoU draft thresholds,,
99,E_X7_Y1_16,6,1,all three full-size views pass MAE/IoU draft thresholds,,
100,E_X7_Y0_8,6,1,all three full-size views pass MAE/IoU draft thresholds,,
101,E_X6_Y0_7,5,3,all three full-size views pass MAE/IoU draft thresholds,,
102,E_X5_Y0_6,5,3,all three full-size views pass MAE/IoU draft thresholds,,
103,E_X4_Y0_5,5,3,all three full-size views pass MAE/IoU draft thresholds,,
104,E_X3_Y0_4,5,3,all three full-size views pass MAE/IoU draft thresholds,,
105,E_X2_Y0_3,5,3,all three full-size views pass MAE/IoU draft thresholds,,
106,E_X1_Y0_2,5,3,all three full-size views pass MAE/IoU draft thresholds,,
107,E_X0_Y0_1,5,3,all three full-size views pass MAE/IoU draft thresholds,,
108,E_X4_Y4_37,6,1,all three full-size views pass MAE/IoU draft thresholds,,
109,E_X3_Y4_36,6,1,all three full-size views pass MAE/IoU draft thresholds,,
110,E_X4_Y3_29,6,1,all three full-size views pass MAE/IoU draft thresholds,,
111,E_X3_Y3_28,6,1,all three full-size views pass MAE/IoU draft thresholds,,
112,E_X7_Y7_64,5,3,all three full-size views pass MAE/IoU draft thresholds,,
113,E_X6_Y7_63,5,3,all three full-size views pass MAE/IoU draft thresholds,,
114,E_X5_Y7_62,5,3,all three full-size views pass MAE/IoU draft thresholds,,
115,E_X4_Y7_61,5,3,all three full-size views pass MAE/IoU draft thresholds,,
116,E_X3_Y7_60,5,3,all three full-size views pass MAE/IoU draft thresholds,,
117,E_X2_Y7_59,5,3,all three full-size views pass MAE/IoU draft thresholds,,
118,E_X1_Y7_58,5,3,all three full-size views pass MAE/IoU draft thresholds,,
119,E_X0_Y7_57,5,3,all three full-size views pass MAE/IoU draft thresholds,,
120,E_X0_Y6_49,5,3,all three full-size views pass MAE/IoU draft thresholds,,
121,E_X1_Y6_50,5,3,all three full-size views pass MAE/IoU draft thresholds,,
122,E_X2_Y6_51,5,3,all three full-size views pass MAE/IoU draft thresholds,,
123,E_X3_Y6_52,5,3,all three full-size views pass MAE/IoU draft thresholds,,
124,E_X4_Y6_53,5,3,all three full-size views pass MAE/IoU draft thresholds,,
125,E_X5_Y6_54,5,3,all three full-size views pass MAE/IoU draft thresholds,,
126,E_X6_Y6_55,5,3,all three full-size views pass MAE/IoU draft thresholds,,
127,E_X7_Y6_56,5,3,all three full-size views pass MAE/IoU draft thresholds,,
128,E_X7_Y5_48,5,3,all three full-size views pass MAE/IoU draft thresholds,,
129,E_X6_Y5_47,5,3,all three full-size views pass MAE/IoU draft thresholds,,
130,E_X5_Y5_46,5,3,all three full-size views pass MAE/IoU draft thresholds,,
131,E_X4_Y5_45,6,1,all three full-size views pass MAE/IoU draft thresholds,,
132,E_X3_Y5_44,5,3,all three full-size views pass MAE/IoU draft thresholds,,
133,River,1,50,all three full-size views pass MAE/IoU draft thresholds,,
134,Pyramid_v1a,2,25,all three full-size views pass MAE/IoU draft thresholds,,
135,STT_BanyanForest_ROP_Reduced_001_Translucent,1,50,all three full-size views pass MAE/IoU draft thresholds,,
136,Creek,6,1,all three full-size views pass MAE/IoU draft thresholds,,
