material_id,material,base_color,emissive,roughness,metallic,opacity,opacity_threshold,ior,specular,clearcoat,clearcoat_roughness,lod0_submesh_count,all_lod_submesh_count,lod0_triangles,meshes,base_color_binding,base_color_texture,base_color_channel,base_color_format,normal_binding,normal_texture,normal_channel,normal_format,roughness_binding,roughness_texture,roughness_channel,roughness_format,metallic_binding,metallic_texture,metallic_channel,metallic_format,opacity_binding,opacity_texture,opacity_channel,opacity_format,emissive_binding,emissive_texture,emissive_channel,emissive_format
0,MI_RiverFamily_Branches,"[1.0, 1.0, 1.0, 1.0]","[0.0, 0.0, 0.0]",0.5,0.0,1.0,0.0,1.5,0.5,0.0,0.029999999329447746,1,4,2920,RiverSeedling_01_Translucent,0,PX_Pinus_Rigida_Bark_02_Albedo_Processed.png,RGB,BC1_UNORM,1,PX_Pinus_Rigida_Bark_02_Normal_Processed.png,RGB,BC5_UNORM,2,PX_Pinus_Rigida_Bark_02_Roughness_Processed.png,R,BC4_UNORM,,,,,,,,,,,,
1,MI_RiverFamily_Trunk,"[1.0, 1.0, 1.0, 1.0]","[0.0, 0.0, 0.0]",0.5,0.0,1.0,0.0,1.4500000476837158,0.5,0.0,0.029999999329447746,1,4,1002,RiverSeedling_01_Translucent,3,PX_Chamaecyparis_Pisifera_Bark_01_Albedo_Processed.png,RGB,BC1_UNORM,4,PX_Chamaecyparis_Pisifera_Bark_01_Normal_Processed.png,RGB,BC5_UNORM,5,PX_Chamaecyparis_Pisifera_Bark_01_Roughness_Processed.png,R,BC4_UNORM,,,,,,,,,,,,
2,MI_RiverFamily_Leaves_TwoSided,"[1.0, 1.0, 1.0, 1.0]","[0.0, 0.0, 0.0]",0.5,0.0,1.0,0.5,1.4500000476837158,0.5,0.0,0.029999999329447746,1,4,2852,RiverSeedling_01_Translucent,6,PX_Prunus_x_yedoensis_Leaf_03_albedo.jpg,RGB,BC1_UNORM,7,PX_Prunus_x_yedoensis_Leaf_03_normal.jpg,RGB,BC5_UNORM,8,PX_Prunus_x_yedoensis_Leaf_03_roughness.jpg,R,BC4_UNORM,,,,,9,PX_Prunus_x_yedoensis_Leaf_03_opacity.jpg,R,BC4_UNORM,,,,
3,MI_RiverFamily_Branches,"[1.0, 1.0, 1.0, 1.0]","[0.0, 0.0, 0.0]",0.5,0.0,1.0,0.0,1.5,0.5,0.0,0.029999999329447746,1,4,2920,RiverSeedling_02_Translucent,10,PX_Pinus_Rigida_Bark_02_Albedo_Processed.png,RGB,BC1_UNORM,11,PX_Pinus_Rigida_Bark_02_Normal_Processed.png,RGB,BC5_UNORM,12,PX_Pinus_Rigida_Bark_02_Roughness_Processed.png,R,BC4_UNORM,,,,,,,,,,,,
4,MI_RiverFamily_Trunk,"[1.0, 1.0, 1.0, 1.0]","[0.0, 0.0, 0.0]",0.5,0.0,1.0,0.0,1.4500000476837158,0.5,0.0,0.029999999329447746,1,4,1002,RiverSeedling_02_Translucent,13,PX_Chamaecyparis_Pisifera_Bark_01_Albedo_Processed.png,RGB,BC1_UNORM,14,PX_Chamaecyparis_Pisifera_Bark_01_Normal_Processed.png,RGB,BC5_UNORM,15,PX_Chamaecyparis_Pisifera_Bark_01_Roughness_Processed.png,R,BC4_UNORM,,,,,,,,,,,,
5,MI_RiverFamily_Leaves_TwoSided,"[1.0, 1.0, 1.0, 1.0]","[0.0, 0.0, 0.0]",0.5,0.0,1.0,0.5,1.4500000476837158,0.5,0.0,0.029999999329447746,1,4,2829,RiverSeedling_02_Translucent,16,PX_Prunus_x_yedoensis_Leaf_03_albedo.jpg,RGB,BC1_UNORM,17,PX_Prunus_x_yedoensis_Leaf_03_normal.jpg,RGB,BC5_UNORM,18,PX_Prunus_x_yedoensis_Leaf_03_roughness.jpg,R,BC4_UNORM,,,,,19,PX_Prunus_x_yedoensis_Leaf_03_opacity.jpg,R,BC4_UNORM,,,,
6,MI_RiverFamily_Branches,"[1.0, 1.0, 1.0, 1.0]","[0.0, 0.0, 0.0]",0.5,0.0,1.0,0.0,1.5,0.5,0.0,0.029999999329447746,1,4,2920,RiverSeedling_04_Translucent,20,PX_Pinus_Rigida_Bark_02_Albedo_Processed.png,RGB,BC1_UNORM,21,PX_Pinus_Rigida_Bark_02_Normal_Processed.png,RGB,BC5_UNORM,22,PX_Pinus_Rigida_Bark_02_Roughness_Processed.png,R,BC4_UNORM,,,,,,,,,,,,
7,MI_RiverFamily_Trunk,"[1.0, 1.0, 1.0, 1.0]","[0.0, 0.0, 0.0]",0.5,0.0,1.0,0.0,1.4500000476837158,0.5,0.0,0.029999999329447746,1,4,1002,RiverSeedling_04_Translucent,23,PX_Chamaecyparis_Pisifera_Bark_01_Albedo_Processed.png,RGB,BC1_UNORM,24,PX_Chamaecyparis_Pisifera_Bark_01_Normal_Processed.png,RGB,BC5_UNORM,25,PX_Chamaecyparis_Pisifera_Bark_01_Roughness_Processed.png,R,BC4_UNORM,,,,,,,,,,,,
8,MI_RiverFamily_Leaves_TwoSided,"[1.0, 1.0, 1.0, 1.0]","[0.0, 0.0, 0.0]",0.5,0.0,1.0,0.5,1.4500000476837158,0.5,0.0,0.029999999329447746,1,4,2852,RiverSeedling_04_Translucent,26,PX_Prunus_x_yedoensis_Leaf_03_albedo.jpg,RGB,BC1_UNORM,27,PX_Prunus_x_yedoensis_Leaf_03_normal.jpg,RGB,BC5_UNORM,28,PX_Prunus_x_yedoensis_Leaf_03_roughness.jpg,R,BC4_UNORM,,,,,29,PX_Prunus_x_yedoensis_Leaf_03_opacity.jpg,R,BC4_UNORM,,,,
9,MI_RiverFamily_Branches,"[1.0, 1.0, 1.0, 1.0]","[0.0, 0.0, 0.0]",0.5,0.0,1.0,0.0,1.5,0.5,0.0,0.029999999329447746,1,4,2920,RiverSeedling_03_Translucent,30,PX_Pinus_Rigida_Bark_02_Albedo_Processed.png,RGB,BC1_UNORM,31,PX_Pinus_Rigida_Bark_02_Normal_Processed.png,RGB,BC5_UNORM,32,PX_Pinus_Rigida_Bark_02_Roughness_Processed.png,R,BC4_UNORM,,,,,,,,,,,,
10,MI_RiverFamily_Trunk,"[1.0, 1.0, 1.0, 1.0]","[0.0, 0.0, 0.0]",0.5,0.0,1.0,0.0,1.4500000476837158,0.5,0.0,0.029999999329447746,1,4,1002,RiverSeedling_03_Translucent,33,PX_Chamaecyparis_Pisifera_Bark_01_Albedo_Processed.png,RGB,BC1_UNORM,34,PX_Chamaecyparis_Pisifera_Bark_01_Normal_Processed.png,RGB,BC5_UNORM,35,PX_Chamaecyparis_Pisifera_Bark_01_Roughness_Processed.png,R,BC4_UNORM,,,,,,,,,,,,
11,MI_RiverFamily_Leaves_TwoSided,"[1.0, 1.0, 1.0, 1.0]","[0.0, 0.0, 0.0]",0.5,0.0,1.0,0.5,1.4500000476837158,0.5,0.0,0.029999999329447746,1,4,2852,RiverSeedling_03_Translucent,36,PX_Prunus_x_yedoensis_Leaf_03_albedo.jpg,RGB,BC1_UNORM,37,PX_Prunus_x_yedoensis_Leaf_03_normal.jpg,RGB,BC5_UNORM,38,PX_Prunus_x_yedoensis_Leaf_03_roughness.jpg,R,BC4_UNORM,,,,,39,PX_Prunus_x_yedoensis_Leaf_03_opacity.jpg,R,BC4_UNORM,,,,
12,MI_RiverFamily_Branches,"[1.0, 1.0, 1.0, 1.0]","[0.0, 0.0, 0.0]",0.5,0.0,1.0,0.0,1.5,0.5,0.0,0.029999999329447746,1,4,2920,RiverSeedling_05_Translucent,40,PX_Pinus_Rigida_Bark_02_Albedo_Processed.png,RGB,BC1_UNORM,41,PX_Pinus_Rigida_Bark_02_Normal_Processed.png,RGB,BC5_UNORM,42,PX_Pinus_Rigida_Bark_02_Roughness_Processed.png,R,BC4_UNORM,,,,,,,,,,,,
13,MI_RiverFamily_Trunk,"[1.0, 1.0, 1.0, 1.0]","[0.0, 0.0, 0.0]",0.5,0.0,1.0,0.0,1.4500000476837158,0.5,0.0,0.029999999329447746,1,4,1002,RiverSeedling_05_Translucent,43,PX_Chamaecyparis_Pisifera_Bark_01_Albedo_Processed.png,RGB,BC1_UNORM,44,PX_Chamaecyparis_Pisifera_Bark_01_Normal_Processed.png,RGB,BC5_UNORM,45,PX_Chamaecyparis_Pisifera_Bark_01_Roughness_Processed.png,R,BC4_UNORM,,,,,,,,,,,,
14,MI_RiverFamily_Leaves_TwoSided,"[1.0, 1.0, 1.0, 1.0]","[0.0, 0.0, 0.0]",0.5,0.0,1.0,0.5,1.4500000476837158,0.5,0.0,0.029999999329447746,1,4,2875,RiverSeedling_05_Translucent,46,PX_Prunus_x_yedoensis_Leaf_03_albedo.jpg,RGB,BC1_UNORM,47,PX_Prunus_x_yedoensis_Leaf_03_normal.jpg,RGB,BC5_UNORM,48,PX_Prunus_x_yedoensis_Leaf_03_roughness.jpg,R,BC4_UNORM,,,,,49,PX_Prunus_x_yedoensis_Leaf_03_opacity.jpg,R,BC4_UNORM,,,,
15,MI_RiverFamily_Trunk,"[1.0, 1.0, 1.0, 1.0]","[0.0, 0.0, 0.0]",0.5,0.0,1.0,0.0,1.4500000476837158,0.5,0.0,0.029999999329447746,1,4,3988,RiverSapling_02_Translucent,50,PX_Chamaecyparis_Pisifera_Bark_01_Albedo_Processed.png,RGB,BC1_UNORM,51,PX_Chamaecyparis_Pisifera_Bark_01_Normal_Processed.png,RGB,BC5_UNORM,52,PX_Chamaecyparis_Pisifera_Bark_01_Roughness_Processed.png,R,BC4_UNORM,,,,,,,,,,,,
16,MI_RiverFamily_Branches,"[1.0, 1.0, 1.0, 1.0]","[0.0, 0.0, 0.0]",0.5,0.0,1.0,0.0,1.4500000476837158,0.5,0.0,0.029999999329447746,1,4,29986,RiverSapling_02_Translucent,53,PX_Pinus_Rigida_Bark_02_Albedo_Processed.png,RGB,BC1_UNORM,54,PX_Pinus_Rigida_Bark_02_Normal_Processed.png,RGB,BC5_UNORM,55,PX_Pinus_Rigida_Bark_02_Roughness_Processed.png,R,BC4_UNORM,,,,,,,,,,,,
17,MI_RiverFamily_Leaves_TwoSided,"[1.0, 1.0, 1.0, 1.0]","[0.0, 0.0, 0.0]",0.5,0.0,1.0,0.5,1.4500000476837158,0.5,0.0,0.029999999329447746,1,4,67482,RiverSapling_02_Translucent,56,PX_Prunus_x_yedoensis_Leaf_03_albedo.jpg,RGB,BC1_UNORM,57,PX_Prunus_x_yedoensis_Leaf_03_normal.jpg,RGB,BC5_UNORM,58,PX_Prunus_x_yedoensis_Leaf_03_roughness.jpg,R,BC4_UNORM,,,,,59,PX_Prunus_x_yedoensis_Leaf_03_opacity.jpg,R,BC4_UNORM,,,,
18,MI_RiverFamily_Trunk,"[1.0, 1.0, 1.0, 1.0]","[0.0, 0.0, 0.0]",0.5,0.0,1.0,0.0,1.4500000476837158,0.5,0.0,0.029999999329447746,1,4,3938,RiverSapling_05_Translucent,60,PX_Chamaecyparis_Pisifera_Bark_01_Albedo_Processed.png,RGB,BC1_UNORM,61,PX_Chamaecyparis_Pisifera_Bark_01_Normal_Processed.png,RGB,BC5_UNORM,62,PX_Chamaecyparis_Pisifera_Bark_01_Roughness_Processed.png,R,BC4_UNORM,,,,,,,,,,,,
19,MI_RiverFamily_Branches,"[1.0, 1.0, 1.0, 1.0]","[0.0, 0.0, 0.0]",0.5,0.0,1.0,0.0,1.4500000476837158,0.5,0.0,0.029999999329447746,1,4,28336,RiverSapling_05_Translucent,63,PX_Pinus_Rigida_Bark_02_Albedo_Processed.png,RGB,BC1_UNORM,64,PX_Pinus_Rigida_Bark_02_Normal_Processed.png,RGB,BC5_UNORM,65,PX_Pinus_Rigida_Bark_02_Roughness_Processed.png,R,BC4_UNORM,,,,,,,,,,,,
20,MI_RiverFamily_Leaves_TwoSided,"[1.0, 1.0, 1.0, 1.0]","[0.0, 0.0, 0.0]",0.5,0.0,1.0,0.5,1.4500000476837158,0.5,0.0,0.029999999329447746,1,4,62330,RiverSapling_05_Translucent,66,PX_Prunus_x_yedoensis_Leaf_03_albedo.jpg,RGB,BC1_UNORM,67,PX_Prunus_x_yedoensis_Leaf_03_normal.jpg,RGB,BC5_UNORM,68,PX_Prunus_x_yedoensis_Leaf_03_roughness.jpg,R,BC4_UNORM,,,,,69,PX_Prunus_x_yedoensis_Leaf_03_opacity.jpg,R,BC4_UNORM,,,,
21,MI_RiverFamily_Trunk,"[1.0, 1.0, 1.0, 1.0]","[0.0, 0.0, 0.0]",0.5,0.0,1.0,0.0,1.4500000476837158,0.5,0.0,0.029999999329447746,1,4,4238,RiverSapling_01_Translucent,70,PX_Chamaecyparis_Pisifera_Bark_01_Albedo_Processed.png,RGB,BC1_UNORM,71,PX_Chamaecyparis_Pisifera_Bark_01_Normal_Processed.png,RGB,BC5_UNORM,72,PX_Chamaecyparis_Pisifera_Bark_01_Roughness_Processed.png,R,BC4_UNORM,,,,,,,,,,,,
22,MI_RiverFamily_Branches,"[1.0, 1.0, 1.0, 1.0]","[0.0, 0.0, 0.0]",0.5,0.0,1.0,0.0,1.4500000476837158,0.5,0.0,0.029999999329447746,1,4,29746,RiverSapling_01_Translucent,73,PX_Pinus_Rigida_Bark_02_Albedo_Processed.png,RGB,BC1_UNORM,74,PX_Pinus_Rigida_Bark_02_Normal_Processed.png,RGB,BC5_UNORM,75,PX_Pinus_Rigida_Bark_02_Roughness_Processed.png,R,BC4_UNORM,,,,,,,,,,,,
23,MI_RiverFamily_Leaves_TwoSided,"[1.0, 1.0, 1.0, 1.0]","[0.0, 0.0, 0.0]",0.5,0.0,1.0,0.5,1.4500000476837158,0.5,0.0,0.029999999329447746,1,4,67597,RiverSapling_01_Translucent,76,PX_Prunus_x_yedoensis_Leaf_03_albedo.jpg,RGB,BC1_UNORM,77,PX_Prunus_x_yedoensis_Leaf_03_normal.jpg,RGB,BC5_UNORM,78,PX_Prunus_x_yedoensis_Leaf_03_roughness.jpg,R,BC4_UNORM,,,,,79,PX_Prunus_x_yedoensis_Leaf_03_opacity.jpg,R,BC4_UNORM,,,,
24,MI_RiverFamily_Trunk,"[1.0, 1.0, 1.0, 1.0]","[0.0, 0.0, 0.0]",0.5,0.0,1.0,0.0,1.4500000476837158,0.5,0.0,0.029999999329447746,1,4,4038,RiverSapling_04_Translucent,80,PX_Chamaecyparis_Pisifera_Bark_01_Albedo_Processed.png,RGB,BC1_UNORM,81,PX_Chamaecyparis_Pisifera_Bark_01_Normal_Processed.png,RGB,BC5_UNORM,82,PX_Chamaecyparis_Pisifera_Bark_01_Roughness_Processed.png,R,BC4_UNORM,,,,,,,,,,,,
25,MI_RiverFamily_Branches,"[1.0, 1.0, 1.0, 1.0]","[0.0, 0.0, 0.0]",0.5,0.0,1.0,0.0,1.4500000476837158,0.5,0.0,0.029999999329447746,1,4,32102,RiverSapling_04_Translucent,83,PX_Pinus_Rigida_Bark_02_Albedo_Processed.png,RGB,BC1_UNORM,84,PX_Pinus_Rigida_Bark_02_Normal_Processed.png,RGB,BC5_UNORM,85,PX_Pinus_Rigida_Bark_02_Roughness_Processed.png,R,BC4_UNORM,,,,,,,,,,,,
26,MI_RiverFamily_Leaves_TwoSided,"[1.0, 1.0, 1.0, 1.0]","[0.0, 0.0, 0.0]",0.5,0.0,1.0,0.5,1.4500000476837158,0.5,0.0,0.029999999329447746,1,4,75762,RiverSapling_04_Translucent,86,PX_Prunus_x_yedoensis_Leaf_03_albedo.jpg,RGB,BC1_UNORM,87,PX_Prunus_x_yedoensis_Leaf_03_normal.jpg,RGB,BC5_UNORM,88,PX_Prunus_x_yedoensis_Leaf_03_roughness.jpg,R,BC4_UNORM,,,,,89,PX_Prunus_x_yedoensis_Leaf_03_opacity.jpg,R,BC4_UNORM,,,,
27,MI_RiverFamily_Trunk,"[1.0, 1.0, 1.0, 1.0]","[0.0, 0.0, 0.0]",0.5,0.0,1.0,0.0,1.4500000476837158,0.5,0.0,0.029999999329447746,1,4,4088,RiverSapling_03_Translucent,90,PX_Chamaecyparis_Pisifera_Bark_01_Albedo_Processed.png,RGB,BC1_UNORM,91,PX_Chamaecyparis_Pisifera_Bark_01_Normal_Processed.png,RGB,BC5_UNORM,92,PX_Chamaecyparis_Pisifera_Bark_01_Roughness_Processed.png,R,BC4_UNORM,,,,,,,,,,,,
28,MI_RiverFamily_Branches,"[1.0, 1.0, 1.0, 1.0]","[0.0, 0.0, 0.0]",0.5,0.0,1.0,0.0,1.4500000476837158,0.5,0.0,0.029999999329447746,1,4,29928,RiverSapling_03_Translucent,93,PX_Pinus_Rigida_Bark_02_Albedo_Processed.png,RGB,BC1_UNORM,94,PX_Pinus_Rigida_Bark_02_Normal_Processed.png,RGB,BC5_UNORM,95,PX_Pinus_Rigida_Bark_02_Roughness_Processed.png,R,BC4_UNORM,,,,,,,,,,,,
29,MI_RiverFamily_Leaves_TwoSided,"[1.0, 1.0, 1.0, 1.0]","[0.0, 0.0, 0.0]",0.5,0.0,1.0,0.5,1.4500000476837158,0.5,0.0,0.029999999329447746,1,4,68241,RiverSapling_03_Translucent,96,PX_Prunus_x_yedoensis_Leaf_03_albedo.jpg,RGB,BC1_UNORM,97,PX_Prunus_x_yedoensis_Leaf_03_normal.jpg,RGB,BC5_UNORM,98,PX_Prunus_x_yedoensis_Leaf_03_roughness.jpg,R,BC4_UNORM,,,,,99,PX_Prunus_x_yedoensis_Leaf_03_opacity.jpg,R,BC4_UNORM,,,,
30,MI_RiverFamily_Trunk,"[1.0, 1.0, 1.0, 1.0]","[0.0, 0.0, 0.0]",0.5,0.0,1.0,0.0,1.4500000476837158,0.5,0.0,0.029999999329447746,1,4,13648,RiverForest_03_Animated_Translucent,100,PX_Chamaecyparis_Pisifera_Bark_01_Albedo_Processed.png,RGB,BC1_UNORM,101,PX_Chamaecyparis_Pisifera_Bark_01_Normal_Processed.png,RGB,BC5_UNORM,102,PX_Chamaecyparis_Pisifera_Bark_01_Roughness_Processed.png,R,BC4_UNORM,,,,,,,,,,,,
31,MI_RiverFamily_Branches,"[1.0, 1.0, 1.0, 1.0]","[0.0, 0.0, 0.0]",0.5,0.0,1.0,0.0,1.4500000476837158,0.5,0.0,0.029999999329447746,1,4,136282,RiverForest_03_Animated_Translucent,103,PX_Pinus_Rigida_Bark_02_Albedo_Processed.png,RGB,BC1_UNORM,104,PX_Pinus_Rigida_Bark_02_Normal_Processed.png,RGB,BC5_UNORM,105,PX_Pinus_Rigida_Bark_02_Roughness_Processed.png,R,BC4_UNORM,,,,,,,,,,,,
32,MI_RiverFamily_Leaves_TwoSided,"[1.0, 1.0, 1.0, 1.0]","[0.0, 0.0, 0.0]",0.5,0.0,1.0,0.5,1.4500000476837158,0.5,0.0,0.029999999329447746,1,4,180159,RiverForest_03_Animated_Translucent,106,PX_Prunus_x_yedoensis_Leaf_03_albedo.jpg,RGB,BC1_UNORM,107,PX_Prunus_x_yedoensis_Leaf_03_normal.jpg,RGB,BC5_UNORM,108,PX_Prunus_x_yedoensis_Leaf_03_roughness.jpg,R,BC4_UNORM,,,,,109,PX_Prunus_x_yedoensis_Leaf_03_opacity.jpg,R,BC4_UNORM,,,,
33,MI_RiverFamily_Trunk,"[1.0, 1.0, 1.0, 1.0]","[0.0, 0.0, 0.0]",0.5,0.0,1.0,0.0,1.4500000476837158,0.5,0.0,0.029999999329447746,1,4,13648,RiverForest_01_Animated_Translucent,110,PX_Chamaecyparis_Pisifera_Bark_01_Albedo_Processed.png,RGB,BC1_UNORM,111,PX_Chamaecyparis_Pisifera_Bark_01_Normal_Processed.png,RGB,BC5_UNORM,112,PX_Chamaecyparis_Pisifera_Bark_01_Roughness_Processed.png,R,BC4_UNORM,,,,,,,,,,,,
34,MI_RiverFamily_Branches,"[1.0, 1.0, 1.0, 1.0]","[0.0, 0.0, 0.0]",0.5,0.0,1.0,0.0,1.4500000476837158,0.5,0.0,0.029999999329447746,1,4,138066,RiverForest_01_Animated_Translucent,113,PX_Pinus_Rigida_Bark_02_Albedo_Processed.png,RGB,BC1_UNORM,114,PX_Pinus_Rigida_Bark_02_Normal_Processed.png,RGB,BC5_UNORM,115,PX_Pinus_Rigida_Bark_02_Roughness_Processed.png,R,BC4_UNORM,,,,,,,,,,,,
35,MI_RiverFamily_Leaves_TwoSided,"[1.0, 1.0, 1.0, 1.0]","[0.0, 0.0, 0.0]",0.5,0.0,1.0,0.5,1.4500000476837158,0.5,0.0,0.029999999329447746,1,4,182873,RiverForest_01_Animated_Translucent,116,PX_Prunus_x_yedoensis_Leaf_03_albedo.jpg,RGB,BC1_UNORM,117,PX_Prunus_x_yedoensis_Leaf_03_normal.jpg,RGB,BC5_UNORM,118,PX_Prunus_x_yedoensis_Leaf_03_roughness.jpg,R,BC4_UNORM,,,,,119,PX_Prunus_x_yedoensis_Leaf_03_opacity.jpg,R,BC4_UNORM,,,,
36,MI_RiverFamily_Trunk,"[1.0, 1.0, 1.0, 1.0]","[0.0, 0.0, 0.0]",0.5,0.0,1.0,0.0,1.4500000476837158,0.5,0.0,0.029999999329447746,1,4,13624,RiverForest_05_Animated_Translucent,120,PX_Chamaecyparis_Pisifera_Bark_01_Albedo_Processed.png,RGB,BC1_UNORM,121,PX_Chamaecyparis_Pisifera_Bark_01_Normal_Processed.png,RGB,BC5_UNORM,122,PX_Chamaecyparis_Pisifera_Bark_01_Roughness_Processed.png,R,BC4_UNORM,,,,,,,,,,,,
37,MI_RiverFamily_Branches,"[1.0, 1.0, 1.0, 1.0]","[0.0, 0.0, 0.0]",0.5,0.0,1.0,0.0,1.4500000476837158,0.5,0.0,0.029999999329447746,1,4,137808,RiverForest_05_Animated_Translucent,123,PX_Pinus_Rigida_Bark_02_Albedo_Processed.png,RGB,BC1_UNORM,124,PX_Pinus_Rigida_Bark_02_Normal_Processed.png,RGB,BC5_UNORM,125,PX_Pinus_Rigida_Bark_02_Roughness_Processed.png,R,BC4_UNORM,,,,,,,,,,,,
38,MI_RiverFamily_Leaves_TwoSided,"[1.0, 1.0, 1.0, 1.0]","[0.0, 0.0, 0.0]",0.5,0.0,1.0,0.5,1.4500000476837158,0.5,0.0,0.029999999329447746,1,4,182873,RiverForest_05_Animated_Translucent,126,PX_Prunus_x_yedoensis_Leaf_03_albedo.jpg,RGB,BC1_UNORM,127,PX_Prunus_x_yedoensis_Leaf_03_normal.jpg,RGB,BC5_UNORM,128,PX_Prunus_x_yedoensis_Leaf_03_roughness.jpg,R,BC4_UNORM,,,,,129,PX_Prunus_x_yedoensis_Leaf_03_opacity.jpg,R,BC4_UNORM,,,,
39,MI_QueenPalm_Trunk,"[1.0, 1.0, 1.0, 1.0]","[0.0, 0.0, 0.0]",0.5,0.0,1.0,0.0,1.4500000476837158,0.5,0.0,0.029999999329447746,1,4,2500,QueenForest_02_Animated_Translucent,130,palm_bark_diff_4k.jpg,RGB,BC1_UNORM,131,palm_bark_nor_gl_4k.exr,RGB,BC5_UNORM,132,palm_bark_rough_4k.exr,R,BC4_UNORM,,,,,,,,,,,,
40,MI_QueenPalm_Leaves_TwoSided,"[1.0, 1.0, 1.0, 1.0]","[0.0, 0.0, 0.0]",0.5,0.0,1.0,0.5,1.4500000476837158,0.5,0.0,0.029999999329447746,1,4,207400,QueenForest_02_Animated_Translucent,133,PX_Chamaedorea_elegans_Leaf_01_albedo_E.jpg,RGB,BC1_UNORM,134,PX_Chamaedorea_elegans_Leaf_01_normal.jpg,RGB,BC5_UNORM,135,PX_Chamaedorea_elegans_Leaf_01_roughness.jpg,R,BC4_UNORM,,,,,136,PX_Chamaedorea_elegans_Leaf_01_opacity.jpg,R,BC4_UNORM,,,,
41,MI_QueenPalm_FruitBranches,"[0.029557, 0.05127, 0.007499, 1.0]","[0.0, 0.0, 0.0]",1.0,0.0,1.0,0.0,1.4500000476837158,0.5,0.0,0.029999999329447746,1,4,38736,QueenForest_02_Animated_Translucent,,,,,,,,,,,,,,,,,,,,,,,,
42,MI_QueenPalm_DriedBranches,"[0.059047, 0.053222, 0.048145, 1.0]","[0.0, 0.0, 0.0]",1.0,0.0,1.0,0.0,1.4500000476837158,0.5,0.0,0.029999999329447746,1,4,8160,QueenForest_02_Animated_Translucent,,,,,,,,,,,,,,,,,,,,,,,,
43,MI_QueenPalm_Branches,"[0.029557, 0.05127, 0.007499, 1.0]","[0.0, 0.0, 0.0]",1.0,0.0,1.0,0.0,1.4500000476837158,0.5,0.0,0.029999999329447746,1,4,11136,QueenForest_02_Animated_Translucent,,,,,,,,,,,,,,,,,,,,,,,,
44,MI_QueenPalm_OldBranches,"[0.114436, 0.070361, 0.049707, 1.0]","[0.0, 0.0, 0.0]",1.0,0.0,1.0,0.0,1.4500000476837158,0.5,0.0,0.029999999329447746,1,4,9216,QueenForest_02_Animated_Translucent,,,,,,,,,,,,,,,,,,,,,,,,
45,MI_QueenPalm_DeadLeaves_TwoSided,"[1.0, 1.0, 1.0, 1.0]","[0.0, 0.0, 0.0]",0.5,0.0,1.0,0.5,1.4500000476837158,0.5,0.0,0.029999999329447746,1,4,40256,QueenForest_02_Animated_Translucent,137,PX_Imperata_Cylindrica_Leaf_01_Albedo_Processed.png,RGB,BC1_UNORM,138,PX_Imperata_cylindrica_Leaf_01_normal.jpg,RGB,BC5_UNORM,139,PX_Imperata_cylindrica_Leaf_01_roughness.jpg,R,BC4_UNORM,,,,,140,PX_Imperata_cylindrica_Leaf_01_opacity.jpg,R,BC4_UNORM,,,,
46,MI_QueenPalm_Berries,"[1.0, 1.0, 1.0, 1.0]","[0.0, 0.0, 0.0]",0.5,0.0,1.0,0.0,1.4500000476837158,0.5,0.0,0.029999999329447746,1,4,110400,QueenForest_02_Animated_Translucent,141,MI_QueenForest_Berries_Albedo_Processed.png,RGB,BC1_UNORM,142,MI_QueenForest_Berries_Normal_Processed.png,RGB,BC5_UNORM,143,MI_QueenForest_Berries_Roughness_Processed.png,R,BC4_UNORM,,,,,,,,,,,,
47,MI_QueenPalm_Trunk,"[1.0, 1.0, 1.0, 1.0]","[0.0, 0.0, 0.0]",0.5,0.0,1.0,0.0,1.4500000476837158,0.5,0.0,0.029999999329447746,1,4,2450,QueenForest_05_Animated_Translucent,144,palm_bark_diff_4k.jpg,RGB,BC1_UNORM,145,palm_bark_nor_gl_4k.exr,RGB,BC5_UNORM,146,palm_bark_rough_4k.exr,R,BC4_UNORM,,,,,,,,,,,,
48,MI_QueenPalm_Leaves_TwoSided,"[1.0, 1.0, 1.0, 1.0]","[0.0, 0.0, 0.0]",0.5,0.0,1.0,0.5,1.4500000476837158,0.5,0.0,0.029999999329447746,1,4,208620,QueenForest_05_Animated_Translucent,147,PX_Chamaedorea_elegans_Leaf_01_albedo_E.jpg,RGB,BC1_UNORM,148,PX_Chamaedorea_elegans_Leaf_01_normal.jpg,RGB,BC5_UNORM,149,PX_Chamaedorea_elegans_Leaf_01_roughness.jpg,R,BC4_UNORM,,,,,150,PX_Chamaedorea_elegans_Leaf_01_opacity.jpg,R,BC4_UNORM,,,,
49,MI_QueenPalm_FruitBranches,"[0.029557, 0.05127, 0.007499, 1.0]","[0.0, 0.0, 0.0]",1.0,0.0,1.0,0.0,1.4500000476837158,0.5,0.0,0.029999999329447746,1,4,39096,QueenForest_05_Animated_Translucent,,,,,,,,,,,,,,,,,,,,,,,,
50,MI_QueenPalm_DriedBranches,"[0.059047, 0.053222, 0.048145, 1.0]","[0.0, 0.0, 0.0]",1.0,0.0,1.0,0.0,1.4500000476837158,0.5,0.0,0.029999999329447746,1,4,8256,QueenForest_05_Animated_Translucent,,,,,,,,,,,,,,,,,,,,,,,,
51,MI_QueenPalm_Branches,"[0.029557, 0.05127, 0.007499, 1.0]","[0.0, 0.0, 0.0]",1.0,0.0,1.0,0.0,1.4500000476837158,0.5,0.0,0.029999999329447746,1,4,11136,QueenForest_05_Animated_Translucent,,,,,,,,,,,,,,,,,,,,,,,,
52,MI_QueenPalm_OldBranches,"[0.114436, 0.070361, 0.049707, 1.0]","[0.0, 0.0, 0.0]",1.0,0.0,1.0,0.0,1.4500000476837158,0.5,0.0,0.029999999329447746,1,4,9216,QueenForest_05_Animated_Translucent,,,,,,,,,,,,,,,,,,,,,,,,
53,MI_QueenPalm_DeadLeaves_TwoSided,"[1.0, 1.0, 1.0, 1.0]","[0.0, 0.0, 0.0]",0.5,0.0,1.0,0.5,1.4500000476837158,0.5,0.0,0.029999999329447746,1,4,40800,QueenForest_05_Animated_Translucent,151,PX_Imperata_Cylindrica_Leaf_01_Albedo_Processed.png,RGB,BC1_UNORM,152,PX_Imperata_cylindrica_Leaf_01_normal.jpg,RGB,BC5_UNORM,153,PX_Imperata_cylindrica_Leaf_01_roughness.jpg,R,BC4_UNORM,,,,,154,PX_Imperata_cylindrica_Leaf_01_opacity.jpg,R,BC4_UNORM,,,,
54,MI_QueenPalm_Berries,"[1.0, 1.0, 1.0, 1.0]","[0.0, 0.0, 0.0]",0.5,0.0,1.0,0.0,1.4500000476837158,0.5,0.0,0.029999999329447746,1,4,113280,QueenForest_05_Animated_Translucent,155,MI_QueenForest_Berries_Albedo_Processed.png,RGB,BC1_UNORM,156,MI_QueenForest_Berries_Normal_Processed.png,RGB,BC5_UNORM,157,MI_QueenForest_Berries_Roughness_Processed.png,R,BC4_UNORM,,,,,,,,,,,,
55,MI_QueenPalm_Trunk,"[1.0, 1.0, 1.0, 1.0]","[0.0, 0.0, 0.0]",0.5,0.0,1.0,0.0,1.4500000476837158,0.5,0.0,0.029999999329447746,1,4,2450,QueenForest_06_Animated_Translucent,158,palm_bark_diff_4k.jpg,RGB,BC1_UNORM,159,palm_bark_nor_gl_4k.exr,RGB,BC5_UNORM,160,palm_bark_rough_4k.exr,R,BC4_UNORM,,,,,,,,,,,,
56,MI_QueenPalm_Leaves_TwoSided,"[1.0, 1.0, 1.0, 1.0]","[0.0, 0.0, 0.0]",0.5,0.0,1.0,0.5,1.4500000476837158,0.5,0.0,0.029999999329447746,1,4,236192,QueenForest_06_Animated_Translucent,161,PX_Chamaedorea_elegans_Leaf_01_albedo_E.jpg,RGB,BC1_UNORM,162,PX_Chamaedorea_elegans_Leaf_01_normal.jpg,RGB,BC5_UNORM,163,PX_Chamaedorea_elegans_Leaf_01_roughness.jpg,R,BC4_UNORM,,,,,164,PX_Chamaedorea_elegans_Leaf_01_opacity.jpg,R,BC4_UNORM,,,,
57,MI_QueenPalm_FruitBranches,"[0.029557, 0.05127, 0.007499, 1.0]","[0.0, 0.0, 0.0]",1.0,0.0,1.0,0.0,1.4500000476837158,0.5,0.0,0.029999999329447746,1,4,47232,QueenForest_06_Animated_Translucent,,,,,,,,,,,,,,,,,,,,,,,,
58,MI_QueenPalm_DriedBranches,"[0.059047, 0.053222, 0.048145, 1.0]","[0.0, 0.0, 0.0]",1.0,0.0,1.0,0.0,1.4500000476837158,0.5,0.0,0.029999999329447746,1,4,9192,QueenForest_06_Animated_Translucent,,,,,,,,,,,,,,,,,,,,,,,,
59,MI_QueenPalm_Branches,"[0.029557, 0.05127, 0.007499, 1.0]","[0.0, 0.0, 0.0]",1.0,0.0,1.0,0.0,1.4500000476837158,0.5,0.0,0.029999999329447746,1,4,11136,QueenForest_06_Animated_Translucent,,,,,,,,,,,,,,,,,,,,,,,,
60,MI_QueenPalm_OldBranches,"[0.114436, 0.070361, 0.049707, 1.0]","[0.0, 0.0, 0.0]",1.0,0.0,1.0,0.0,1.4500000476837158,0.5,0.0,0.029999999329447746,1,4,9216,QueenForest_06_Animated_Translucent,,,,,,,,,,,,,,,,,,,,,,,,
61,MI_QueenPalm_DeadLeaves_TwoSided,"[1.0, 1.0, 1.0, 1.0]","[0.0, 0.0, 0.0]",0.5,0.0,1.0,0.5,1.4500000476837158,0.5,0.0,0.029999999329447746,1,4,46104,QueenForest_06_Animated_Translucent,165,PX_Imperata_Cylindrica_Leaf_01_Albedo_Processed.png,RGB,BC1_UNORM,166,PX_Imperata_cylindrica_Leaf_01_normal.jpg,RGB,BC5_UNORM,167,PX_Imperata_cylindrica_Leaf_01_roughness.jpg,R,BC4_UNORM,,,,,168,PX_Imperata_cylindrica_Leaf_01_opacity.jpg,R,BC4_UNORM,,,,
62,MI_QueenPalm_Berries,"[1.0, 1.0, 1.0, 1.0]","[0.0, 0.0, 0.0]",0.5,0.0,1.0,0.0,1.4500000476837158,0.5,0.0,0.029999999329447746,1,4,153920,QueenForest_06_Animated_Translucent,169,MI_QueenForest_Berries_Albedo_Processed.png,RGB,BC1_UNORM,170,MI_QueenForest_Berries_Normal_Processed.png,RGB,BC5_UNORM,171,MI_QueenForest_Berries_Roughness_Processed.png,R,BC4_UNORM,,,,,,,,,,,,
63,MI_Moss_01_TwoSided,"[1.0, 1.0, 1.0, 1.0]","[0.0, 0.0, 0.0]",0.5,0.0,1.0,0.5,1.4500000476837158,0.5,0.0,0.029999999329447746,1,4,239,Moss_01,172,Moss_01_BaseColor.tif,RGBA,BC7_UNORM,173,Moss_01_Normal.png,RGB,BC5_UNORM,174,Moss_01_Roughness.png,R,BC4_UNORM,,,,,,,,,,,,
64,MI_Moss_01_TwoSided,"[1.0, 1.0, 1.0, 1.0]","[0.0, 0.0, 0.0]",0.5,0.0,1.0,0.5,1.4500000476837158,0.5,0.0,0.029999999329447746,1,4,229,Moss_03,176,Moss_01_BaseColor.tif,RGBA,BC7_UNORM,177,Moss_01_Normal.png,RGB,BC5_UNORM,178,Moss_01_Roughness.png,R,BC4_UNORM,,,,,,,,,,,,
65,MI_Moss_01_TwoSided,"[1.0, 1.0, 1.0, 1.0]","[0.0, 0.0, 0.0]",0.5,0.0,1.0,0.5,1.4500000476837158,0.5,0.0,0.029999999329447746,1,4,233,Moss_02,180,Moss_01_BaseColor.tif,RGBA,BC7_UNORM,181,Moss_01_Normal.png,RGB,BC5_UNORM,182,Moss_01_Roughness.png,R,BC4_UNORM,,,,,,,,,,,,
66,MI_Grass_02_TwoSided,"[1.0, 1.0, 1.0, 1.0]","[0.0, 0.0, 0.0]",0.5,0.0,1.0,0.5,1.4500000476837158,0.5,0.0,0.029999999329447746,1,4,1760,Grass_B_02,184,Grass_Medium_02_BaseColor.tif,RGBA,BC7_UNORM,185,Grass_Medium_02_Normal.png,RGB,BC5_UNORM,186,Grass_Medium_02_Roughness.png,R,BC4_UNORM,,,,,,,,,,,,
67,MI_Grass_02_TwoSided,"[1.0, 1.0, 1.0, 1.0]","[0.0, 0.0, 0.0]",0.5,0.0,1.0,0.5,1.4500000476837158,0.5,0.0,0.029999999329447746,1,4,1215,Grass_B_03,188,Grass_Medium_02_BaseColor.tif,RGBA,BC7_UNORM,189,Grass_Medium_02_Normal.png,RGB,BC5_UNORM,190,Grass_Medium_02_Roughness.png,R,BC4_UNORM,,,,,,,,,,,,
68,MI_Grass_02_TwoSided,"[1.0, 1.0, 1.0, 1.0]","[0.0, 0.0, 0.0]",0.5,0.0,1.0,0.5,1.4500000476837158,0.5,0.0,0.029999999329447746,1,4,1664,Grass_B_05,192,Grass_Medium_02_BaseColor.tif,RGBA,BC7_UNORM,193,Grass_Medium_02_Normal.png,RGB,BC5_UNORM,194,Grass_Medium_02_Roughness.png,R,BC4_UNORM,,,,,,,,,,,,
69,MI_Grass_02_TwoSided,"[1.0, 1.0, 1.0, 1.0]","[0.0, 0.0, 0.0]",0.5,0.0,1.0,0.5,1.4500000476837158,0.5,0.0,0.029999999329447746,1,4,714,Grass_B_01,196,Grass_Medium_02_BaseColor.tif,RGBA,BC7_UNORM,197,Grass_Medium_02_Normal.png,RGB,BC5_UNORM,198,Grass_Medium_02_Roughness.png,R,BC4_UNORM,,,,,,,,,,,,
70,MI_Grass_02_TwoSided,"[1.0, 1.0, 1.0, 1.0]","[0.0, 0.0, 0.0]",0.5,0.0,1.0,0.5,1.4500000476837158,0.5,0.0,0.029999999329447746,1,4,2489,Grass_B_04,200,Grass_Medium_02_BaseColor.tif,RGBA,BC7_UNORM,201,Grass_Medium_02_Normal.png,RGB,BC5_UNORM,202,Grass_Medium_02_Roughness.png,R,BC4_UNORM,,,,,,,,,,,,
71,MI_Grass_01_TwoSided,"[1.0, 1.0, 1.0, 1.0]","[0.0, 0.0, 0.0]",0.5,0.0,1.0,0.5,1.4500000476837158,0.5,0.0,0.029999999329447746,1,4,1466,Grass_A_06,204,Grass_Medium_01_BaseColor.tif,RGBA,BC7_UNORM,205,Grass_Medium_01_Normal.png,RGB,BC5_UNORM,206,Grass_Medium_01_Roughness.png,R,BC4_UNORM,,,,,,,,,,,,
72,MI_Grass_01_TwoSided,"[1.0, 1.0, 1.0, 1.0]","[0.0, 0.0, 0.0]",0.5,0.0,1.0,0.5,1.4500000476837158,0.5,0.0,0.029999999329447746,1,4,2287,Grass_A_04,208,Grass_Medium_01_BaseColor.tif,RGBA,BC7_UNORM,209,Grass_Medium_01_Normal.png,RGB,BC5_UNORM,210,Grass_Medium_01_Roughness.png,R,BC4_UNORM,,,,,,,,,,,,
73,MI_Grass_01_TwoSided,"[1.0, 1.0, 1.0, 1.0]","[0.0, 0.0, 0.0]",0.5,0.0,1.0,0.5,1.4500000476837158,0.5,0.0,0.029999999329447746,1,4,4626,Grass_A_02,212,Grass_Medium_01_BaseColor.tif,RGBA,BC7_UNORM,213,Grass_Medium_01_Normal.png,RGB,BC5_UNORM,214,Grass_Medium_01_Roughness.png,R,BC4_UNORM,,,,,,,,,,,,
74,MI_Grass_01_TwoSided,"[1.0, 1.0, 1.0, 1.0]","[0.0, 0.0, 0.0]",0.5,0.0,1.0,0.5,1.4500000476837158,0.5,0.0,0.029999999329447746,1,4,5945,Grass_A_03,216,Grass_Medium_01_BaseColor.tif,RGBA,BC7_UNORM,217,Grass_Medium_01_Normal.png,RGB,BC5_UNORM,218,Grass_Medium_01_Roughness.png,R,BC4_UNORM,,,,,,,,,,,,
75,MI_Grass_01_TwoSided,"[1.0, 1.0, 1.0, 1.0]","[0.0, 0.0, 0.0]",0.5,0.0,1.0,0.5,1.4500000476837158,0.5,0.0,0.029999999329447746,1,4,1257,Grass_A_05,220,Grass_Medium_01_BaseColor.tif,RGBA,BC7_UNORM,221,Grass_Medium_01_Normal.png,RGB,BC5_UNORM,222,Grass_Medium_01_Roughness.png,R,BC4_UNORM,,,,,,,,,,,,
76,MI_Grass_01_TwoSided,"[1.0, 1.0, 1.0, 1.0]","[0.0, 0.0, 0.0]",0.5,0.0,1.0,0.5,1.4500000476837158,0.5,0.0,0.029999999329447746,1,4,6422,Grass_A_01,224,Grass_Medium_01_BaseColor.tif,RGBA,BC7_UNORM,225,Grass_Medium_01_Normal.png,RGB,BC5_UNORM,226,Grass_Medium_01_Roughness.png,R,BC4_UNORM,,,,,,,,,,,,
77,MI_Shrub_04_TwoSided,"[1.0, 1.0, 1.0, 1.0]","[0.0, 0.0, 0.0]",0.5,0.0,1.0,0.5,1.4500000476837158,0.5,0.0,0.029999999329447746,1,4,6589,Shrub_02,228,Shrub_04_BaseColor.tif,RGBA,BC7_UNORM,229,Shrub_04_Normal.png,RGB,BC5_UNORM,230,Shrub_04_Roughness.png,R,BC4_UNORM,,,,,,,,,,,,
78,MI_Shrub_04_TwoSided,"[1.0, 1.0, 1.0, 1.0]","[0.0, 0.0, 0.0]",0.5,0.0,1.0,0.5,1.4500000476837158,0.5,0.0,0.029999999329447746,1,4,6177,Shrub_03,232,Shrub_04_BaseColor.tif,RGBA,BC7_UNORM,233,Shrub_04_Normal.png,RGB,BC5_UNORM,234,Shrub_04_Roughness.png,R,BC4_UNORM,,,,,,,,,,,,
79,MI_Shrub_04_TwoSided,"[1.0, 1.0, 1.0, 1.0]","[0.0, 0.0, 0.0]",0.5,0.0,1.0,0.5,1.4500000476837158,0.5,0.0,0.029999999329447746,1,4,3726,Shrub_01,236,Shrub_04_BaseColor.tif,RGBA,BC7_UNORM,237,Shrub_04_Normal.png,RGB,BC5_UNORM,238,Shrub_04_Roughness.png,R,BC4_UNORM,,,,,,,,,,,,
80,MI_Shrub_04_TwoSided,"[1.0, 1.0, 1.0, 1.0]","[0.0, 0.0, 0.0]",0.5,0.0,1.0,0.5,1.4500000476837158,0.5,0.0,0.029999999329447746,1,4,10835,Shrub_04,240,Shrub_04_BaseColor.tif,RGBA,BC7_UNORM,241,Shrub_04_Normal.png,RGB,BC5_UNORM,242,Shrub_04_Roughness.png,R,BC4_UNORM,,,,,,,,,,,,
81,MI_Shrub_Sorrel_01_TwoSided,"[1.0, 1.0, 1.0, 1.0]","[0.0, 0.0, 0.0]",0.5,0.0,1.0,0.5,1.4500000476837158,0.35500001907348633,0.0,0.029999999329447746,1,4,414,ShrubSorrel_01_Translucent,244,Shrub_Sorrel_01_BaseColor.tif,RGBA,BC7_UNORM,245,Shrub_Sorrel_01_Normal.png,RGB,BC5_UNORM,246,Shrub_Sorrel_01_Roughness.png,R,BC4_UNORM,,,,,,,,,,,,
82,MI_Shrub_Sorrel_01_TwoSided,"[1.0, 1.0, 1.0, 1.0]","[0.0, 0.0, 0.0]",0.5,0.0,1.0,0.5,1.4500000476837158,0.35500001907348633,0.0,0.029999999329447746,1,4,71,ShrubSorrel_05_Translucent,248,Shrub_Sorrel_01_BaseColor.tif,RGBA,BC7_UNORM,249,Shrub_Sorrel_01_Normal.png,RGB,BC5_UNORM,250,Shrub_Sorrel_01_Roughness.png,R,BC4_UNORM,,,,,,,,,,,,
83,MI_Shrub_Sorrel_01_TwoSided,"[1.0, 1.0, 1.0, 1.0]","[0.0, 0.0, 0.0]",0.5,0.0,1.0,0.5,1.4500000476837158,0.35500001907348633,0.0,0.029999999329447746,1,4,67,ShrubSorrel_07_Translucent,252,Shrub_Sorrel_01_BaseColor.tif,RGBA,BC7_UNORM,253,Shrub_Sorrel_01_Normal.png,RGB,BC5_UNORM,254,Shrub_Sorrel_01_Roughness.png,R,BC4_UNORM,,,,,,,,,,,,
84,MI_Shrub_Sorrel_01_TwoSided,"[1.0, 1.0, 1.0, 1.0]","[0.0, 0.0, 0.0]",0.5,0.0,1.0,0.5,1.4500000476837158,0.35500001907348633,0.0,0.029999999329447746,1,4,355,ShrubSorrel_03_Translucent,256,Shrub_Sorrel_01_BaseColor.tif,RGBA,BC7_UNORM,257,Shrub_Sorrel_01_Normal.png,RGB,BC5_UNORM,258,Shrub_Sorrel_01_Roughness.png,R,BC4_UNORM,,,,,,,,,,,,
85,MI_Shrub_Sorrel_01_TwoSided,"[1.0, 1.0, 1.0, 1.0]","[0.0, 0.0, 0.0]",0.5,0.0,1.0,0.5,1.4500000476837158,0.35500001907348633,0.0,0.029999999329447746,1,4,63,ShrubSorrel_06_Translucent,260,Shrub_Sorrel_01_BaseColor.tif,RGBA,BC7_UNORM,261,Shrub_Sorrel_01_Normal.png,RGB,BC5_UNORM,262,Shrub_Sorrel_01_Roughness.png,R,BC4_UNORM,,,,,,,,,,,,
86,MI_Shrub_Sorrel_01_TwoSided,"[1.0, 1.0, 1.0, 1.0]","[0.0, 0.0, 0.0]",0.5,0.0,1.0,0.5,1.4500000476837158,0.35500001907348633,0.0,0.029999999329447746,1,4,284,ShrubSorrel_02_Translucent,264,Shrub_Sorrel_01_BaseColor.tif,RGBA,BC7_UNORM,265,Shrub_Sorrel_01_Normal.png,RGB,BC5_UNORM,266,Shrub_Sorrel_01_Roughness.png,R,BC4_UNORM,,,,,,,,,,,,
87,MI_Shrub_Sorrel_01_TwoSided,"[1.0, 1.0, 1.0, 1.0]","[0.0, 0.0, 0.0]",0.5,0.0,1.0,0.5,1.4500000476837158,0.35500001907348633,0.0,0.029999999329447746,1,4,71,ShrubSorrel_04_Translucent,268,Shrub_Sorrel_01_BaseColor.tif,RGBA,BC7_UNORM,269,Shrub_Sorrel_01_Normal.png,RGB,BC5_UNORM,270,Shrub_Sorrel_01_Roughness.png,R,BC4_UNORM,,,,,,,,,,,,
88,MI_Nettle_01_TwoSided,"[1.0, 1.0, 1.0, 1.0]","[0.0, 0.0, 0.0]",0.5,0.0,1.0,0.5,1.4500000476837158,0.5,0.0,0.029999999329447746,1,4,3592,Nettle_03_Translucent,272,Nettle_BaseColor.tif,RGBA,BC7_UNORM,273,Nettle_Normal.png,RGB,BC5_UNORM,274,Nettle_Roughness.png,R,BC4_UNORM,,,,,,,,,,,,
89,MI_Nettle_01_TwoSided,"[1.0, 1.0, 1.0, 1.0]","[0.0, 0.0, 0.0]",0.5,0.0,1.0,0.5,1.4500000476837158,0.5,0.0,0.029999999329447746,1,4,5664,Nettle_02_Translucent,276,Nettle_BaseColor.tif,RGBA,BC7_UNORM,277,Nettle_Normal.png,RGB,BC5_UNORM,278,Nettle_Roughness.png,R,BC4_UNORM,,,,,,,,,,,,
90,MI_Nettle_01_TwoSided,"[1.0, 1.0, 1.0, 1.0]","[0.0, 0.0, 0.0]",0.5,0.0,1.0,0.5,1.4500000476837158,0.5,0.0,0.029999999329447746,1,4,8080,Nettle_06_Translucent,280,Nettle_BaseColor.tif,RGBA,BC7_UNORM,281,Nettle_Normal.png,RGB,BC5_UNORM,282,Nettle_Roughness.png,R,BC4_UNORM,,,,,,,,,,,,
91,MI_Nettle_01_TwoSided,"[1.0, 1.0, 1.0, 1.0]","[0.0, 0.0, 0.0]",0.5,0.0,1.0,0.5,1.4500000476837158,0.5,0.0,0.029999999329447746,1,4,5896,Nettle_01_Translucent,284,Nettle_BaseColor.tif,RGBA,BC7_UNORM,285,Nettle_Normal.png,RGB,BC5_UNORM,286,Nettle_Roughness.png,R,BC4_UNORM,,,,,,,,,,,,
92,MI_Nettle_01_TwoSided,"[1.0, 1.0, 1.0, 1.0]","[0.0, 0.0, 0.0]",0.5,0.0,1.0,0.5,1.4500000476837158,0.5,0.0,0.029999999329447746,1,4,1088,Nettle_04_Translucent,288,Nettle_BaseColor.tif,RGBA,BC7_UNORM,289,Nettle_Normal.png,RGB,BC5_UNORM,290,Nettle_Roughness.png,R,BC4_UNORM,,,,,,,,,,,,
93,MI_Nettle_01_TwoSided,"[1.0, 1.0, 1.0, 1.0]","[0.0, 0.0, 0.0]",0.5,0.0,1.0,0.5,1.4500000476837158,0.5,0.0,0.029999999329447746,1,4,6984,Nettle_05_Translucent,292,Nettle_BaseColor.tif,RGBA,BC7_UNORM,293,Nettle_Normal.png,RGB,BC5_UNORM,294,Nettle_Roughness.png,R,BC4_UNORM,,,,,,,,,,,,
94,MI_Anthurium_01_TwoSided,"[1.0, 1.0, 1.0, 1.0]","[0.0, 0.0, 0.0]",0.5,0.0,1.0,0.5,1.4500000476837158,0.5,0.0,0.029999999329447746,1,4,7664,Anthurium_05_Translucent,296,anthurium_botany_01_BaseColor.tif,RGBA,BC7_UNORM,297,Anthurium_Botany_01_Normal.png,RGB,BC5_UNORM,298,Anthurium_Botany_01_Roughness.png,R,BC4_UNORM,,,,,,,,,,,,
95,MI_Anthurium_01_TwoSided,"[1.0, 1.0, 1.0, 1.0]","[0.0, 0.0, 0.0]",0.5,0.0,1.0,0.5,1.4500000476837158,0.5,0.0,0.029999999329447746,1,4,15544,Anthurium_02_Translucent,300,anthurium_botany_01_BaseColor.tif,RGBA,BC7_UNORM,301,Anthurium_Botany_01_Normal.png,RGB,BC5_UNORM,302,Anthurium_Botany_01_Roughness.png,R,BC4_UNORM,,,,,,,,,,,,
96,MI_Anthurium_01_TwoSided,"[1.0, 1.0, 1.0, 1.0]","[0.0, 0.0, 0.0]",0.5,0.0,1.0,0.5,1.4500000476837158,0.5,0.0,0.029999999329447746,1,4,10360,Anthurium_04_Translucent,304,anthurium_botany_01_BaseColor.tif,RGBA,BC7_UNORM,305,Anthurium_Botany_01_Normal.png,RGB,BC5_UNORM,306,Anthurium_Botany_01_Roughness.png,R,BC4_UNORM,,,,,,,,,,,,
97,MI_Anthurium_01_TwoSided,"[1.0, 1.0, 1.0, 1.0]","[0.0, 0.0, 0.0]",0.5,0.0,1.0,0.5,1.4500000476837158,0.5,0.0,0.029999999329447746,1,4,9072,Anthurium_03_Translucent,308,anthurium_botany_01_BaseColor.tif,RGBA,BC7_UNORM,309,Anthurium_Botany_01_Normal.png,RGB,BC5_UNORM,310,Anthurium_Botany_01_Roughness.png,R,BC4_UNORM,,,,,,,,,,,,
98,MI_Anthurium_01_TwoSided,"[1.0, 1.0, 1.0, 1.0]","[0.0, 0.0, 0.0]",0.5,0.0,1.0,0.5,1.4500000476837158,0.5,0.0,0.029999999329447746,1,4,8704,Anthurium_06_Translucent,312,anthurium_botany_01_BaseColor.tif,RGBA,BC7_UNORM,313,Anthurium_Botany_01_Normal.png,RGB,BC5_UNORM,314,Anthurium_Botany_01_Roughness.png,R,BC4_UNORM,,,,,,,,,,,,
99,MI_Anthurium_01_TwoSided,"[1.0, 1.0, 1.0, 1.0]","[0.0, 0.0, 0.0]",0.5,0.0,1.0,0.5,1.4500000476837158,0.5,0.0,0.029999999329447746,1,4,15808,Anthurium_01_Translucent,316,anthurium_botany_01_BaseColor.tif,RGBA,BC7_UNORM,317,Anthurium_Botany_01_Normal.png,RGB,BC5_UNORM,318,Anthurium_Botany_01_Roughness.png,R,BC4_UNORM,,,,,,,,,,,,
100,MI_Terrain_X4_Y4,"[1.0, 1.0, 1.0, 1.0]","[0.0, 0.0, 0.0]",0.5,0.0,1.0,0.0,1.4500000476837158,0.0,0.0,0.029999999329447746,5,20,577752,E_X4_Y4_37 | M_4x4_01 | M_4x4_02 | M_4x4_03 | M_4x4_04,320,Terrain_Cinematic_BaseColor_4_4.jpg,RGB,BC1_UNORM,321,Terrain_Cinematic_Normal_4_4.jpg,RGB,BC5_UNORM,322,Metallic-Roughness.png,G,BC7_UNORM,323,Metallic-Roughness.png,B,BC7_UNORM,,,,,,,,
101,MI_Terrain_X3_Y4,"[1.0, 1.0, 1.0, 1.0]","[0.0, 0.0, 0.0]",0.5,0.0,1.0,0.0,1.4500000476837158,0.0,0.0,0.029999999329447746,5,20,577752,E_X3_Y4_36 | M_3x4_01 | M_3x4_02 | M_3x4_03 | M_3x4_04,324,Terrain_Cinematic_BaseColor_3_4.jpg,RGB,BC1_UNORM,325,Terrain_Cinematic_Normal_3_4.jpg,RGB,BC5_UNORM,326,Metallic-Roughness.png,G,BC7_UNORM,327,Metallic-Roughness.png,B,BC7_UNORM,,,,,,,,
102,MI_Terrain_X4_Y3,"[1.0, 1.0, 1.0, 1.0]","[0.0, 0.0, 0.0]",0.5,0.0,1.0,0.0,1.4500000476837158,0.0,0.0,0.029999999329447746,5,20,577752,E_X4_Y3_29 | M_4x3_01 | M_4x3_02 | M_4x3_03 | M_4x3_04,328,Terrain_Cinematic_BaseColor_4_3.jpg,RGB,BC1_UNORM,329,Terrain_Cinematic_Normal_4_3.jpg,RGB,BC5_UNORM,330,Metallic-Roughness.png,G,BC7_UNORM,331,Metallic-Roughness.png,B,BC7_UNORM,,,,,,,,
103,MI_Terrain_X3_Y3,"[1.0, 1.0, 1.0, 1.0]","[0.0, 0.0, 0.0]",0.5,0.0,1.0,0.0,1.4500000476837158,0.0,0.0,0.029999999329447746,5,20,577752,E_X3_Y3_28 | M_3x3_01 | M_3x3_02 | M_3x3_03 | M_3x3_04,332,Terrain_Cinematic_BaseColor_3_3.jpg,RGB,BC1_UNORM,333,Terrain_Cinematic_Normal_3_3.jpg,RGB,BC5_UNORM,334,Metallic-Roughness.png,G,BC7_UNORM,335,Metallic-Roughness.png,B,BC7_UNORM,,,,,,,,
104,MI_Terrain_X2_Y5,"[1.0, 1.0, 1.0, 1.0]","[0.0, 0.0, 0.0]",0.5,0.0,1.0,0.0,1.4500000476837158,0.0,0.0,0.029999999329447746,1,4,81608,E_X2_Y5_43,336,Terrain_BaseColor_2_5.jpg,RGB,BC1_UNORM,337,Terrain_Normal_2_5.jpg,RGB,BC5_UNORM,338,Metallic-Roughness.png,G,BC7_UNORM,339,Metallic-Roughness.png,B,BC7_UNORM,,,,,,,,
105,MI_Terrain_X1_Y5,"[1.0, 1.0, 1.0, 1.0]","[0.0, 0.0, 0.0]",0.5,0.0,1.0,0.0,1.4500000476837158,0.0,0.0,0.029999999329447746,1,4,81608,E_X1_Y5_42,340,Terrain_BaseColor_1_5.jpg,RGB,BC1_UNORM,341,Terrain_Normal_1_5.jpg,RGB,BC5_UNORM,342,Metallic-Roughness.png,G,BC7_UNORM,343,Metallic-Roughness.png,B,BC7_UNORM,,,,,,,,
106,MI_Terrain_X0_Y5,"[1.0, 1.0, 1.0, 1.0]","[0.0, 0.0, 0.0]",0.5,0.0,1.0,0.0,1.4500000476837158,0.0,0.0,0.029999999329447746,1,4,81608,E_X0_Y5_41,344,Terrain_BaseColor_0_5.jpg,RGB,BC1_UNORM,345,Terrain_Normal_0_5.jpg,RGB,BC5_UNORM,346,Metallic-Roughness.png,G,BC7_UNORM,347,Metallic-Roughness.png,B,BC7_UNORM,,,,,,,,
107,MI_Terrain_X0_Y4,"[1.0, 1.0, 1.0, 1.0]","[0.0, 0.0, 0.0]",0.5,0.0,1.0,0.0,1.4500000476837158,0.0,0.0,0.029999999329447746,1,4,81608,E_X0_Y4_33,348,Terrain_BaseColor_0_4.jpg,RGB,BC1_UNORM,349,Terrain_Normal_0_4.jpg,RGB,BC5_UNORM,350,Metallic-Roughness.png,G,BC7_UNORM,351,Metallic-Roughness.png,B,BC7_UNORM,,,,,,,,
108,MI_Terrain_X1_Y4,"[1.0, 1.0, 1.0, 1.0]","[0.0, 0.0, 0.0]",0.5,0.0,1.0,0.0,1.4500000476837158,0.0,0.0,0.029999999329447746,1,4,81608,E_X1_Y4_34,352,Terrain_BaseColor_1_4.jpg,RGB,BC1_UNORM,353,Terrain_Normal_1_4.jpg,RGB,BC5_UNORM,354,Metallic-Roughness.png,G,BC7_UNORM,355,Metallic-Roughness.png,B,BC7_UNORM,,,,,,,,
109,MI_Terrain_X2_Y4,"[1.0, 1.0, 1.0, 1.0]","[0.0, 0.0, 0.0]",0.5,0.0,1.0,0.0,1.4500000476837158,0.0,0.0,0.029999999329447746,1,4,81608,E_X2_Y4_35,356,Terrain_BaseColor_2_4.jpg,RGB,BC1_UNORM,357,Terrain_Normal_2_4.jpg,RGB,BC5_UNORM,358,Metallic-Roughness.png,G,BC7_UNORM,359,Metallic-Roughness.png,B,BC7_UNORM,,,,,,,,
110,MI_Terrain_X5_Y4,"[1.0, 1.0, 1.0, 1.0]","[0.0, 0.0, 0.0]",0.5,0.0,1.0,0.0,1.4500000476837158,0.0,0.0,0.029999999329447746,1,4,81608,E_X5_Y4_38,360,Terrain_BaseColor_5_4.jpg,RGB,BC1_UNORM,361,Terrain_Normal_5_4.jpg,RGB,BC5_UNORM,362,Metallic-Roughness.png,G,BC7_UNORM,363,Metallic-Roughness.png,B,BC7_UNORM,,,,,,,,
111,MI_Terrain_X6_Y4,"[1.0, 1.0, 1.0, 1.0]","[0.0, 0.0, 0.0]",0.5,0.0,1.0,0.0,1.4500000476837158,0.0,0.0,0.029999999329447746,1,4,81608,E_X6_Y4_39,364,Terrain_BaseColor_6_4.jpg,RGB,BC1_UNORM,365,Terrain_Normal_6_4.jpg,RGB,BC5_UNORM,366,Metallic-Roughness.png,G,BC7_UNORM,367,Metallic-Roughness.png,B,BC7_UNORM,,,,,,,,
112,MI_Terrain_X7_Y4,"[1.0, 1.0, 1.0, 1.0]","[0.0, 0.0, 0.0]",0.5,0.0,1.0,0.0,1.4500000476837158,0.0,0.0,0.029999999329447746,1,4,81608,E_X7_Y4_40,368,Terrain_BaseColor_7_4.jpg,RGB,BC1_UNORM,369,Terrain_Normal_7_4.jpg,RGB,BC5_UNORM,370,Metallic-Roughness.png,G,BC7_UNORM,371,Metallic-Roughness.png,B,BC7_UNORM,,,,,,,,
113,MI_Terrain_X7_Y3,"[1.0, 1.0, 1.0, 1.0]","[0.0, 0.0, 0.0]",0.5,0.0,1.0,0.0,1.4500000476837158,0.0,0.0,0.029999999329447746,1,4,81608,E_X7_Y3_32,372,Terrain_BaseColor_7_3.jpg,RGB,BC1_UNORM,373,Terrain_Normal_7_3.jpg,RGB,BC5_UNORM,374,Metallic-Roughness.png,G,BC7_UNORM,375,Metallic-Roughness.png,B,BC7_UNORM,,,,,,,,
114,MI_Terrain_X6_Y3,"[1.0, 1.0, 1.0, 1.0]","[0.0, 0.0, 0.0]",0.5,0.0,1.0,0.0,1.4500000476837158,0.0,0.0,0.029999999329447746,1,4,81608,E_X6_Y3_31,376,Terrain_BaseColor_6_3.jpg,RGB,BC1_UNORM,377,Terrain_Normal_6_3.jpg,RGB,BC5_UNORM,378,Metallic-Roughness.png,G,BC7_UNORM,379,Metallic-Roughness.png,B,BC7_UNORM,,,,,,,,
115,MI_Terrain_X5_Y3,"[1.0, 1.0, 1.0, 1.0]","[0.0, 0.0, 0.0]",0.5,0.0,1.0,0.0,1.4500000476837158,0.0,0.0,0.029999999329447746,1,4,81608,E_X5_Y3_30,380,Terrain_BaseColor_5_3.jpg,RGB,BC1_UNORM,381,Terrain_Normal_5_3.jpg,RGB,BC5_UNORM,382,Metallic-Roughness.png,G,BC7_UNORM,383,Metallic-Roughness.png,B,BC7_UNORM,,,,,,,,
116,MI_Terrain_X2_Y3,"[1.0, 1.0, 1.0, 1.0]","[0.0, 0.0, 0.0]",0.5,0.0,1.0,0.0,1.4500000476837158,0.0,0.0,0.029999999329447746,1,4,81608,E_X2_Y3_27,384,Terrain_BaseColor_2_3.jpg,RGB,BC1_UNORM,385,Terrain_Normal_2_3.jpg,RGB,BC5_UNORM,386,Metallic-Roughness.png,G,BC7_UNORM,387,Metallic-Roughness.png,B,BC7_UNORM,,,,,,,,
117,MI_Terrain_X1_Y3,"[1.0, 1.0, 1.0, 1.0]","[0.0, 0.0, 0.0]",0.5,0.0,1.0,0.0,1.4500000476837158,0.0,0.0,0.029999999329447746,1,4,81608,E_X1_Y3_26,388,Terrain_BaseColor_1_3.jpg,RGB,BC1_UNORM,389,Terrain_Normal_1_3.jpg,RGB,BC5_UNORM,390,Metallic-Roughness.png,G,BC7_UNORM,391,Metallic-Roughness.png,B,BC7_UNORM,,,,,,,,
118,MI_Terrain_X0_Y3,"[1.0, 1.0, 1.0, 1.0]","[0.0, 0.0, 0.0]",0.5,0.0,1.0,0.0,1.4500000476837158,0.0,0.0,0.029999999329447746,1,4,81608,E_X0_Y3_25,392,Terrain_BaseColor_0_3.jpg,RGB,BC1_UNORM,393,Terrain_Normal_0_3.jpg,RGB,BC5_UNORM,394,Metallic-Roughness.png,G,BC7_UNORM,395,Metallic-Roughness.png,B,BC7_UNORM,,,,,,,,
119,MI_Terrain_X0_Y2,"[1.0, 1.0, 1.0, 1.0]","[0.0, 0.0, 0.0]",0.5,0.0,1.0,0.0,1.4500000476837158,0.0,0.0,0.029999999329447746,1,4,81608,E_X0_Y2_17,396,Terrain_BaseColor_0_2.jpg,RGB,BC1_UNORM,397,Terrain_Normal_0_2.jpg,RGB,BC5_UNORM,398,Metallic-Roughness.png,G,BC7_UNORM,399,Metallic-Roughness.png,B,BC7_UNORM,,,,,,,,
120,MI_Terrain_X1_Y2,"[1.0, 1.0, 1.0, 1.0]","[0.0, 0.0, 0.0]",0.5,0.0,1.0,0.0,1.4500000476837158,0.0,0.0,0.029999999329447746,1,4,81608,E_X1_Y2_18,400,Terrain_BaseColor_1_2.jpg,RGB,BC1_UNORM,401,Terrain_Normal_1_2.jpg,RGB,BC5_UNORM,402,Metallic-Roughness.png,G,BC7_UNORM,403,Metallic-Roughness.png,B,BC7_UNORM,,,,,,,,
121,MI_Terrain_X2_Y2,"[1.0, 1.0, 1.0, 1.0]","[0.0, 0.0, 0.0]",0.5,0.0,1.0,0.0,1.4500000476837158,0.0,0.0,0.029999999329447746,1,4,81608,E_X2_Y2_19,404,Terrain_BaseColor_2_2.jpg,RGB,BC1_UNORM,405,Terrain_Normal_2_2.jpg,RGB,BC5_UNORM,406,Metallic-Roughness.png,G,BC7_UNORM,407,Metallic-Roughness.png,B,BC7_UNORM,,,,,,,,
122,MI_Terrain_X3_Y2,"[1.0, 1.0, 1.0, 1.0]","[0.0, 0.0, 0.0]",0.5,0.0,1.0,0.0,1.4500000476837158,0.0,0.0,0.029999999329447746,1,4,81608,E_X3_Y2_20,408,Terrain_BaseColor_3_2.jpg,RGB,BC1_UNORM,409,Terrain_Normal_3_2.jpg,RGB,BC5_UNORM,410,Metallic-Roughness.png,G,BC7_UNORM,411,Metallic-Roughness.png,B,BC7_UNORM,,,,,,,,
123,MI_Terrain_X4_Y2,"[1.0, 1.0, 1.0, 1.0]","[0.0, 0.0, 0.0]",0.5,0.0,1.0,0.0,1.4500000476837158,0.0,0.0,0.029999999329447746,1,4,81608,E_X4_Y2_21,412,Terrain_BaseColor_4_2.jpg,RGB,BC1_UNORM,413,Terrain_Normal_4_2.jpg,RGB,BC5_UNORM,414,Metallic-Roughness.png,G,BC7_UNORM,415,Metallic-Roughness.png,B,BC7_UNORM,,,,,,,,
124,MI_Terrain_X5_Y2,"[1.0, 1.0, 1.0, 1.0]","[0.0, 0.0, 0.0]",0.5,0.0,1.0,0.0,1.4500000476837158,0.0,0.0,0.029999999329447746,1,4,81608,E_X5_Y2_22,416,Terrain_BaseColor_5_2.jpg,RGB,BC1_UNORM,417,Terrain_Normal_5_2.jpg,RGB,BC5_UNORM,418,Metallic-Roughness.png,G,BC7_UNORM,419,Metallic-Roughness.png,B,BC7_UNORM,,,,,,,,
125,MI_Terrain_X6_Y2,"[1.0, 1.0, 1.0, 1.0]","[0.0, 0.0, 0.0]",0.5,0.0,1.0,0.0,1.4500000476837158,0.0,0.0,0.029999999329447746,1,4,81608,E_X6_Y2_23,420,Terrain_BaseColor_6_2.jpg,RGB,BC1_UNORM,421,Terrain_Normal_6_2.jpg,RGB,BC5_UNORM,422,Metallic-Roughness.png,G,BC7_UNORM,423,Metallic-Roughness.png,B,BC7_UNORM,,,,,,,,
126,MI_Terrain_X7_Y2,"[1.0, 1.0, 1.0, 1.0]","[0.0, 0.0, 0.0]",0.5,0.0,1.0,0.0,1.4500000476837158,0.0,0.0,0.029999999329447746,1,4,81608,E_X7_Y2_24,424,Terrain_BaseColor_7_2.jpg,RGB,BC1_UNORM,425,Terrain_Normal_7_2.jpg,RGB,BC5_UNORM,426,Metallic-Roughness.png,G,BC7_UNORM,427,Metallic-Roughness.png,B,BC7_UNORM,,,,,,,,
127,MI_Terrain_X0_Y1,"[1.0, 1.0, 1.0, 1.0]","[0.0, 0.0, 0.0]",0.5,0.0,1.0,0.0,1.4500000476837158,0.0,0.0,0.029999999329447746,1,4,81608,E_X0_Y1_9,428,Terrain_BaseColor_0_1.jpg,RGB,BC1_UNORM,429,Terrain_Normal_0_1.jpg,RGB,BC5_UNORM,430,Metallic-Roughness.png,G,BC7_UNORM,431,Metallic-Roughness.png,B,BC7_UNORM,,,,,,,,
128,MI_Terrain_X1_Y1,"[1.0, 1.0, 1.0, 1.0]","[0.0, 0.0, 0.0]",0.5,0.0,1.0,0.0,1.4500000476837158,0.0,0.0,0.029999999329447746,1,4,81608,E_X1_Y1_10,432,Terrain_BaseColor_1_1.jpg,RGB,BC1_UNORM,433,Terrain_Normal_1_1.jpg,RGB,BC5_UNORM,434,Metallic-Roughness.png,G,BC7_UNORM,435,Metallic-Roughness.png,B,BC7_UNORM,,,,,,,,
129,MI_Terrain_X2_Y1,"[1.0, 1.0, 1.0, 1.0]","[0.0, 0.0, 0.0]",0.5,0.0,1.0,0.0,1.4500000476837158,0.0,0.0,0.029999999329447746,1,4,81608,E_X2_Y1_11,436,Terrain_BaseColor_2_1.jpg,RGB,BC1_UNORM,437,Terrain_Normal_2_1.jpg,RGB,BC5_UNORM,438,Metallic-Roughness.png,G,BC7_UNORM,439,Metallic-Roughness.png,B,BC7_UNORM,,,,,,,,
130,MI_Terrain_X3_Y1,"[1.0, 1.0, 1.0, 1.0]","[0.0, 0.0, 0.0]",0.5,0.0,1.0,0.0,1.4500000476837158,0.0,0.0,0.029999999329447746,1,4,81608,E_X3_Y1_12,440,Terrain_BaseColor_3_1.jpg,RGB,BC1_UNORM,441,Terrain_Normal_3_1.jpg,RGB,BC5_UNORM,442,Metallic-Roughness.png,G,BC7_UNORM,443,Metallic-Roughness.png,B,BC7_UNORM,,,,,,,,
131,MI_Terrain_X4_Y1,"[1.0, 1.0, 1.0, 1.0]","[0.0, 0.0, 0.0]",0.5,0.0,1.0,0.0,1.4500000476837158,0.0,0.0,0.029999999329447746,1,4,81608,E_X4_Y1_13,444,Terrain_BaseColor_4_1.jpg,RGB,BC1_UNORM,445,Terrain_Normal_4_1.jpg,RGB,BC5_UNORM,446,Metallic-Roughness.png,G,BC7_UNORM,447,Metallic-Roughness.png,B,BC7_UNORM,,,,,,,,
132,MI_Terrain_X5_Y1,"[1.0, 1.0, 1.0, 1.0]","[0.0, 0.0, 0.0]",0.5,0.0,1.0,0.0,1.4500000476837158,0.0,0.0,0.029999999329447746,1,4,81608,E_X5_Y1_14,448,Terrain_BaseColor_5_1.jpg,RGB,BC1_UNORM,449,Terrain_Normal_5_1.jpg,RGB,BC5_UNORM,450,Metallic-Roughness.png,G,BC7_UNORM,451,Metallic-Roughness.png,B,BC7_UNORM,,,,,,,,
133,MI_Terrain_X6_Y1,"[1.0, 1.0, 1.0, 1.0]","[0.0, 0.0, 0.0]",0.5,0.0,1.0,0.0,1.4500000476837158,0.0,0.0,0.029999999329447746,1,4,81608,E_X6_Y1_15,452,Terrain_BaseColor_6_1.jpg,RGB,BC1_UNORM,453,Terrain_Normal_6_1.jpg,RGB,BC5_UNORM,454,Metallic-Roughness.png,G,BC7_UNORM,455,Metallic-Roughness.png,B,BC7_UNORM,,,,,,,,
134,MI_Terrain_X7_Y1,"[1.0, 1.0, 1.0, 1.0]","[0.0, 0.0, 0.0]",0.5,0.0,1.0,0.0,1.4500000476837158,0.0,0.0,0.029999999329447746,1,4,81608,E_X7_Y1_16,456,Terrain_BaseColor_7_1.jpg,RGB,BC1_UNORM,457,Terrain_Normal_7_1.jpg,RGB,BC5_UNORM,458,Metallic-Roughness.png,G,BC7_UNORM,459,Metallic-Roughness.png,B,BC7_UNORM,,,,,,,,
135,MI_Terrain_X7_Y0,"[1.0, 1.0, 1.0, 1.0]","[0.0, 0.0, 0.0]",0.5,0.0,1.0,0.0,1.4500000476837158,0.0,0.0,0.029999999329447746,1,4,81608,E_X7_Y0_8,460,Terrain_BaseColor_7_0.jpg,RGB,BC1_UNORM,461,Terrain_Normal_7_0.jpg,RGB,BC5_UNORM,462,Metallic-Roughness.png,G,BC7_UNORM,463,Metallic-Roughness.png,B,BC7_UNORM,,,,,,,,
136,MI_Terrain_X6_Y0,"[1.0, 1.0, 1.0, 1.0]","[0.0, 0.0, 0.0]",0.5,0.0,1.0,0.0,1.4500000476837158,0.0,0.0,0.029999999329447746,1,4,81608,E_X6_Y0_7,464,Terrain_BaseColor_6_0.jpg,RGB,BC1_UNORM,465,Terrain_Normal_6_0.jpg,RGB,BC5_UNORM,466,Metallic-Roughness.png,G,BC7_UNORM,467,Metallic-Roughness.png,B,BC7_UNORM,,,,,,,,
137,MI_Terrain_X5_Y0,"[1.0, 1.0, 1.0, 1.0]","[0.0, 0.0, 0.0]",0.5,0.0,1.0,0.0,1.4500000476837158,0.0,0.0,0.029999999329447746,1,4,81608,E_X5_Y0_6,468,Terrain_BaseColor_5_0.jpg,RGB,BC1_UNORM,469,Terrain_Normal_5_0.jpg,RGB,BC5_UNORM,470,Metallic-Roughness.png,G,BC7_UNORM,471,Metallic-Roughness.png,B,BC7_UNORM,,,,,,,,
138,MI_Terrain_X4_Y0,"[1.0, 1.0, 1.0, 1.0]","[0.0, 0.0, 0.0]",0.5,0.0,1.0,0.0,1.4500000476837158,0.0,0.0,0.029999999329447746,1,4,81608,E_X4_Y0_5,472,Terrain_BaseColor_4_0.jpg,RGB,BC1_UNORM,473,Terrain_Normal_4_0.jpg,RGB,BC5_UNORM,474,Metallic-Roughness.png,G,BC7_UNORM,475,Metallic-Roughness.png,B,BC7_UNORM,,,,,,,,
139,MI_Terrain_X3_Y0,"[1.0, 1.0, 1.0, 1.0]","[0.0, 0.0, 0.0]",0.5,0.0,1.0,0.0,1.4500000476837158,0.0,0.0,0.029999999329447746,1,4,81608,E_X3_Y0_4,476,Terrain_BaseColor_3_0.jpg,RGB,BC1_UNORM,477,Terrain_Normal_3_0.jpg,RGB,BC5_UNORM,478,Metallic-Roughness.png,G,BC7_UNORM,479,Metallic-Roughness.png,B,BC7_UNORM,,,,,,,,
140,MI_Terrain_X2_Y0,"[1.0, 1.0, 1.0, 1.0]","[0.0, 0.0, 0.0]",0.5,0.0,1.0,0.0,1.4500000476837158,0.0,0.0,0.029999999329447746,1,4,81608,E_X2_Y0_3,480,Terrain_BaseColor_2_0.jpg,RGB,BC1_UNORM,481,Terrain_Normal_2_0.jpg,RGB,BC5_UNORM,482,Metallic-Roughness.png,G,BC7_UNORM,483,Metallic-Roughness.png,B,BC7_UNORM,,,,,,,,
141,MI_Terrain_X1_Y0,"[1.0, 1.0, 1.0, 1.0]","[0.0, 0.0, 0.0]",0.5,0.0,1.0,0.0,1.4500000476837158,0.0,0.0,0.029999999329447746,1,4,81608,E_X1_Y0_2,484,Terrain_BaseColor_1_0.jpg,RGB,BC1_UNORM,485,Terrain_Normal_1_0.jpg,RGB,BC5_UNORM,486,Metallic-Roughness.png,G,BC7_UNORM,487,Metallic-Roughness.png,B,BC7_UNORM,,,,,,,,
142,MI_Terrain_X0_Y0,"[1.0, 1.0, 1.0, 1.0]","[0.0, 0.0, 0.0]",0.5,0.0,1.0,0.0,1.4500000476837158,0.0,0.0,0.029999999329447746,1,4,81608,E_X0_Y0_1,488,Terrain_BaseColor_0_0.jpg,RGB,BC1_UNORM,489,Terrain_Normal_0_0.jpg,RGB,BC5_UNORM,490,Metallic-Roughness.png,G,BC7_UNORM,491,Metallic-Roughness.png,B,BC7_UNORM,,,,,,,,
143,MI_Terrain_X7_Y7,"[1.0, 1.0, 1.0, 1.0]","[0.0, 0.0, 0.0]",0.5,0.0,1.0,0.0,1.4500000476837158,0.0,0.0,0.029999999329447746,1,4,81608,E_X7_Y7_64,492,Terrain_BaseColor_7_7.jpg,RGB,BC1_UNORM,493,Terrain_Normal_7_7.jpg,RGB,BC5_UNORM,494,Metallic-Roughness.png,G,BC7_UNORM,495,Metallic-Roughness.png,B,BC7_UNORM,,,,,,,,
144,MI_Terrain_X6_Y7,"[1.0, 1.0, 1.0, 1.0]","[0.0, 0.0, 0.0]",0.5,0.0,1.0,0.0,1.4500000476837158,0.0,0.0,0.029999999329447746,1,4,81608,E_X6_Y7_63,496,Terrain_BaseColor_6_7.jpg,RGB,BC1_UNORM,497,Terrain_Normal_6_7.jpg,RGB,BC5_UNORM,498,Metallic-Roughness.png,G,BC7_UNORM,499,Metallic-Roughness.png,B,BC7_UNORM,,,,,,,,
145,MI_Terrain_X5_Y7,"[1.0, 1.0, 1.0, 1.0]","[0.0, 0.0, 0.0]",0.5,0.0,1.0,0.0,1.4500000476837158,0.0,0.0,0.029999999329447746,1,4,81608,E_X5_Y7_62,500,Terrain_BaseColor_5_7.jpg,RGB,BC1_UNORM,501,Terrain_Normal_5_7.jpg,RGB,BC5_UNORM,502,Metallic-Roughness.png,G,BC7_UNORM,503,Metallic-Roughness.png,B,BC7_UNORM,,,,,,,,
146,MI_Terrain_X4_Y7,"[1.0, 1.0, 1.0, 1.0]","[0.0, 0.0, 0.0]",0.5,0.0,1.0,0.0,1.4500000476837158,0.0,0.0,0.029999999329447746,1,4,81608,E_X4_Y7_61,504,Terrain_BaseColor_4_7.jpg,RGB,BC1_UNORM,505,Terrain_Normal_4_7.jpg,RGB,BC5_UNORM,506,Metallic-Roughness.png,G,BC7_UNORM,507,Metallic-Roughness.png,B,BC7_UNORM,,,,,,,,
147,MI_Terrain_X3_Y7,"[1.0, 1.0, 1.0, 1.0]","[0.0, 0.0, 0.0]",0.5,0.0,1.0,0.0,1.4500000476837158,0.0,0.0,0.029999999329447746,1,4,81608,E_X3_Y7_60,508,Terrain_BaseColor_3_7.jpg,RGB,BC1_UNORM,509,Terrain_Normal_3_7.jpg,RGB,BC5_UNORM,510,Metallic-Roughness.png,G,BC7_UNORM,511,Metallic-Roughness.png,B,BC7_UNORM,,,,,,,,
148,MI_Terrain_X2_Y7,"[1.0, 1.0, 1.0, 1.0]","[0.0, 0.0, 0.0]",0.5,0.0,1.0,0.0,1.4500000476837158,0.0,0.0,0.029999999329447746,1,4,81608,E_X2_Y7_59,512,Terrain_BaseColor_2_7.jpg,RGB,BC1_UNORM,513,Terrain_Normal_2_7.jpg,RGB,BC5_UNORM,514,Metallic-Roughness.png,G,BC7_UNORM,515,Metallic-Roughness.png,B,BC7_UNORM,,,,,,,,
149,MI_Terrain_X1_Y7,"[1.0, 1.0, 1.0, 1.0]","[0.0, 0.0, 0.0]",0.5,0.0,1.0,0.0,1.4500000476837158,0.0,0.0,0.029999999329447746,1,4,81608,E_X1_Y7_58,516,Terrain_BaseColor_1_7.jpg,RGB,BC1_UNORM,517,Terrain_Normal_1_7.jpg,RGB,BC5_UNORM,518,Metallic-Roughness.png,G,BC7_UNORM,519,Metallic-Roughness.png,B,BC7_UNORM,,,,,,,,
150,MI_Terrain_X0_Y7,"[1.0, 1.0, 1.0, 1.0]","[0.0, 0.0, 0.0]",0.5,0.0,1.0,0.0,1.4500000476837158,0.0,0.0,0.029999999329447746,1,4,81608,E_X0_Y7_57,520,Terrain_BaseColor_0_7.jpg,RGB,BC1_UNORM,521,Terrain_Normal_0_7.jpg,RGB,BC5_UNORM,522,Metallic-Roughness.png,G,BC7_UNORM,523,Metallic-Roughness.png,B,BC7_UNORM,,,,,,,,
151,MI_Terrain_X0_Y6,"[1.0, 1.0, 1.0, 1.0]","[0.0, 0.0, 0.0]",0.5,0.0,1.0,0.0,1.4500000476837158,0.0,0.0,0.029999999329447746,1,4,81608,E_X0_Y6_49,524,Terrain_BaseColor_0_6.jpg,RGB,BC1_UNORM,525,Terrain_Normal_0_6.jpg,RGB,BC5_UNORM,526,Metallic-Roughness.png,G,BC7_UNORM,527,Metallic-Roughness.png,B,BC7_UNORM,,,,,,,,
152,MI_Terrain_X1_Y6,"[1.0, 1.0, 1.0, 1.0]","[0.0, 0.0, 0.0]",0.5,0.0,1.0,0.0,1.4500000476837158,0.0,0.0,0.029999999329447746,1,4,81608,E_X1_Y6_50,528,Terrain_BaseColor_1_6.jpg,RGB,BC1_UNORM,529,Terrain_Normal_1_6.jpg,RGB,BC5_UNORM,530,Metallic-Roughness.png,G,BC7_UNORM,531,Metallic-Roughness.png,B,BC7_UNORM,,,,,,,,
153,MI_Terrain_X2_Y6,"[1.0, 1.0, 1.0, 1.0]","[0.0, 0.0, 0.0]",0.5,0.0,1.0,0.0,1.4500000476837158,0.0,0.0,0.029999999329447746,1,4,81608,E_X2_Y6_51,532,Terrain_BaseColor_2_6.jpg,RGB,BC1_UNORM,533,Terrain_Normal_2_6.jpg,RGB,BC5_UNORM,534,Metallic-Roughness.png,G,BC7_UNORM,535,Metallic-Roughness.png,B,BC7_UNORM,,,,,,,,
154,MI_Terrain_X3_Y6,"[1.0, 1.0, 1.0, 1.0]","[0.0, 0.0, 0.0]",0.5,0.0,1.0,0.0,1.4500000476837158,0.0,0.0,0.029999999329447746,1,4,81608,E_X3_Y6_52,536,Terrain_BaseColor_3_6.jpg,RGB,BC1_UNORM,537,Terrain_Normal_3_6.jpg,RGB,BC5_UNORM,538,Metallic-Roughness.png,G,BC7_UNORM,539,Metallic-Roughness.png,B,BC7_UNORM,,,,,,,,
155,MI_Terrain_X4_Y6,"[1.0, 1.0, 1.0, 1.0]","[0.0, 0.0, 0.0]",0.5,0.0,1.0,0.0,1.4500000476837158,0.0,0.0,0.029999999329447746,1,4,81608,E_X4_Y6_53,540,Terrain_BaseColor_4_6.jpg,RGB,BC1_UNORM,541,Terrain_Normal_4_6.jpg,RGB,BC5_UNORM,542,Metallic-Roughness.png,G,BC7_UNORM,543,Metallic-Roughness.png,B,BC7_UNORM,,,,,,,,
156,MI_Terrain_X5_Y6,"[1.0, 1.0, 1.0, 1.0]","[0.0, 0.0, 0.0]",0.5,0.0,1.0,0.0,1.4500000476837158,0.0,0.0,0.029999999329447746,1,4,81608,E_X5_Y6_54,544,Terrain_BaseColor_5_6.jpg,RGB,BC1_UNORM,545,Terrain_Normal_5_6.jpg,RGB,BC5_UNORM,546,Metallic-Roughness.png,G,BC7_UNORM,547,Metallic-Roughness.png,B,BC7_UNORM,,,,,,,,
157,MI_Terrain_X6_Y6,"[1.0, 1.0, 1.0, 1.0]","[0.0, 0.0, 0.0]",0.5,0.0,1.0,0.0,1.4500000476837158,0.0,0.0,0.029999999329447746,1,4,81608,E_X6_Y6_55,548,Terrain_BaseColor_6_6.jpg,RGB,BC1_UNORM,549,Terrain_Normal_6_6.jpg,RGB,BC5_UNORM,550,Metallic-Roughness.png,G,BC7_UNORM,551,Metallic-Roughness.png,B,BC7_UNORM,,,,,,,,
158,MI_Terrain_X7_Y6,"[1.0, 1.0, 1.0, 1.0]","[0.0, 0.0, 0.0]",0.5,0.0,1.0,0.0,1.4500000476837158,0.0,0.0,0.029999999329447746,1,4,81608,E_X7_Y6_56,552,Terrain_BaseColor_7_6.jpg,RGB,BC1_UNORM,553,Terrain_Normal_7_6.jpg,RGB,BC5_UNORM,554,Metallic-Roughness.png,G,BC7_UNORM,555,Metallic-Roughness.png,B,BC7_UNORM,,,,,,,,
159,MI_Terrain_X7_Y5,"[1.0, 1.0, 1.0, 1.0]","[0.0, 0.0, 0.0]",0.5,0.0,1.0,0.0,1.4500000476837158,0.0,0.0,0.029999999329447746,1,4,81608,E_X7_Y5_48,556,Terrain_BaseColor_7_5.jpg,RGB,BC1_UNORM,557,Terrain_Normal_7_5.jpg,RGB,BC5_UNORM,558,Metallic-Roughness.png,G,BC7_UNORM,559,Metallic-Roughness.png,B,BC7_UNORM,,,,,,,,
160,MI_Terrain_X6_Y5,"[1.0, 1.0, 1.0, 1.0]","[0.0, 0.0, 0.0]",0.5,0.0,1.0,0.0,1.4500000476837158,0.0,0.0,0.029999999329447746,1,4,81608,E_X6_Y5_47,560,Terrain_BaseColor_6_5.jpg,RGB,BC1_UNORM,561,Terrain_Normal_6_5.jpg,RGB,BC5_UNORM,562,Metallic-Roughness.png,G,BC7_UNORM,563,Metallic-Roughness.png,B,BC7_UNORM,,,,,,,,
161,MI_Terrain_X5_Y5,"[1.0, 1.0, 1.0, 1.0]","[0.0, 0.0, 0.0]",0.5,0.0,1.0,0.0,1.4500000476837158,0.0,0.0,0.029999999329447746,1,4,81608,E_X5_Y5_46,564,Terrain_BaseColor_5_5.jpg,RGB,BC1_UNORM,565,Terrain_Normal_5_5.jpg,RGB,BC5_UNORM,566,Metallic-Roughness.png,G,BC7_UNORM,567,Metallic-Roughness.png,B,BC7_UNORM,,,,,,,,
162,MI_Terrain_X4_Y5,"[1.0, 1.0, 1.0, 1.0]","[0.0, 0.0, 0.0]",0.5,0.0,1.0,0.0,1.4500000476837158,0.0,0.0,0.029999999329447746,1,4,81608,E_X4_Y5_45,568,Terrain_BaseColor_4_5.jpg,RGB,BC1_UNORM,569,Terrain_Normal_4_5.jpg,RGB,BC5_UNORM,570,Metallic-Roughness.png,G,BC7_UNORM,571,Metallic-Roughness.png,B,BC7_UNORM,,,,,,,,
163,MI_Terrain_X3_Y5,"[1.0, 1.0, 1.0, 1.0]","[0.0, 0.0, 0.0]",0.5,0.0,1.0,0.0,1.4500000476837158,0.0,0.0,0.029999999329447746,1,4,81608,E_X3_Y5_44,572,Terrain_BaseColor_3_5.jpg,RGB,BC1_UNORM,573,Terrain_Normal_3_5.jpg,RGB,BC5_UNORM,574,Metallic-Roughness.png,G,BC7_UNORM,575,Metallic-Roughness.png,B,BC7_UNORM,,,,,,,,
164,River,"[1.0, 1.0, 1.0, 1.0]","[0.0, 0.0, 0.0]",0.0,0.0,1.0,0.0,1.4500000476837158,1.3329999446868896,0.0,0.029999999329447746,2,8,25088,Creek | River,576,River_BaseColor.png,RGB,BC1_UNORM,,,,,,,,,,,,,,,,,,,,
165,MI_Pyramid_TableStand,"[1.0, 1.0, 1.0, 1.0]","[0.0, 0.0, 0.0]",0.5,0.0,1.0,0.0,1.4500000476837158,0.0,0.0,0.029999999329447746,1,4,2136,Pyramid_v1a,577,Pyramid_TableStand_BaseColor.png,RGB,BC1_UNORM,578,Pyramid_TableStand_Normal.png,RGB,BC5_UNORM,579,Pyramid_TableStand_Roughness.png,R,BC4_UNORM,,,,,,,,,,,,
166,MI_Pyramid_TableTop,"[1.0, 1.0, 1.0, 1.0]","[0.0, 0.0, 0.0]",0.5,0.0,1.0,0.0,1.4500000476837158,0.0,0.0,0.029999999329447746,1,4,690,Pyramid_v1a,580,Pyramid_TableTop_BaseColor.png,RGB,BC1_UNORM,581,Pyramid_TableTop_Normal.png,RGB,BC5_UNORM,582,Pyramid_TableTop_Roughness.png,R,BC4_UNORM,,,,,,,,,,,,
167,MI_Pyramid_Ceiling,"[1.0, 1.0, 1.0, 1.0]","[0.0, 0.0, 0.0]",0.5,0.0,1.0,0.0,1.4500000476837158,0.0,0.0,0.029999999329447746,1,4,384,Pyramid_v1a,583,Pyramid_Ceiling_BaseColor.png,RGB,BC1_UNORM,584,Pyramid_Ceiling_Normal.png,RGB,BC5_UNORM,585,Pyramid_Ceiling_Roughness.png,R,BC4_UNORM,,,,,,,,,,,,
168,MI_Pyramid_StairsStraight,"[1.0, 1.0, 1.0, 1.0]","[0.0, 0.0, 0.0]",0.5,0.0,1.0,0.0,1.4500000476837158,0.0,0.0,0.029999999329447746,1,4,1728,Pyramid_v1a,586,Pyramid_StairsStraight_BaseColor.png,RGB,BC1_UNORM,587,Pyramid_StairsStraight_Normal.png,RGB,BC5_UNORM,588,Pyramid_StairsStraight_Roughness.png,R,BC4_UNORM,,,,,,,,,,,,
169,MI_Pyramid_StairsCorner,"[1.0, 1.0, 1.0, 1.0]","[0.0, 0.0, 0.0]",0.5,0.0,1.0,0.0,1.4500000476837158,0.0,0.0,0.029999999329447746,1,4,2264,Pyramid_v1a,589,Pyramid_StairsCorner_BaseColor.png,RGB,BC1_UNORM,590,Pyramid_StairsCorner_Normal.png,RGB,BC5_UNORM,591,Pyramid_StairsCorner_Roughness.png,R,BC4_UNORM,,,,,,,,,,,,
170,MI_Pyramid_WallTop_L,"[1.0, 1.0, 1.0, 1.0]","[0.0, 0.0, 0.0]",0.5,0.0,1.0,0.0,1.4500000476837158,0.0,0.0,0.029999999329447746,1,4,44460,Pyramid_v1a,592,Pyramid_WallTopL_BaseColor.png,RGB,BC1_UNORM,593,Pyramid_WallTopL_Normal.png,RGB,BC5_UNORM,594,Pyramid_WallTopL_Roughness.png,R,BC4_UNORM,,,,,,,,,,,,
171,MI_Pyramid_WallTop_R,"[1.0, 1.0, 1.0, 1.0]","[0.0, 0.0, 0.0]",0.5,0.0,1.0,0.0,1.4500000476837158,0.0,0.0,0.029999999329447746,1,4,37620,Pyramid_v1a,595,Pyramid_WallTopR_BaseColor.png,RGB,BC1_UNORM,596,Pyramid_WallTopR_Normal.png,RGB,BC5_UNORM,597,Pyramid_WallTopR_Roughness.png,R,BC4_UNORM,,,,,,,,,,,,
172,MI_Pyramid_Corner,"[1.0, 1.0, 1.0, 1.0]","[0.0, 0.0, 0.0]",0.5,0.0,1.0,0.0,1.4500000476837158,0.0,0.0,0.029999999329447746,1,4,9576,Pyramid_v1a,598,Pyramid_Corner_BaseColor.png,RGB,BC1_UNORM,599,Pyramid_Corner_Normal.png,RGB,BC5_UNORM,600,Pyramid_Corner_Roughness.png,R,BC4_UNORM,,,,,,,,,,,,
173,MI_Pyramid_Column,"[1.0, 1.0, 1.0, 1.0]","[0.0, 0.0, 0.0]",0.5,0.0,1.0,0.0,1.4500000476837158,0.0,0.0,0.029999999329447746,1,4,50016,Pyramid_v1a,601,Pyramid_Column_BaseColor.png,RGB,BC1_UNORM,602,Pyramid_Column_Normal.png,RGB,BC5_UNORM,603,Pyramid_Column_Roughness.png,R,BC4_UNORM,,,,,,,,,,,,
174,MI_Pyramid_StairRail,"[1.0, 1.0, 1.0, 1.0]","[0.0, 0.0, 0.0]",0.5,0.0,1.0,0.0,1.4500000476837158,0.0,0.0,0.029999999329447746,1,4,6048,Pyramid_v1a,604,Pyramid_StairRail_BaseColor.png,RGB,BC1_UNORM,605,Pyramid_StairRail_Normal.png,RGB,BC5_UNORM,606,Pyramid_StairRail_Roughness.png,R,BC4_UNORM,,,,,,,,,,,,
175,MI_Pyramid_StairsBottom,"[1.0, 1.0, 1.0, 1.0]","[0.0, 0.0, 0.0]",0.5,0.0,1.0,0.0,1.4500000476837158,0.0,0.0,0.029999999329447746,1,4,2296,Pyramid_v1a,607,Pyramid_StairsBottom_BaseColor.png,RGB,BC1_UNORM,608,Pyramid_StairsBottom_Normal.png,RGB,BC5_UNORM,609,Pyramid_StairsBottom_Roughness.png,R,BC4_UNORM,,,,,,,,,,,,
176,MI_Pyramid_StairsTop,"[1.0, 1.0, 1.0, 1.0]","[0.0, 0.0, 0.0]",0.5,0.0,1.0,0.0,1.4500000476837158,0.0,0.0,0.029999999329447746,1,4,2080,Pyramid_v1a,610,Pyramid_StairsTop_BaseColor.png,RGB,BC1_UNORM,611,Pyramid_StairsTop_Normal.png,RGB,BC5_UNORM,612,Pyramid_StairsTop_Roughness.png,R,BC4_UNORM,,,,,,,,,,,,
177,MI_Pyramid_RailCorner,"[1.0, 1.0, 1.0, 1.0]","[0.0, 0.0, 0.0]",0.5,0.0,1.0,0.0,1.4500000476837158,0.0,0.0,0.029999999329447746,1,4,1304,Pyramid_v1a,613,Pyramid_RailCorner_BaseColor.png,RGB,BC1_UNORM,614,Pyramid_RailCorner_Normal.png,RGB,BC5_UNORM,615,Pyramid_RailCorner_Roughness.png,R,BC4_UNORM,,,,,,,,,,,,
178,MI_Pyramid_RailStraight,"[1.0, 1.0, 1.0, 1.0]","[0.0, 0.0, 0.0]",0.5,0.0,1.0,0.0,1.4500000476837158,0.0,0.0,0.029999999329447746,1,4,5088,Pyramid_v1a,616,Pyramid_RailStraight_BaseColor.png,RGB,BC1_UNORM,617,Pyramid_RailStraight_Normal.png,RGB,BC5_UNORM,618,Pyramid_RailStraight_Roughness.png,R,BC4_UNORM,,,,,,,,,,,,
179,MI_Pyramid_BottomWallCorner,"[1.0, 1.0, 1.0, 1.0]","[0.0, 0.0, 0.0]",0.5,0.0,1.0,0.0,1.4500000476837158,0.0,0.0,0.029999999329447746,1,4,38952,Pyramid_v1a,619,Pyramid_BottomWallCorner_BaseColor.png,RGB,BC1_UNORM,620,Pyramid_BottomWallCorner_Normal.png,RGB,BC5_UNORM,621,Pyramid_BottomWallCorner_Roughness.png,R,BC4_UNORM,,,,,,,,,,,,
180,MI_Pyramid_BottomWallSide,"[1.0, 1.0, 1.0, 1.0]","[0.0, 0.0, 0.0]",0.5,0.0,1.0,0.0,1.4500000476837158,0.0,0.0,0.029999999329447746,1,4,91008,Pyramid_v1a,622,Pyramid_BottomWallSide_BaseColor.png,RGB,BC1_UNORM,623,Pyramid_BottomWallSide_Normal.png,RGB,BC5_UNORM,624,Pyramid_BottomWallSide_Roughness.png,R,BC4_UNORM,,,,,,,,,,,,
181,MI_Pyramid_Topper,"[1.0, 1.0, 1.0, 1.0]","[0.0, 0.0, 0.0]",0.5,0.0,1.0,0.0,1.4500000476837158,0.0,0.0,0.029999999329447746,1,4,4940,Pyramid_v1a,625,Pyramid_Topper_BaseColor.png,RGB,BC1_UNORM,626,Pyramid_Topper_Normal.png,RGB,BC5_UNORM,627,Pyramid_Topper_Roughness.png,R,BC4_UNORM,,,,,,,,,,,,
182,MI_Pyramid_BottomFlat,"[1.0, 1.0, 1.0, 1.0]","[0.0, 0.0, 0.0]",0.5,0.0,1.0,0.0,1.4500000476837158,0.0,0.0,0.029999999329447746,1,4,2912,Pyramid_v1a,628,Pyramid_BottomFlat_BaseColor.png,RGB,BC1_UNORM,629,Pyramid_Topper_Normal.png,RGB,BC5_UNORM,630,Pyramid_BottomFlat_Roughness.png,R,BC4_UNORM,,,,,,,,,,,,
183,MI_Pyramid_Ground,"[1.0, 1.0, 1.0, 1.0]","[0.0, 0.0, 0.0]",0.5,0.0,1.0,0.0,1.4500000476837158,0.0,0.0,0.029999999329447746,1,4,78,Pyramid_v1a,631,Pyramid_Ground_BaseColor.png,RGB,BC1_UNORM,632,Pyramid_Ground_Normal.png,RGB,BC5_UNORM,633,Pyramid_Ground_Roughness.png,R,BC4_UNORM,,,,,,,,,,,,
184,MI_Banyan_Bark,"[1.0, 1.0, 1.0, 1.0]","[0.0, 0.0, 0.0]",0.5,0.0,1.0,0.0,1.5,0.0,0.0,0.029999999329447746,1,4,1586162,STT_BanyanForest_ROP_Reduced_001_Translucent,634,PX_Banyan_Pinus_Rigida_Bark_02_Albedo_Processed.png,RGB,BC1_UNORM,635,PX_Banyan_Pinus_Rigida_Bark_02_Normal_Processed.png,RGB,BC5_UNORM,636,PX_Banyan_Pinus_Rigida_Bark_02_Roughness_Processed.png,R,BC4_UNORM,,,,,,,,,,,,
185,MI_Banyan_Vines,"[1.0, 1.0, 1.0, 1.0]","[0.0, 0.0, 0.0]",0.5,0.0,1.0,0.0,1.5,0.0,0.0,0.029999999329447746,1,4,64890,STT_BanyanForest_ROP_Reduced_001_Translucent,637,PX_Banyan_Pinus_Rigida_Vines_02_Albedo_Processed.png,RGB,BC1_UNORM,638,PX_Banyan_Pinus_Rigida_Vines_02_Normal_Processed.png,RGB,BC5_UNORM,639,PX_Banyan_Pinus_Rigida_Vines_02_Roughness_Processed.png,R,BC4_UNORM,,,,,,,,,,,,
186,MI_Banyan_Leaves_TwoSided,"[1.0, 1.0, 1.0, 1.0]","[0.0, 0.0, 0.0]",0.5,0.0,1.0,0.5,1.5,0.0,0.0,0.029999999329447746,1,4,3289725,STT_BanyanForest_ROP_Reduced_001_Translucent,640,PX_Prunus_x_yedoensis_Leaf_02_albedo.jpg,RGB,BC1_UNORM,641,PX_Prunus_x_yedoensis_Leaf_02_normal.jpg,RGB,BC5_UNORM,642,PX_Prunus_x_yedoensis_Leaf_02_roughness.jpg,R,BC4_UNORM,,,,,643,PX_Prunus_x_yedoensis_Leaf_02_opacity.jpg,R,BC4_UNORM,,,,
