material_id,material,runtime_source,metallic_constant,constant_used_by_shader,metallic_binding,metallic_texture,metallic_texture_id,metallic_channel,metallic_format,source_texture_path,source_channel_status,source_channel_min_u8,source_channel_max_u8,source_channel_mean_u8,source_nonzero_pixels,source_total_pixels,effective_nonzero,lod0_submesh_count,lod0_triangles,meshes
100,MI_Terrain_X4_Y4,texture_override,0.0,False,323,Metallic-Roughness.png,47,B,BC7_UNORM,assets/scene/JungleRuins_1_0_1b/textures/Terrain/Metallic-Roughness.png,decoded,0,0,0.0,0,1024,False,5,577752,E_X4_Y4_37 | M_4x4_01 | M_4x4_02 | M_4x4_03 | M_4x4_04
101,MI_Terrain_X3_Y4,texture_override,0.0,False,327,Metallic-Roughness.png,47,B,BC7_UNORM,assets/scene/JungleRuins_1_0_1b/textures/Terrain/Metallic-Roughness.png,decoded,0,0,0.0,0,1024,False,5,577752,E_X3_Y4_36 | M_3x4_01 | M_3x4_02 | M_3x4_03 | M_3x4_04
102,MI_Terrain_X4_Y3,texture_override,0.0,False,331,Metallic-Roughness.png,47,B,BC7_UNORM,assets/scene/JungleRuins_1_0_1b/textures/Terrain/Metallic-Roughness.png,decoded,0,0,0.0,0,1024,False,5,577752,E_X4_Y3_29 | M_4x3_01 | M_4x3_02 | M_4x3_03 | M_4x3_04
103,MI_Terrain_X3_Y3,texture_override,0.0,False,335,Metallic-Roughness.png,47,B,BC7_UNORM,assets/scene/JungleRuins_1_0_1b/textures/Terrain/Metallic-Roughness.png,decoded,0,0,0.0,0,1024,False,5,577752,E_X3_Y3_28 | M_3x3_01 | M_3x3_02 | M_3x3_03 | M_3x3_04
104,MI_Terrain_X2_Y5,texture_override,0.0,False,339,Metallic-Roughness.png,47,B,BC7_UNORM,assets/scene/JungleRuins_1_0_1b/textures/Terrain/Metallic-Roughness.png,decoded,0,0,0.0,0,1024,False,1,81608,E_X2_Y5_43
105,MI_Terrain_X1_Y5,texture_override,0.0,False,343,Metallic-Roughness.png,47,B,BC7_UNORM,assets/scene/JungleRuins_1_0_1b/textures/Terrain/Metallic-Roughness.png,decoded,0,0,0.0,0,1024,False,1,81608,E_X1_Y5_42
106,MI_Terrain_X0_Y5,texture_override,0.0,False,347,Metallic-Roughness.png,47,B,BC7_UNORM,assets/scene/JungleRuins_1_0_1b/textures/Terrain/Metallic-Roughness.png,decoded,0,0,0.0,0,1024,False,1,81608,E_X0_Y5_41
107,MI_Terrain_X0_Y4,texture_override,0.0,False,351,Metallic-Roughness.png,47,B,BC7_UNORM,assets/scene/JungleRuins_1_0_1b/textures/Terrain/Metallic-Roughness.png,decoded,0,0,0.0,0,1024,False,1,81608,E_X0_Y4_33
108,MI_Terrain_X1_Y4,texture_override,0.0,False,355,Metallic-Roughness.png,47,B,BC7_UNORM,assets/scene/JungleRuins_1_0_1b/textures/Terrain/Metallic-Roughness.png,decoded,0,0,0.0,0,1024,False,1,81608,E_X1_Y4_34
109,MI_Terrain_X2_Y4,texture_override,0.0,False,359,Metallic-Roughness.png,47,B,BC7_UNORM,assets/scene/JungleRuins_1_0_1b/textures/Terrain/Metallic-Roughness.png,decoded,0,0,0.0,0,1024,False,1,81608,E_X2_Y4_35
110,MI_Terrain_X5_Y4,texture_override,0.0,False,363,Metallic-Roughness.png,47,B,BC7_UNORM,assets/scene/JungleRuins_1_0_1b/textures/Terrain/Metallic-Roughness.png,decoded,0,0,0.0,0,1024,False,1,81608,E_X5_Y4_38
111,MI_Terrain_X6_Y4,texture_override,0.0,False,367,Metallic-Roughness.png,47,B,BC7_UNORM,assets/scene/JungleRuins_1_0_1b/textures/Terrain/Metallic-Roughness.png,decoded,0,0,0.0,0,1024,False,1,81608,E_X6_Y4_39
112,MI_Terrain_X7_Y4,texture_override,0.0,False,371,Metallic-Roughness.png,47,B,BC7_UNORM,assets/scene/JungleRuins_1_0_1b/textures/Terrain/Metallic-Roughness.png,decoded,0,0,0.0,0,1024,False,1,81608,E_X7_Y4_40
113,MI_Terrain_X7_Y3,texture_override,0.0,False,375,Metallic-Roughness.png,47,B,BC7_UNORM,assets/scene/JungleRuins_1_0_1b/textures/Terrain/Metallic-Roughness.png,decoded,0,0,0.0,0,1024,False,1,81608,E_X7_Y3_32
114,MI_Terrain_X6_Y3,texture_override,0.0,False,379,Metallic-Roughness.png,47,B,BC7_UNORM,assets/scene/JungleRuins_1_0_1b/textures/Terrain/Metallic-Roughness.png,decoded,0,0,0.0,0,1024,False,1,81608,E_X6_Y3_31
115,MI_Terrain_X5_Y3,texture_override,0.0,False,383,Metallic-Roughness.png,47,B,BC7_UNORM,assets/scene/JungleRuins_1_0_1b/textures/Terrain/Metallic-Roughness.png,decoded,0,0,0.0,0,1024,False,1,81608,E_X5_Y3_30
116,MI_Terrain_X2_Y3,texture_override,0.0,False,387,Metallic-Roughness.png,47,B,BC7_UNORM,assets/scene/JungleRuins_1_0_1b/textures/Terrain/Metallic-Roughness.png,decoded,0,0,0.0,0,1024,False,1,81608,E_X2_Y3_27
117,MI_Terrain_X1_Y3,texture_override,0.0,False,391,Metallic-Roughness.png,47,B,BC7_UNORM,assets/scene/JungleRuins_1_0_1b/textures/Terrain/Metallic-Roughness.png,decoded,0,0,0.0,0,1024,False,1,81608,E_X1_Y3_26
118,MI_Terrain_X0_Y3,texture_override,0.0,False,395,Metallic-Roughness.png,47,B,BC7_UNORM,assets/scene/JungleRuins_1_0_1b/textures/Terrain/Metallic-Roughness.png,decoded,0,0,0.0,0,1024,False,1,81608,E_X0_Y3_25
119,MI_Terrain_X0_Y2,texture_override,0.0,False,399,Metallic-Roughness.png,47,B,BC7_UNORM,assets/scene/JungleRuins_1_0_1b/textures/Terrain/Metallic-Roughness.png,decoded,0,0,0.0,0,1024,False,1,81608,E_X0_Y2_17
120,MI_Terrain_X1_Y2,texture_override,0.0,False,403,Metallic-Roughness.png,47,B,BC7_UNORM,assets/scene/JungleRuins_1_0_1b/textures/Terrain/Metallic-Roughness.png,decoded,0,0,0.0,0,1024,False,1,81608,E_X1_Y2_18
121,MI_Terrain_X2_Y2,texture_override,0.0,False,407,Metallic-Roughness.png,47,B,BC7_UNORM,assets/scene/JungleRuins_1_0_1b/textures/Terrain/Metallic-Roughness.png,decoded,0,0,0.0,0,1024,False,1,81608,E_X2_Y2_19
122,MI_Terrain_X3_Y2,texture_override,0.0,False,411,Metallic-Roughness.png,47,B,BC7_UNORM,assets/scene/JungleRuins_1_0_1b/textures/Terrain/Metallic-Roughness.png,decoded,0,0,0.0,0,1024,False,1,81608,E_X3_Y2_20
123,MI_Terrain_X4_Y2,texture_override,0.0,False,415,Metallic-Roughness.png,47,B,BC7_UNORM,assets/scene/JungleRuins_1_0_1b/textures/Terrain/Metallic-Roughness.png,decoded,0,0,0.0,0,1024,False,1,81608,E_X4_Y2_21
124,MI_Terrain_X5_Y2,texture_override,0.0,False,419,Metallic-Roughness.png,47,B,BC7_UNORM,assets/scene/JungleRuins_1_0_1b/textures/Terrain/Metallic-Roughness.png,decoded,0,0,0.0,0,1024,False,1,81608,E_X5_Y2_22
125,MI_Terrain_X6_Y2,texture_override,0.0,False,423,Metallic-Roughness.png,47,B,BC7_UNORM,assets/scene/JungleRuins_1_0_1b/textures/Terrain/Metallic-Roughness.png,decoded,0,0,0.0,0,1024,False,1,81608,E_X6_Y2_23
126,MI_Terrain_X7_Y2,texture_override,0.0,False,427,Metallic-Roughness.png,47,B,BC7_UNORM,assets/scene/JungleRuins_1_0_1b/textures/Terrain/Metallic-Roughness.png,decoded,0,0,0.0,0,1024,False,1,81608,E_X7_Y2_24
127,MI_Terrain_X0_Y1,texture_override,0.0,False,431,Metallic-Roughness.png,47,B,BC7_UNORM,assets/scene/JungleRuins_1_0_1b/textures/Terrain/Metallic-Roughness.png,decoded,0,0,0.0,0,1024,False,1,81608,E_X0_Y1_9
128,MI_Terrain_X1_Y1,texture_override,0.0,False,435,Metallic-Roughness.png,47,B,BC7_UNORM,assets/scene/JungleRuins_1_0_1b/textures/Terrain/Metallic-Roughness.png,decoded,0,0,0.0,0,1024,False,1,81608,E_X1_Y1_10
129,MI_Terrain_X2_Y1,texture_override,0.0,False,439,Metallic-Roughness.png,47,B,BC7_UNORM,assets/scene/JungleRuins_1_0_1b/textures/Terrain/Metallic-Roughness.png,decoded,0,0,0.0,0,1024,False,1,81608,E_X2_Y1_11
130,MI_Terrain_X3_Y1,texture_override,0.0,False,443,Metallic-Roughness.png,47,B,BC7_UNORM,assets/scene/JungleRuins_1_0_1b/textures/Terrain/Metallic-Roughness.png,decoded,0,0,0.0,0,1024,False,1,81608,E_X3_Y1_12
131,MI_Terrain_X4_Y1,texture_override,0.0,False,447,Metallic-Roughness.png,47,B,BC7_UNORM,assets/scene/JungleRuins_1_0_1b/textures/Terrain/Metallic-Roughness.png,decoded,0,0,0.0,0,1024,False,1,81608,E_X4_Y1_13
132,MI_Terrain_X5_Y1,texture_override,0.0,False,451,Metallic-Roughness.png,47,B,BC7_UNORM,assets/scene/JungleRuins_1_0_1b/textures/Terrain/Metallic-Roughness.png,decoded,0,0,0.0,0,1024,False,1,81608,E_X5_Y1_14
133,MI_Terrain_X6_Y1,texture_override,0.0,False,455,Metallic-Roughness.png,47,B,BC7_UNORM,assets/scene/JungleRuins_1_0_1b/textures/Terrain/Metallic-Roughness.png,decoded,0,0,0.0,0,1024,False,1,81608,E_X6_Y1_15
134,MI_Terrain_X7_Y1,texture_override,0.0,False,459,Metallic-Roughness.png,47,B,BC7_UNORM,assets/scene/JungleRuins_1_0_1b/textures/Terrain/Metallic-Roughness.png,decoded,0,0,0.0,0,1024,False,1,81608,E_X7_Y1_16
135,MI_Terrain_X7_Y0,texture_override,0.0,False,463,Metallic-Roughness.png,47,B,BC7_UNORM,assets/scene/JungleRuins_1_0_1b/textures/Terrain/Metallic-Roughness.png,decoded,0,0,0.0,0,1024,False,1,81608,E_X7_Y0_8
136,MI_Terrain_X6_Y0,texture_override,0.0,False,467,Metallic-Roughness.png,47,B,BC7_UNORM,assets/scene/JungleRuins_1_0_1b/textures/Terrain/Metallic-Roughness.png,decoded,0,0,0.0,0,1024,False,1,81608,E_X6_Y0_7
137,MI_Terrain_X5_Y0,texture_override,0.0,False,471,Metallic-Roughness.png,47,B,BC7_UNORM,assets/scene/JungleRuins_1_0_1b/textures/Terrain/Metallic-Roughness.png,decoded,0,0,0.0,0,1024,False,1,81608,E_X5_Y0_6
138,MI_Terrain_X4_Y0,texture_override,0.0,False,475,Metallic-Roughness.png,47,B,BC7_UNORM,assets/scene/JungleRuins_1_0_1b/textures/Terrain/Metallic-Roughness.png,decoded,0,0,0.0,0,1024,False,1,81608,E_X4_Y0_5
139,MI_Terrain_X3_Y0,texture_override,0.0,False,479,Metallic-Roughness.png,47,B,BC7_UNORM,assets/scene/JungleRuins_1_0_1b/textures/Terrain/Metallic-Roughness.png,decoded,0,0,0.0,0,1024,False,1,81608,E_X3_Y0_4
140,MI_Terrain_X2_Y0,texture_override,0.0,False,483,Metallic-Roughness.png,47,B,BC7_UNORM,assets/scene/JungleRuins_1_0_1b/textures/Terrain/Metallic-Roughness.png,decoded,0,0,0.0,0,1024,False,1,81608,E_X2_Y0_3
141,MI_Terrain_X1_Y0,texture_override,0.0,False,487,Metallic-Roughness.png,47,B,BC7_UNORM,assets/scene/JungleRuins_1_0_1b/textures/Terrain/Metallic-Roughness.png,decoded,0,0,0.0,0,1024,False,1,81608,E_X1_Y0_2
142,MI_Terrain_X0_Y0,texture_override,0.0,False,491,Metallic-Roughness.png,47,B,BC7_UNORM,assets/scene/JungleRuins_1_0_1b/textures/Terrain/Metallic-Roughness.png,decoded,0,0,0.0,0,1024,False,1,81608,E_X0_Y0_1
143,MI_Terrain_X7_Y7,texture_override,0.0,False,495,Metallic-Roughness.png,47,B,BC7_UNORM,assets/scene/JungleRuins_1_0_1b/textures/Terrain/Metallic-Roughness.png,decoded,0,0,0.0,0,1024,False,1,81608,E_X7_Y7_64
144,MI_Terrain_X6_Y7,texture_override,0.0,False,499,Metallic-Roughness.png,47,B,BC7_UNORM,assets/scene/JungleRuins_1_0_1b/textures/Terrain/Metallic-Roughness.png,decoded,0,0,0.0,0,1024,False,1,81608,E_X6_Y7_63
145,MI_Terrain_X5_Y7,texture_override,0.0,False,503,Metallic-Roughness.png,47,B,BC7_UNORM,assets/scene/JungleRuins_1_0_1b/textures/Terrain/Metallic-Roughness.png,decoded,0,0,0.0,0,1024,False,1,81608,E_X5_Y7_62
146,MI_Terrain_X4_Y7,texture_override,0.0,False,507,Metallic-Roughness.png,47,B,BC7_UNORM,assets/scene/JungleRuins_1_0_1b/textures/Terrain/Metallic-Roughness.png,decoded,0,0,0.0,0,1024,False,1,81608,E_X4_Y7_61
147,MI_Terrain_X3_Y7,texture_override,0.0,False,511,Metallic-Roughness.png,47,B,BC7_UNORM,assets/scene/JungleRuins_1_0_1b/textures/Terrain/Metallic-Roughness.png,decoded,0,0,0.0,0,1024,False,1,81608,E_X3_Y7_60
148,MI_Terrain_X2_Y7,texture_override,0.0,False,515,Metallic-Roughness.png,47,B,BC7_UNORM,assets/scene/JungleRuins_1_0_1b/textures/Terrain/Metallic-Roughness.png,decoded,0,0,0.0,0,1024,False,1,81608,E_X2_Y7_59
149,MI_Terrain_X1_Y7,texture_override,0.0,False,519,Metallic-Roughness.png,47,B,BC7_UNORM,assets/scene/JungleRuins_1_0_1b/textures/Terrain/Metallic-Roughness.png,decoded,0,0,0.0,0,1024,False,1,81608,E_X1_Y7_58
150,MI_Terrain_X0_Y7,texture_override,0.0,False,523,Metallic-Roughness.png,47,B,BC7_UNORM,assets/scene/JungleRuins_1_0_1b/textures/Terrain/Metallic-Roughness.png,decoded,0,0,0.0,0,1024,False,1,81608,E_X0_Y7_57
151,MI_Terrain_X0_Y6,texture_override,0.0,False,527,Metallic-Roughness.png,47,B,BC7_UNORM,assets/scene/JungleRuins_1_0_1b/textures/Terrain/Metallic-Roughness.png,decoded,0,0,0.0,0,1024,False,1,81608,E_X0_Y6_49
152,MI_Terrain_X1_Y6,texture_override,0.0,False,531,Metallic-Roughness.png,47,B,BC7_UNORM,assets/scene/JungleRuins_1_0_1b/textures/Terrain/Metallic-Roughness.png,decoded,0,0,0.0,0,1024,False,1,81608,E_X1_Y6_50
153,MI_Terrain_X2_Y6,texture_override,0.0,False,535,Metallic-Roughness.png,47,B,BC7_UNORM,assets/scene/JungleRuins_1_0_1b/textures/Terrain/Metallic-Roughness.png,decoded,0,0,0.0,0,1024,False,1,81608,E_X2_Y6_51
154,MI_Terrain_X3_Y6,texture_override,0.0,False,539,Metallic-Roughness.png,47,B,BC7_UNORM,assets/scene/JungleRuins_1_0_1b/textures/Terrain/Metallic-Roughness.png,decoded,0,0,0.0,0,1024,False,1,81608,E_X3_Y6_52
155,MI_Terrain_X4_Y6,texture_override,0.0,False,543,Metallic-Roughness.png,47,B,BC7_UNORM,assets/scene/JungleRuins_1_0_1b/textures/Terrain/Metallic-Roughness.png,decoded,0,0,0.0,0,1024,False,1,81608,E_X4_Y6_53
156,MI_Terrain_X5_Y6,texture_override,0.0,False,547,Metallic-Roughness.png,47,B,BC7_UNORM,assets/scene/JungleRuins_1_0_1b/textures/Terrain/Metallic-Roughness.png,decoded,0,0,0.0,0,1024,False,1,81608,E_X5_Y6_54
157,MI_Terrain_X6_Y6,texture_override,0.0,False,551,Metallic-Roughness.png,47,B,BC7_UNORM,assets/scene/JungleRuins_1_0_1b/textures/Terrain/Metallic-Roughness.png,decoded,0,0,0.0,0,1024,False,1,81608,E_X6_Y6_55
158,MI_Terrain_X7_Y6,texture_override,0.0,False,555,Metallic-Roughness.png,47,B,BC7_UNORM,assets/scene/JungleRuins_1_0_1b/textures/Terrain/Metallic-Roughness.png,decoded,0,0,0.0,0,1024,False,1,81608,E_X7_Y6_56
159,MI_Terrain_X7_Y5,texture_override,0.0,False,559,Metallic-Roughness.png,47,B,BC7_UNORM,assets/scene/JungleRuins_1_0_1b/textures/Terrain/Metallic-Roughness.png,decoded,0,0,0.0,0,1024,False,1,81608,E_X7_Y5_48
160,MI_Terrain_X6_Y5,texture_override,0.0,False,563,Metallic-Roughness.png,47,B,BC7_UNORM,assets/scene/JungleRuins_1_0_1b/textures/Terrain/Metallic-Roughness.png,decoded,0,0,0.0,0,1024,False,1,81608,E_X6_Y5_47
161,MI_Terrain_X5_Y5,texture_override,0.0,False,567,Metallic-Roughness.png,47,B,BC7_UNORM,assets/scene/JungleRuins_1_0_1b/textures/Terrain/Metallic-Roughness.png,decoded,0,0,0.0,0,1024,False,1,81608,E_X5_Y5_46
162,MI_Terrain_X4_Y5,texture_override,0.0,False,571,Metallic-Roughness.png,47,B,BC7_UNORM,assets/scene/JungleRuins_1_0_1b/textures/Terrain/Metallic-Roughness.png,decoded,0,0,0.0,0,1024,False,1,81608,E_X4_Y5_45
163,MI_Terrain_X3_Y5,texture_override,0.0,False,575,Metallic-Roughness.png,47,B,BC7_UNORM,assets/scene/JungleRuins_1_0_1b/textures/Terrain/Metallic-Roughness.png,decoded,0,0,0.0,0,1024,False,1,81608,E_X3_Y5_44
