texture_id,texture,payload_key,width,height,mip_count,dxgi_format,payload_bytes,payload_valid,material_reference_count,base_color_materials,normal_materials,roughness_materials,metallic_materials,opacity_materials,emissive_materials
0,PX_Pinus_Rigida_Bark_02_Albedo_Processed.png,c:/users/mkkim/myfolder/mydev1/fast-jungle-renderer/assets/scene/jungleruins_1_0_1b/textures/trees/px_pinus_rigida_bark_02_albedo_processed.png,1024,1024,11,BC1_UNORM,699064,True,13,13,0,0,0,0,0
1,PX_Pinus_Rigida_Bark_02_Normal_Processed.png,c:/users/mkkim/myfolder/mydev1/fast-jungle-renderer/assets/scene/jungleruins_1_0_1b/textures/trees/px_pinus_rigida_bark_02_normal_processed.png,1024,1024,11,BC5_UNORM,1398128,True,13,0,13,0,0,0,0
2,PX_Pinus_Rigida_Bark_02_Roughness_Processed.png,c:/users/mkkim/myfolder/mydev1/fast-jungle-renderer/assets/scene/jungleruins_1_0_1b/textures/trees/px_pinus_rigida_bark_02_roughness_processed.png,1024,1024,11,BC4_UNORM,699064,True,13,0,0,13,0,0,0
3,PX_Chamaecyparis_Pisifera_Bark_01_Albedo_Processed.png,c:/users/mkkim/myfolder/mydev1/fast-jungle-renderer/assets/scene/jungleruins_1_0_1b/textures/trees/px_chamaecyparis_pisifera_bark_01_albedo_processed.png,4096,4096,13,BC1_UNORM,11184824,True,13,13,0,0,0,0,0
4,PX_Chamaecyparis_Pisifera_Bark_01_Normal_Processed.png,c:/users/mkkim/myfolder/mydev1/fast-jungle-renderer/assets/scene/jungleruins_1_0_1b/textures/trees/px_chamaecyparis_pisifera_bark_01_normal_processed.png,4096,4096,13,BC5_UNORM,22369648,True,13,0,13,0,0,0,0
5,PX_Chamaecyparis_Pisifera_Bark_01_Roughness_Processed.png,c:/users/mkkim/myfolder/mydev1/fast-jungle-renderer/assets/scene/jungleruins_1_0_1b/textures/trees/px_chamaecyparis_pisifera_bark_01_roughness_processed.png,4096,4096,13,BC4_UNORM,11184824,True,13,0,0,13,0,0,0
6,PX_Prunus_x_yedoensis_Leaf_03_albedo.jpg,c:/users/mkkim/myfolder/mydev1/fast-jungle-renderer/assets/scene/jungleruins_1_0_1b/textures/trees/px_prunus_x_yedoensis_leaf_03_albedo.jpg,4096,4096,13,BC1_UNORM,11184824,True,13,13,0,0,0,0,0
7,PX_Prunus_x_yedoensis_Leaf_03_normal.jpg,c:/users/mkkim/myfolder/mydev1/fast-jungle-renderer/assets/scene/jungleruins_1_0_1b/textures/trees/px_prunus_x_yedoensis_leaf_03_normal.jpg,4096,4096,13,BC5_UNORM,22369648,True,13,0,13,0,0,0,0
8,PX_Prunus_x_yedoensis_Leaf_03_roughness.jpg,c:/users/mkkim/myfolder/mydev1/fast-jungle-renderer/assets/scene/jungleruins_1_0_1b/textures/trees/px_prunus_x_yedoensis_leaf_03_roughness.jpg,4096,4096,13,BC4_UNORM,11184824,True,13,0,0,13,0,0,0
9,PX_Prunus_x_yedoensis_Leaf_03_opacity.jpg,c:/users/mkkim/myfolder/mydev1/fast-jungle-renderer/assets/scene/jungleruins_1_0_1b/textures/trees/px_prunus_x_yedoensis_leaf_03_opacity.jpg,4096,4096,13,BC4_UNORM,11184824,True,13,0,0,0,0,13,0
10,palm_bark_diff_4k.jpg,c:/users/mkkim/myfolder/mydev1/fast-jungle-renderer/assets/scene/jungleruins_1_0_1b/textures/trees/palm_bark_diff_4k.jpg,4096,4096,13,BC1_UNORM,11184824,True,3,3,0,0,0,0,0
11,palm_bark_nor_gl_4k.exr,c:/users/mkkim/myfolder/mydev1/fast-jungle-renderer/assets/scene/jungleruins_1_0_1b/textures/trees/palm_bark_nor_gl_4k.exr,4096,4096,13,BC5_UNORM,22369648,True,3,0,3,0,0,0,0
12,palm_bark_rough_4k.exr,c:/users/mkkim/myfolder/mydev1/fast-jungle-renderer/assets/scene/jungleruins_1_0_1b/textures/trees/palm_bark_rough_4k.exr,4096,4096,13,BC4_UNORM,11184824,True,3,0,0,3,0,0,0
13,PX_Chamaedorea_elegans_Leaf_01_albedo_E.jpg,c:/users/mkkim/myfolder/mydev1/fast-jungle-renderer/assets/scene/jungleruins_1_0_1b/textures/trees/px_chamaedorea_elegans_leaf_01_albedo_e.jpg,4096,4096,13,BC1_UNORM,11184824,True,3,3,0,0,0,0,0
14,PX_Chamaedorea_elegans_Leaf_01_normal.jpg,c:/users/mkkim/myfolder/mydev1/fast-jungle-renderer/assets/scene/jungleruins_1_0_1b/textures/trees/px_chamaedorea_elegans_leaf_01_normal.jpg,4096,4096,13,BC5_UNORM,22369648,True,3,0,3,0,0,0,0
15,PX_Chamaedorea_elegans_Leaf_01_roughness.jpg,c:/users/mkkim/myfolder/mydev1/fast-jungle-renderer/assets/scene/jungleruins_1_0_1b/textures/trees/px_chamaedorea_elegans_leaf_01_roughness.jpg,4096,4096,13,BC4_UNORM,11184824,True,3,0,0,3,0,0,0
16,PX_Chamaedorea_elegans_Leaf_01_opacity.jpg,c:/users/mkkim/myfolder/mydev1/fast-jungle-renderer/assets/scene/jungleruins_1_0_1b/textures/trees/px_chamaedorea_elegans_leaf_01_opacity.jpg,4096,4096,13,BC4_UNORM,11184824,True,3,0,0,0,0,3,0
17,PX_Imperata_Cylindrica_Leaf_01_Albedo_Processed.png,c:/users/mkkim/myfolder/mydev1/fast-jungle-renderer/assets/scene/jungleruins_1_0_1b/textures/trees/px_imperata_cylindrica_leaf_01_albedo_processed.png,4096,4096,13,BC1_UNORM,11184824,True,3,3,0,0,0,0,0
18,PX_Imperata_cylindrica_Leaf_01_normal.jpg,c:/users/mkkim/myfolder/mydev1/fast-jungle-renderer/assets/scene/jungleruins_1_0_1b/textures/trees/px_imperata_cylindrica_leaf_01_normal.jpg,4096,4096,13,BC5_UNORM,22369648,True,3,0,3,0,0,0,0
19,PX_Imperata_cylindrica_Leaf_01_roughness.jpg,c:/users/mkkim/myfolder/mydev1/fast-jungle-renderer/assets/scene/jungleruins_1_0_1b/textures/trees/px_imperata_cylindrica_leaf_01_roughness.jpg,4096,4096,13,BC4_UNORM,11184824,True,3,0,0,3,0,0,0
20,PX_Imperata_cylindrica_Leaf_01_opacity.jpg,c:/users/mkkim/myfolder/mydev1/fast-jungle-renderer/assets/scene/jungleruins_1_0_1b/textures/trees/px_imperata_cylindrica_leaf_01_opacity.jpg,4096,4096,13,BC4_UNORM,11184824,True,3,0,0,0,0,3,0
21,MI_QueenForest_Berries_Albedo_Processed.png,c:/users/mkkim/myfolder/mydev1/fast-jungle-renderer/assets/scene/jungleruins_1_0_1b/textures/trees/mi_queenforest_berries_albedo_processed.png,1024,1024,11,BC1_UNORM,699064,True,3,3,0,0,0,0,0
22,MI_QueenForest_Berries_Normal_Processed.png,c:/users/mkkim/myfolder/mydev1/fast-jungle-renderer/assets/scene/jungleruins_1_0_1b/textures/trees/mi_queenforest_berries_normal_processed.png,1024,1024,11,BC5_UNORM,1398128,True,3,0,3,0,0,0,0
23,MI_QueenForest_Berries_Roughness_Processed.png,c:/users/mkkim/myfolder/mydev1/fast-jungle-renderer/assets/scene/jungleruins_1_0_1b/textures/trees/mi_queenforest_berries_roughness_processed.png,1024,1024,11,BC4_UNORM,699064,True,3,0,0,3,0,0,0
24,Moss_01_BaseColor.tif,c:/users/mkkim/myfolder/mydev1/fast-jungle-renderer/assets/scene/jungleruins_1_0_1b/textures/plants/moss_01_basecolor.tif,4096,4096,13,BC7_UNORM,22369648,True,3,3,0,0,0,0,0
25,Moss_01_Normal.png,c:/users/mkkim/myfolder/mydev1/fast-jungle-renderer/assets/scene/jungleruins_1_0_1b/textures/plants/moss_01_normal.png,4096,4096,13,BC5_UNORM,22369648,True,3,0,3,0,0,0,0
26,Moss_01_Roughness.png,c:/users/mkkim/myfolder/mydev1/fast-jungle-renderer/assets/scene/jungleruins_1_0_1b/textures/plants/moss_01_roughness.png,4096,4096,13,BC4_UNORM,11184824,True,3,0,0,3,0,0,0
27,Grass_Medium_02_BaseColor.tif,c:/users/mkkim/myfolder/mydev1/fast-jungle-renderer/assets/scene/jungleruins_1_0_1b/textures/plants/grass_medium_02_basecolor.tif,4096,4096,13,BC7_UNORM,22369648,True,5,5,0,0,0,0,0
28,Grass_Medium_02_Normal.png,c:/users/mkkim/myfolder/mydev1/fast-jungle-renderer/assets/scene/jungleruins_1_0_1b/textures/plants/grass_medium_02_normal.png,4096,4096,13,BC5_UNORM,22369648,True,5,0,5,0,0,0,0
29,Grass_Medium_02_Roughness.png,c:/users/mkkim/myfolder/mydev1/fast-jungle-renderer/assets/scene/jungleruins_1_0_1b/textures/plants/grass_medium_02_roughness.png,4096,4096,13,BC4_UNORM,11184824,True,5,0,0,5,0,0,0
30,Grass_Medium_01_BaseColor.tif,c:/users/mkkim/myfolder/mydev1/fast-jungle-renderer/assets/scene/jungleruins_1_0_1b/textures/plants/grass_medium_01_basecolor.tif,4096,4096,13,BC7_UNORM,22369648,True,6,6,0,0,0,0,0
31,Grass_Medium_01_Normal.png,c:/users/mkkim/myfolder/mydev1/fast-jungle-renderer/assets/scene/jungleruins_1_0_1b/textures/plants/grass_medium_01_normal.png,4096,4096,13,BC5_UNORM,22369648,True,6,0,6,0,0,0,0
32,Grass_Medium_01_Roughness.png,c:/users/mkkim/myfolder/mydev1/fast-jungle-renderer/assets/scene/jungleruins_1_0_1b/textures/plants/grass_medium_01_roughness.png,4096,4096,13,BC4_UNORM,11184824,True,6,0,0,6,0,0,0
33,Shrub_04_BaseColor.tif,c:/users/mkkim/myfolder/mydev1/fast-jungle-renderer/assets/scene/jungleruins_1_0_1b/textures/plants/shrub_04_basecolor.tif,4096,4096,13,BC7_UNORM,22369648,True,4,4,0,0,0,0,0
34,Shrub_04_Normal.png,c:/users/mkkim/myfolder/mydev1/fast-jungle-renderer/assets/scene/jungleruins_1_0_1b/textures/plants/shrub_04_normal.png,4096,4096,13,BC5_UNORM,22369648,True,4,0,4,0,0,0,0
35,Shrub_04_Roughness.png,c:/users/mkkim/myfolder/mydev1/fast-jungle-renderer/assets/scene/jungleruins_1_0_1b/textures/plants/shrub_04_roughness.png,4096,4096,13,BC4_UNORM,11184824,True,4,0,0,4,0,0,0
36,Shrub_Sorrel_01_BaseColor.tif,c:/users/mkkim/myfolder/mydev1/fast-jungle-renderer/assets/scene/jungleruins_1_0_1b/textures/plants/shrub_sorrel_01_basecolor.tif,4096,4096,13,BC7_UNORM,22369648,True,7,7,0,0,0,0,0
37,Shrub_Sorrel_01_Normal.png,c:/users/mkkim/myfolder/mydev1/fast-jungle-renderer/assets/scene/jungleruins_1_0_1b/textures/plants/shrub_sorrel_01_normal.png,4096,4096,13,BC5_UNORM,22369648,True,7,0,7,0,0,0,0
38,Shrub_Sorrel_01_Roughness.png,c:/users/mkkim/myfolder/mydev1/fast-jungle-renderer/assets/scene/jungleruins_1_0_1b/textures/plants/shrub_sorrel_01_roughness.png,4096,4096,13,BC4_UNORM,11184824,True,7,0,0,7,0,0,0
39,Nettle_BaseColor.tif,c:/users/mkkim/myfolder/mydev1/fast-jungle-renderer/assets/scene/jungleruins_1_0_1b/textures/plants/nettle_basecolor.tif,4096,4096,13,BC7_UNORM,22369648,True,6,6,0,0,0,0,0
40,Nettle_Normal.png,c:/users/mkkim/myfolder/mydev1/fast-jungle-renderer/assets/scene/jungleruins_1_0_1b/textures/plants/nettle_normal.png,4096,4096,13,BC5_UNORM,22369648,True,6,0,6,0,0,0,0
41,Nettle_Roughness.png,c:/users/mkkim/myfolder/mydev1/fast-jungle-renderer/assets/scene/jungleruins_1_0_1b/textures/plants/nettle_roughness.png,4096,4096,13,BC4_UNORM,11184824,True,6,0,0,6,0,0,0
42,anthurium_botany_01_BaseColor.tif,c:/users/mkkim/myfolder/mydev1/fast-jungle-renderer/assets/scene/jungleruins_1_0_1b/textures/plants/anthurium_botany_01_basecolor.tif,4096,4096,13,BC7_UNORM,22369648,True,6,6,0,0,0,0,0
43,Anthurium_Botany_01_Normal.png,c:/users/mkkim/myfolder/mydev1/fast-jungle-renderer/assets/scene/jungleruins_1_0_1b/textures/plants/anthurium_botany_01_normal.png,4096,4096,13,BC5_UNORM,22369648,True,6,0,6,0,0,0,0
44,Anthurium_Botany_01_Roughness.png,c:/users/mkkim/myfolder/mydev1/fast-jungle-renderer/assets/scene/jungleruins_1_0_1b/textures/plants/anthurium_botany_01_roughness.png,4096,4096,13,BC4_UNORM,11184824,True,6,0,0,6,0,0,0
45,Terrain_Cinematic_BaseColor_4_4.jpg,c:/users/mkkim/myfolder/mydev1/fast-jungle-renderer/assets/scene/jungleruins_1_0_1b/textures/terrain/terrain_cinematic_basecolor_4_4.jpg,8192,8192,14,BC1_UNORM,44739256,True,1,1,0,0,0,0,0
46,Terrain_Cinematic_Normal_4_4.jpg,c:/users/mkkim/myfolder/mydev1/fast-jungle-renderer/assets/scene/jungleruins_1_0_1b/textures/terrain/terrain_cinematic_normal_4_4.jpg,8192,8192,14,BC5_UNORM,89478512,True,1,0,1,0,0,0,0
47,Metallic-Roughness.png,c:/users/mkkim/myfolder/mydev1/fast-jungle-renderer/assets/scene/jungleruins_1_0_1b/textures/terrain/metallic-roughness.png,32,32,6,BC7_UNORM,1392,True,64,0,0,64,64,0,0
48,Terrain_Cinematic_BaseColor_3_4.jpg,c:/users/mkkim/myfolder/mydev1/fast-jungle-renderer/assets/scene/jungleruins_1_0_1b/textures/terrain/terrain_cinematic_basecolor_3_4.jpg,8192,8192,14,BC1_UNORM,44739256,True,1,1,0,0,0,0,0
49,Terrain_Cinematic_Normal_3_4.jpg,c:/users/mkkim/myfolder/mydev1/fast-jungle-renderer/assets/scene/jungleruins_1_0_1b/textures/terrain/terrain_cinematic_normal_3_4.jpg,8192,8192,14,BC5_UNORM,89478512,True,1,0,1,0,0,0,0
50,Terrain_Cinematic_BaseColor_4_3.jpg,c:/users/mkkim/myfolder/mydev1/fast-jungle-renderer/assets/scene/jungleruins_1_0_1b/textures/terrain/terrain_cinematic_basecolor_4_3.jpg,8192,8192,14,BC1_UNORM,44739256,True,1,1,0,0,0,0,0
51,Terrain_Cinematic_Normal_4_3.jpg,c:/users/mkkim/myfolder/mydev1/fast-jungle-renderer/assets/scene/jungleruins_1_0_1b/textures/terrain/terrain_cinematic_normal_4_3.jpg,8192,8192,14,BC5_UNORM,89478512,True,1,0,1,0,0,0,0
52,Terrain_Cinematic_BaseColor_3_3.jpg,c:/users/mkkim/myfolder/mydev1/fast-jungle-renderer/assets/scene/jungleruins_1_0_1b/textures/terrain/terrain_cinematic_basecolor_3_3.jpg,8192,8192,14,BC1_UNORM,44739256,True,1,1,0,0,0,0,0
53,Terrain_Cinematic_Normal_3_3.jpg,c:/users/mkkim/myfolder/mydev1/fast-jungle-renderer/assets/scene/jungleruins_1_0_1b/textures/terrain/terrain_cinematic_normal_3_3.jpg,8192,8192,14,BC5_UNORM,89478512,True,1,0,1,0,0,0,0
54,Terrain_BaseColor_2_5.jpg,c:/users/mkkim/myfolder/mydev1/fast-jungle-renderer/assets/scene/jungleruins_1_0_1b/textures/terrain/terrain_basecolor_2_5.jpg,2048,2048,12,BC1_UNORM,2796216,True,1,1,0,0,0,0,0
55,Terrain_Normal_2_5.jpg,c:/users/mkkim/myfolder/mydev1/fast-jungle-renderer/assets/scene/jungleruins_1_0_1b/textures/terrain/terrain_normal_2_5.jpg,2048,2048,12,BC5_UNORM,5592432,True,1,0,1,0,0,0,0
56,Terrain_BaseColor_1_5.jpg,c:/users/mkkim/myfolder/mydev1/fast-jungle-renderer/assets/scene/jungleruins_1_0_1b/textures/terrain/terrain_basecolor_1_5.jpg,2048,2048,12,BC1_UNORM,2796216,True,1,1,0,0,0,0,0
57,Terrain_Normal_1_5.jpg,c:/users/mkkim/myfolder/mydev1/fast-jungle-renderer/assets/scene/jungleruins_1_0_1b/textures/terrain/terrain_normal_1_5.jpg,2048,2048,12,BC5_UNORM,5592432,True,1,0,1,0,0,0,0
58,Terrain_BaseColor_0_5.jpg,c:/users/mkkim/myfolder/mydev1/fast-jungle-renderer/assets/scene/jungleruins_1_0_1b/textures/terrain/terrain_basecolor_0_5.jpg,2048,2048,12,BC1_UNORM,2796216,True,1,1,0,0,0,0,0
59,Terrain_Normal_0_5.jpg,c:/users/mkkim/myfolder/mydev1/fast-jungle-renderer/assets/scene/jungleruins_1_0_1b/textures/terrain/terrain_normal_0_5.jpg,2048,2048,12,BC5_UNORM,5592432,True,1,0,1,0,0,0,0
60,Terrain_BaseColor_0_4.jpg,c:/users/mkkim/myfolder/mydev1/fast-jungle-renderer/assets/scene/jungleruins_1_0_1b/textures/terrain/terrain_basecolor_0_4.jpg,2048,2048,12,BC1_UNORM,2796216,True,1,1,0,0,0,0,0
61,Terrain_Normal_0_4.jpg,c:/users/mkkim/myfolder/mydev1/fast-jungle-renderer/assets/scene/jungleruins_1_0_1b/textures/terrain/terrain_normal_0_4.jpg,2048,2048,12,BC5_UNORM,5592432,True,1,0,1,0,0,0,0
62,Terrain_BaseColor_1_4.jpg,c:/users/mkkim/myfolder/mydev1/fast-jungle-renderer/assets/scene/jungleruins_1_0_1b/textures/terrain/terrain_basecolor_1_4.jpg,2048,2048,12,BC1_UNORM,2796216,True,1,1,0,0,0,0,0
63,Terrain_Normal_1_4.jpg,c:/users/mkkim/myfolder/mydev1/fast-jungle-renderer/assets/scene/jungleruins_1_0_1b/textures/terrain/terrain_normal_1_4.jpg,2048,2048,12,BC5_UNORM,5592432,True,1,0,1,0,0,0,0
64,Terrain_BaseColor_2_4.jpg,c:/users/mkkim/myfolder/mydev1/fast-jungle-renderer/assets/scene/jungleruins_1_0_1b/textures/terrain/terrain_basecolor_2_4.jpg,2048,2048,12,BC1_UNORM,2796216,True,1,1,0,0,0,0,0
65,Terrain_Normal_2_4.jpg,c:/users/mkkim/myfolder/mydev1/fast-jungle-renderer/assets/scene/jungleruins_1_0_1b/textures/terrain/terrain_normal_2_4.jpg,2048,2048,12,BC5_UNORM,5592432,True,1,0,1,0,0,0,0
66,Terrain_BaseColor_5_4.jpg,c:/users/mkkim/myfolder/mydev1/fast-jungle-renderer/assets/scene/jungleruins_1_0_1b/textures/terrain/terrain_basecolor_5_4.jpg,2048,2048,12,BC1_UNORM,2796216,True,1,1,0,0,0,0,0
67,Terrain_Normal_5_4.jpg,c:/users/mkkim/myfolder/mydev1/fast-jungle-renderer/assets/scene/jungleruins_1_0_1b/textures/terrain/terrain_normal_5_4.jpg,2048,2048,12,BC5_UNORM,5592432,True,1,0,1,0,0,0,0
68,Terrain_BaseColor_6_4.jpg,c:/users/mkkim/myfolder/mydev1/fast-jungle-renderer/assets/scene/jungleruins_1_0_1b/textures/terrain/terrain_basecolor_6_4.jpg,2048,2048,12,BC1_UNORM,2796216,True,1,1,0,0,0,0,0
69,Terrain_Normal_6_4.jpg,c:/users/mkkim/myfolder/mydev1/fast-jungle-renderer/assets/scene/jungleruins_1_0_1b/textures/terrain/terrain_normal_6_4.jpg,2048,2048,12,BC5_UNORM,5592432,True,1,0,1,0,0,0,0
70,Terrain_BaseColor_7_4.jpg,c:/users/mkkim/myfolder/mydev1/fast-jungle-renderer/assets/scene/jungleruins_1_0_1b/textures/terrain/terrain_basecolor_7_4.jpg,2048,2048,12,BC1_UNORM,2796216,True,1,1,0,0,0,0,0
71,Terrain_Normal_7_4.jpg,c:/users/mkkim/myfolder/mydev1/fast-jungle-renderer/assets/scene/jungleruins_1_0_1b/textures/terrain/terrain_normal_7_4.jpg,2048,2048,12,BC5_UNORM,5592432,True,1,0,1,0,0,0,0
72,Terrain_BaseColor_7_3.jpg,c:/users/mkkim/myfolder/mydev1/fast-jungle-renderer/assets/scene/jungleruins_1_0_1b/textures/terrain/terrain_basecolor_7_3.jpg,2048,2048,12,BC1_UNORM,2796216,True,1,1,0,0,0,0,0
73,Terrain_Normal_7_3.jpg,c:/users/mkkim/myfolder/mydev1/fast-jungle-renderer/assets/scene/jungleruins_1_0_1b/textures/terrain/terrain_normal_7_3.jpg,2048,2048,12,BC5_UNORM,5592432,True,1,0,1,0,0,0,0
74,Terrain_BaseColor_6_3.jpg,c:/users/mkkim/myfolder/mydev1/fast-jungle-renderer/assets/scene/jungleruins_1_0_1b/textures/terrain/terrain_basecolor_6_3.jpg,2048,2048,12,BC1_UNORM,2796216,True,1,1,0,0,0,0,0
75,Terrain_Normal_6_3.jpg,c:/users/mkkim/myfolder/mydev1/fast-jungle-renderer/assets/scene/jungleruins_1_0_1b/textures/terrain/terrain_normal_6_3.jpg,2048,2048,12,BC5_UNORM,5592432,True,1,0,1,0,0,0,0
76,Terrain_BaseColor_5_3.jpg,c:/users/mkkim/myfolder/mydev1/fast-jungle-renderer/assets/scene/jungleruins_1_0_1b/textures/terrain/terrain_basecolor_5_3.jpg,2048,2048,12,BC1_UNORM,2796216,True,1,1,0,0,0,0,0
77,Terrain_Normal_5_3.jpg,c:/users/mkkim/myfolder/mydev1/fast-jungle-renderer/assets/scene/jungleruins_1_0_1b/textures/terrain/terrain_normal_5_3.jpg,2048,2048,12,BC5_UNORM,5592432,True,1,0,1,0,0,0,0
78,Terrain_BaseColor_2_3.jpg,c:/users/mkkim/myfolder/mydev1/fast-jungle-renderer/assets/scene/jungleruins_1_0_1b/textures/terrain/terrain_basecolor_2_3.jpg,2048,2048,12,BC1_UNORM,2796216,True,1,1,0,0,0,0,0
79,Terrain_Normal_2_3.jpg,c:/users/mkkim/myfolder/mydev1/fast-jungle-renderer/assets/scene/jungleruins_1_0_1b/textures/terrain/terrain_normal_2_3.jpg,2048,2048,12,BC5_UNORM,5592432,True,1,0,1,0,0,0,0
80,Terrain_BaseColor_1_3.jpg,c:/users/mkkim/myfolder/mydev1/fast-jungle-renderer/assets/scene/jungleruins_1_0_1b/textures/terrain/terrain_basecolor_1_3.jpg,2048,2048,12,BC1_UNORM,2796216,True,1,1,0,0,0,0,0
81,Terrain_Normal_1_3.jpg,c:/users/mkkim/myfolder/mydev1/fast-jungle-renderer/assets/scene/jungleruins_1_0_1b/textures/terrain/terrain_normal_1_3.jpg,2048,2048,12,BC5_UNORM,5592432,True,1,0,1,0,0,0,0
82,Terrain_BaseColor_0_3.jpg,c:/users/mkkim/myfolder/mydev1/fast-jungle-renderer/assets/scene/jungleruins_1_0_1b/textures/terrain/terrain_basecolor_0_3.jpg,2048,2048,12,BC1_UNORM,2796216,True,1,1,0,0,0,0,0
83,Terrain_Normal_0_3.jpg,c:/users/mkkim/myfolder/mydev1/fast-jungle-renderer/assets/scene/jungleruins_1_0_1b/textures/terrain/terrain_normal_0_3.jpg,2048,2048,12,BC5_UNORM,5592432,True,1,0,1,0,0,0,0
84,Terrain_BaseColor_0_2.jpg,c:/users/mkkim/myfolder/mydev1/fast-jungle-renderer/assets/scene/jungleruins_1_0_1b/textures/terrain/terrain_basecolor_0_2.jpg,2048,2048,12,BC1_UNORM,2796216,True,1,1,0,0,0,0,0
85,Terrain_Normal_0_2.jpg,c:/users/mkkim/myfolder/mydev1/fast-jungle-renderer/assets/scene/jungleruins_1_0_1b/textures/terrain/terrain_normal_0_2.jpg,2048,2048,12,BC5_UNORM,5592432,True,1,0,1,0,0,0,0
86,Terrain_BaseColor_1_2.jpg,c:/users/mkkim/myfolder/mydev1/fast-jungle-renderer/assets/scene/jungleruins_1_0_1b/textures/terrain/terrain_basecolor_1_2.jpg,2048,2048,12,BC1_UNORM,2796216,True,1,1,0,0,0,0,0
87,Terrain_Normal_1_2.jpg,c:/users/mkkim/myfolder/mydev1/fast-jungle-renderer/assets/scene/jungleruins_1_0_1b/textures/terrain/terrain_normal_1_2.jpg,2048,2048,12,BC5_UNORM,5592432,True,1,0,1,0,0,0,0
88,Terrain_BaseColor_2_2.jpg,c:/users/mkkim/myfolder/mydev1/fast-jungle-renderer/assets/scene/jungleruins_1_0_1b/textures/terrain/terrain_basecolor_2_2.jpg,2048,2048,12,BC1_UNORM,2796216,True,1,1,0,0,0,0,0
89,Terrain_Normal_2_2.jpg,c:/users/mkkim/myfolder/mydev1/fast-jungle-renderer/assets/scene/jungleruins_1_0_1b/textures/terrain/terrain_normal_2_2.jpg,2048,2048,12,BC5_UNORM,5592432,True,1,0,1,0,0,0,0
90,Terrain_BaseColor_3_2.jpg,c:/users/mkkim/myfolder/mydev1/fast-jungle-renderer/assets/scene/jungleruins_1_0_1b/textures/terrain/terrain_basecolor_3_2.jpg,2048,2048,12,BC1_UNORM,2796216,True,1,1,0,0,0,0,0
91,Terrain_Normal_3_2.jpg,c:/users/mkkim/myfolder/mydev1/fast-jungle-renderer/assets/scene/jungleruins_1_0_1b/textures/terrain/terrain_normal_3_2.jpg,2048,2048,12,BC5_UNORM,5592432,True,1,0,1,0,0,0,0
92,Terrain_BaseColor_4_2.jpg,c:/users/mkkim/myfolder/mydev1/fast-jungle-renderer/assets/scene/jungleruins_1_0_1b/textures/terrain/terrain_basecolor_4_2.jpg,2048,2048,12,BC1_UNORM,2796216,True,1,1,0,0,0,0,0
93,Terrain_Normal_4_2.jpg,c:/users/mkkim/myfolder/mydev1/fast-jungle-renderer/assets/scene/jungleruins_1_0_1b/textures/terrain/terrain_normal_4_2.jpg,2048,2048,12,BC5_UNORM,5592432,True,1,0,1,0,0,0,0
94,Terrain_BaseColor_5_2.jpg,c:/users/mkkim/myfolder/mydev1/fast-jungle-renderer/assets/scene/jungleruins_1_0_1b/textures/terrain/terrain_basecolor_5_2.jpg,2048,2048,12,BC1_UNORM,2796216,True,1,1,0,0,0,0,0
95,Terrain_Normal_5_2.jpg,c:/users/mkkim/myfolder/mydev1/fast-jungle-renderer/assets/scene/jungleruins_1_0_1b/textures/terrain/terrain_normal_5_2.jpg,2048,2048,12,BC5_UNORM,5592432,True,1,0,1,0,0,0,0
96,Terrain_BaseColor_6_2.jpg,c:/users/mkkim/myfolder/mydev1/fast-jungle-renderer/assets/scene/jungleruins_1_0_1b/textures/terrain/terrain_basecolor_6_2.jpg,2048,2048,12,BC1_UNORM,2796216,True,1,1,0,0,0,0,0
97,Terrain_Normal_6_2.jpg,c:/users/mkkim/myfolder/mydev1/fast-jungle-renderer/assets/scene/jungleruins_1_0_1b/textures/terrain/terrain_normal_6_2.jpg,2048,2048,12,BC5_UNORM,5592432,True,1,0,1,0,0,0,0
98,Terrain_BaseColor_7_2.jpg,c:/users/mkkim/myfolder/mydev1/fast-jungle-renderer/assets/scene/jungleruins_1_0_1b/textures/terrain/terrain_basecolor_7_2.jpg,2048,2048,12,BC1_UNORM,2796216,True,1,1,0,0,0,0,0
99,Terrain_Normal_7_2.jpg,c:/users/mkkim/myfolder/mydev1/fast-jungle-renderer/assets/scene/jungleruins_1_0_1b/textures/terrain/terrain_normal_7_2.jpg,2048,2048,12,BC5_UNORM,5592432,True,1,0,1,0,0,0,0
100,Terrain_BaseColor_0_1.jpg,c:/users/mkkim/myfolder/mydev1/fast-jungle-renderer/assets/scene/jungleruins_1_0_1b/textures/terrain/terrain_basecolor_0_1.jpg,2048,2048,12,BC1_UNORM,2796216,True,1,1,0,0,0,0,0
101,Terrain_Normal_0_1.jpg,c:/users/mkkim/myfolder/mydev1/fast-jungle-renderer/assets/scene/jungleruins_1_0_1b/textures/terrain/terrain_normal_0_1.jpg,2048,2048,12,BC5_UNORM,5592432,True,1,0,1,0,0,0,0
102,Terrain_BaseColor_1_1.jpg,c:/users/mkkim/myfolder/mydev1/fast-jungle-renderer/assets/scene/jungleruins_1_0_1b/textures/terrain/terrain_basecolor_1_1.jpg,2048,2048,12,BC1_UNORM,2796216,True,1,1,0,0,0,0,0
103,Terrain_Normal_1_1.jpg,c:/users/mkkim/myfolder/mydev1/fast-jungle-renderer/assets/scene/jungleruins_1_0_1b/textures/terrain/terrain_normal_1_1.jpg,2048,2048,12,BC5_UNORM,5592432,True,1,0,1,0,0,0,0
104,Terrain_BaseColor_2_1.jpg,c:/users/mkkim/myfolder/mydev1/fast-jungle-renderer/assets/scene/jungleruins_1_0_1b/textures/terrain/terrain_basecolor_2_1.jpg,2048,2048,12,BC1_UNORM,2796216,True,1,1,0,0,0,0,0
105,Terrain_Normal_2_1.jpg,c:/users/mkkim/myfolder/mydev1/fast-jungle-renderer/assets/scene/jungleruins_1_0_1b/textures/terrain/terrain_normal_2_1.jpg,2048,2048,12,BC5_UNORM,5592432,True,1,0,1,0,0,0,0
106,Terrain_BaseColor_3_1.jpg,c:/users/mkkim/myfolder/mydev1/fast-jungle-renderer/assets/scene/jungleruins_1_0_1b/textures/terrain/terrain_basecolor_3_1.jpg,2048,2048,12,BC1_UNORM,2796216,True,1,1,0,0,0,0,0
107,Terrain_Normal_3_1.jpg,c:/users/mkkim/myfolder/mydev1/fast-jungle-renderer/assets/scene/jungleruins_1_0_1b/textures/terrain/terrain_normal_3_1.jpg,2048,2048,12,BC5_UNORM,5592432,True,1,0,1,0,0,0,0
108,Terrain_BaseColor_4_1.jpg,c:/users/mkkim/myfolder/mydev1/fast-jungle-renderer/assets/scene/jungleruins_1_0_1b/textures/terrain/terrain_basecolor_4_1.jpg,2048,2048,12,BC1_UNORM,2796216,True,1,1,0,0,0,0,0
109,Terrain_Normal_4_1.jpg,c:/users/mkkim/myfolder/mydev1/fast-jungle-renderer/assets/scene/jungleruins_1_0_1b/textures/terrain/terrain_normal_4_1.jpg,2048,2048,12,BC5_UNORM,5592432,True,1,0,1,0,0,0,0
110,Terrain_BaseColor_5_1.jpg,c:/users/mkkim/myfolder/mydev1/fast-jungle-renderer/assets/scene/jungleruins_1_0_1b/textures/terrain/terrain_basecolor_5_1.jpg,2048,2048,12,BC1_UNORM,2796216,True,1,1,0,0,0,0,0
111,Terrain_Normal_5_1.jpg,c:/users/mkkim/myfolder/mydev1/fast-jungle-renderer/assets/scene/jungleruins_1_0_1b/textures/terrain/terrain_normal_5_1.jpg,2048,2048,12,BC5_UNORM,5592432,True,1,0,1,0,0,0,0
112,Terrain_BaseColor_6_1.jpg,c:/users/mkkim/myfolder/mydev1/fast-jungle-renderer/assets/scene/jungleruins_1_0_1b/textures/terrain/terrain_basecolor_6_1.jpg,2048,2048,12,BC1_UNORM,2796216,True,1,1,0,0,0,0,0
113,Terrain_Normal_6_1.jpg,c:/users/mkkim/myfolder/mydev1/fast-jungle-renderer/assets/scene/jungleruins_1_0_1b/textures/terrain/terrain_normal_6_1.jpg,2048,2048,12,BC5_UNORM,5592432,True,1,0,1,0,0,0,0
114,Terrain_BaseColor_7_1.jpg,c:/users/mkkim/myfolder/mydev1/fast-jungle-renderer/assets/scene/jungleruins_1_0_1b/textures/terrain/terrain_basecolor_7_1.jpg,2048,2048,12,BC1_UNORM,2796216,True,1,1,0,0,0,0,0
115,Terrain_Normal_7_1.jpg,c:/users/mkkim/myfolder/mydev1/fast-jungle-renderer/assets/scene/jungleruins_1_0_1b/textures/terrain/terrain_normal_7_1.jpg,2048,2048,12,BC5_UNORM,5592432,True,1,0,1,0,0,0,0
116,Terrain_BaseColor_7_0.jpg,c:/users/mkkim/myfolder/mydev1/fast-jungle-renderer/assets/scene/jungleruins_1_0_1b/textures/terrain/terrain_basecolor_7_0.jpg,2048,2048,12,BC1_UNORM,2796216,True,1,1,0,0,0,0,0
117,Terrain_Normal_7_0.jpg,c:/users/mkkim/myfolder/mydev1/fast-jungle-renderer/assets/scene/jungleruins_1_0_1b/textures/terrain/terrain_normal_7_0.jpg,2048,2048,12,BC5_UNORM,5592432,True,1,0,1,0,0,0,0
118,Terrain_BaseColor_6_0.jpg,c:/users/mkkim/myfolder/mydev1/fast-jungle-renderer/assets/scene/jungleruins_1_0_1b/textures/terrain/terrain_basecolor_6_0.jpg,2048,2048,12,BC1_UNORM,2796216,True,1,1,0,0,0,0,0
119,Terrain_Normal_6_0.jpg,c:/users/mkkim/myfolder/mydev1/fast-jungle-renderer/assets/scene/jungleruins_1_0_1b/textures/terrain/terrain_normal_6_0.jpg,2048,2048,12,BC5_UNORM,5592432,True,1,0,1,0,0,0,0
120,Terrain_BaseColor_5_0.jpg,c:/users/mkkim/myfolder/mydev1/fast-jungle-renderer/assets/scene/jungleruins_1_0_1b/textures/terrain/terrain_basecolor_5_0.jpg,2048,2048,12,BC1_UNORM,2796216,True,1,1,0,0,0,0,0
121,Terrain_Normal_5_0.jpg,c:/users/mkkim/myfolder/mydev1/fast-jungle-renderer/assets/scene/jungleruins_1_0_1b/textures/terrain/terrain_normal_5_0.jpg,2048,2048,12,BC5_UNORM,5592432,True,1,0,1,0,0,0,0
122,Terrain_BaseColor_4_0.jpg,c:/users/mkkim/myfolder/mydev1/fast-jungle-renderer/assets/scene/jungleruins_1_0_1b/textures/terrain/terrain_basecolor_4_0.jpg,2048,2048,12,BC1_UNORM,2796216,True,1,1,0,0,0,0,0
123,Terrain_Normal_4_0.jpg,c:/users/mkkim/myfolder/mydev1/fast-jungle-renderer/assets/scene/jungleruins_1_0_1b/textures/terrain/terrain_normal_4_0.jpg,2048,2048,12,BC5_UNORM,5592432,True,1,0,1,0,0,0,0
124,Terrain_BaseColor_3_0.jpg,c:/users/mkkim/myfolder/mydev1/fast-jungle-renderer/assets/scene/jungleruins_1_0_1b/textures/terrain/terrain_basecolor_3_0.jpg,2048,2048,12,BC1_UNORM,2796216,True,1,1,0,0,0,0,0
125,Terrain_Normal_3_0.jpg,c:/users/mkkim/myfolder/mydev1/fast-jungle-renderer/assets/scene/jungleruins_1_0_1b/textures/terrain/terrain_normal_3_0.jpg,2048,2048,12,BC5_UNORM,5592432,True,1,0,1,0,0,0,0
126,Terrain_BaseColor_2_0.jpg,c:/users/mkkim/myfolder/mydev1/fast-jungle-renderer/assets/scene/jungleruins_1_0_1b/textures/terrain/terrain_basecolor_2_0.jpg,2048,2048,12,BC1_UNORM,2796216,True,1,1,0,0,0,0,0
127,Terrain_Normal_2_0.jpg,c:/users/mkkim/myfolder/mydev1/fast-jungle-renderer/assets/scene/jungleruins_1_0_1b/textures/terrain/terrain_normal_2_0.jpg,2048,2048,12,BC5_UNORM,5592432,True,1,0,1,0,0,0,0
128,Terrain_BaseColor_1_0.jpg,c:/users/mkkim/myfolder/mydev1/fast-jungle-renderer/assets/scene/jungleruins_1_0_1b/textures/terrain/terrain_basecolor_1_0.jpg,2048,2048,12,BC1_UNORM,2796216,True,1,1,0,0,0,0,0
129,Terrain_Normal_1_0.jpg,c:/users/mkkim/myfolder/mydev1/fast-jungle-renderer/assets/scene/jungleruins_1_0_1b/textures/terrain/terrain_normal_1_0.jpg,2048,2048,12,BC5_UNORM,5592432,True,1,0,1,0,0,0,0
130,Terrain_BaseColor_0_0.jpg,c:/users/mkkim/myfolder/mydev1/fast-jungle-renderer/assets/scene/jungleruins_1_0_1b/textures/terrain/terrain_basecolor_0_0.jpg,2048,2048,12,BC1_UNORM,2796216,True,1,1,0,0,0,0,0
131,Terrain_Normal_0_0.jpg,c:/users/mkkim/myfolder/mydev1/fast-jungle-renderer/assets/scene/jungleruins_1_0_1b/textures/terrain/terrain_normal_0_0.jpg,2048,2048,12,BC5_UNORM,5592432,True,1,0,1,0,0,0,0
132,Terrain_BaseColor_7_7.jpg,c:/users/mkkim/myfolder/mydev1/fast-jungle-renderer/assets/scene/jungleruins_1_0_1b/textures/terrain/terrain_basecolor_7_7.jpg,2048,2048,12,BC1_UNORM,2796216,True,1,1,0,0,0,0,0
133,Terrain_Normal_7_7.jpg,c:/users/mkkim/myfolder/mydev1/fast-jungle-renderer/assets/scene/jungleruins_1_0_1b/textures/terrain/terrain_normal_7_7.jpg,2048,2048,12,BC5_UNORM,5592432,True,1,0,1,0,0,0,0
134,Terrain_BaseColor_6_7.jpg,c:/users/mkkim/myfolder/mydev1/fast-jungle-renderer/assets/scene/jungleruins_1_0_1b/textures/terrain/terrain_basecolor_6_7.jpg,2048,2048,12,BC1_UNORM,2796216,True,1,1,0,0,0,0,0
135,Terrain_Normal_6_7.jpg,c:/users/mkkim/myfolder/mydev1/fast-jungle-renderer/assets/scene/jungleruins_1_0_1b/textures/terrain/terrain_normal_6_7.jpg,2048,2048,12,BC5_UNORM,5592432,True,1,0,1,0,0,0,0
136,Terrain_BaseColor_5_7.jpg,c:/users/mkkim/myfolder/mydev1/fast-jungle-renderer/assets/scene/jungleruins_1_0_1b/textures/terrain/terrain_basecolor_5_7.jpg,2048,2048,12,BC1_UNORM,2796216,True,1,1,0,0,0,0,0
137,Terrain_Normal_5_7.jpg,c:/users/mkkim/myfolder/mydev1/fast-jungle-renderer/assets/scene/jungleruins_1_0_1b/textures/terrain/terrain_normal_5_7.jpg,2048,2048,12,BC5_UNORM,5592432,True,1,0,1,0,0,0,0
138,Terrain_BaseColor_4_7.jpg,c:/users/mkkim/myfolder/mydev1/fast-jungle-renderer/assets/scene/jungleruins_1_0_1b/textures/terrain/terrain_basecolor_4_7.jpg,2048,2048,12,BC1_UNORM,2796216,True,1,1,0,0,0,0,0
139,Terrain_Normal_4_7.jpg,c:/users/mkkim/myfolder/mydev1/fast-jungle-renderer/assets/scene/jungleruins_1_0_1b/textures/terrain/terrain_normal_4_7.jpg,2048,2048,12,BC5_UNORM,5592432,True,1,0,1,0,0,0,0
140,Terrain_BaseColor_3_7.jpg,c:/users/mkkim/myfolder/mydev1/fast-jungle-renderer/assets/scene/jungleruins_1_0_1b/textures/terrain/terrain_basecolor_3_7.jpg,2048,2048,12,BC1_UNORM,2796216,True,1,1,0,0,0,0,0
141,Terrain_Normal_3_7.jpg,c:/users/mkkim/myfolder/mydev1/fast-jungle-renderer/assets/scene/jungleruins_1_0_1b/textures/terrain/terrain_normal_3_7.jpg,2048,2048,12,BC5_UNORM,5592432,True,1,0,1,0,0,0,0
142,Terrain_BaseColor_2_7.jpg,c:/users/mkkim/myfolder/mydev1/fast-jungle-renderer/assets/scene/jungleruins_1_0_1b/textures/terrain/terrain_basecolor_2_7.jpg,2048,2048,12,BC1_UNORM,2796216,True,1,1,0,0,0,0,0
143,Terrain_Normal_2_7.jpg,c:/users/mkkim/myfolder/mydev1/fast-jungle-renderer/assets/scene/jungleruins_1_0_1b/textures/terrain/terrain_normal_2_7.jpg,2048,2048,12,BC5_UNORM,5592432,True,1,0,1,0,0,0,0
144,Terrain_BaseColor_1_7.jpg,c:/users/mkkim/myfolder/mydev1/fast-jungle-renderer/assets/scene/jungleruins_1_0_1b/textures/terrain/terrain_basecolor_1_7.jpg,2048,2048,12,BC1_UNORM,2796216,True,1,1,0,0,0,0,0
145,Terrain_Normal_1_7.jpg,c:/users/mkkim/myfolder/mydev1/fast-jungle-renderer/assets/scene/jungleruins_1_0_1b/textures/terrain/terrain_normal_1_7.jpg,2048,2048,12,BC5_UNORM,5592432,True,1,0,1,0,0,0,0
146,Terrain_BaseColor_0_7.jpg,c:/users/mkkim/myfolder/mydev1/fast-jungle-renderer/assets/scene/jungleruins_1_0_1b/textures/terrain/terrain_basecolor_0_7.jpg,2048,2048,12,BC1_UNORM,2796216,True,1,1,0,0,0,0,0
147,Terrain_Normal_0_7.jpg,c:/users/mkkim/myfolder/mydev1/fast-jungle-renderer/assets/scene/jungleruins_1_0_1b/textures/terrain/terrain_normal_0_7.jpg,2048,2048,12,BC5_UNORM,5592432,True,1,0,1,0,0,0,0
148,Terrain_BaseColor_0_6.jpg,c:/users/mkkim/myfolder/mydev1/fast-jungle-renderer/assets/scene/jungleruins_1_0_1b/textures/terrain/terrain_basecolor_0_6.jpg,2048,2048,12,BC1_UNORM,2796216,True,1,1,0,0,0,0,0
149,Terrain_Normal_0_6.jpg,c:/users/mkkim/myfolder/mydev1/fast-jungle-renderer/assets/scene/jungleruins_1_0_1b/textures/terrain/terrain_normal_0_6.jpg,2048,2048,12,BC5_UNORM,5592432,True,1,0,1,0,0,0,0
150,Terrain_BaseColor_1_6.jpg,c:/users/mkkim/myfolder/mydev1/fast-jungle-renderer/assets/scene/jungleruins_1_0_1b/textures/terrain/terrain_basecolor_1_6.jpg,2048,2048,12,BC1_UNORM,2796216,True,1,1,0,0,0,0,0
151,Terrain_Normal_1_6.jpg,c:/users/mkkim/myfolder/mydev1/fast-jungle-renderer/assets/scene/jungleruins_1_0_1b/textures/terrain/terrain_normal_1_6.jpg,2048,2048,12,BC5_UNORM,5592432,True,1,0,1,0,0,0,0
152,Terrain_BaseColor_2_6.jpg,c:/users/mkkim/myfolder/mydev1/fast-jungle-renderer/assets/scene/jungleruins_1_0_1b/textures/terrain/terrain_basecolor_2_6.jpg,2048,2048,12,BC1_UNORM,2796216,True,1,1,0,0,0,0,0
153,Terrain_Normal_2_6.jpg,c:/users/mkkim/myfolder/mydev1/fast-jungle-renderer/assets/scene/jungleruins_1_0_1b/textures/terrain/terrain_normal_2_6.jpg,2048,2048,12,BC5_UNORM,5592432,True,1,0,1,0,0,0,0
154,Terrain_BaseColor_3_6.jpg,c:/users/mkkim/myfolder/mydev1/fast-jungle-renderer/assets/scene/jungleruins_1_0_1b/textures/terrain/terrain_basecolor_3_6.jpg,2048,2048,12,BC1_UNORM,2796216,True,1,1,0,0,0,0,0
155,Terrain_Normal_3_6.jpg,c:/users/mkkim/myfolder/mydev1/fast-jungle-renderer/assets/scene/jungleruins_1_0_1b/textures/terrain/terrain_normal_3_6.jpg,2048,2048,12,BC5_UNORM,5592432,True,1,0,1,0,0,0,0
156,Terrain_BaseColor_4_6.jpg,c:/users/mkkim/myfolder/mydev1/fast-jungle-renderer/assets/scene/jungleruins_1_0_1b/textures/terrain/terrain_basecolor_4_6.jpg,2048,2048,12,BC1_UNORM,2796216,True,1,1,0,0,0,0,0
157,Terrain_Normal_4_6.jpg,c:/users/mkkim/myfolder/mydev1/fast-jungle-renderer/assets/scene/jungleruins_1_0_1b/textures/terrain/terrain_normal_4_6.jpg,2048,2048,12,BC5_UNORM,5592432,True,1,0,1,0,0,0,0
158,Terrain_BaseColor_5_6.jpg,c:/users/mkkim/myfolder/mydev1/fast-jungle-renderer/assets/scene/jungleruins_1_0_1b/textures/terrain/terrain_basecolor_5_6.jpg,2048,2048,12,BC1_UNORM,2796216,True,1,1,0,0,0,0,0
159,Terrain_Normal_5_6.jpg,c:/users/mkkim/myfolder/mydev1/fast-jungle-renderer/assets/scene/jungleruins_1_0_1b/textures/terrain/terrain_normal_5_6.jpg,2048,2048,12,BC5_UNORM,5592432,True,1,0,1,0,0,0,0
160,Terrain_BaseColor_6_6.jpg,c:/users/mkkim/myfolder/mydev1/fast-jungle-renderer/assets/scene/jungleruins_1_0_1b/textures/terrain/terrain_basecolor_6_6.jpg,2048,2048,12,BC1_UNORM,2796216,True,1,1,0,0,0,0,0
161,Terrain_Normal_6_6.jpg,c:/users/mkkim/myfolder/mydev1/fast-jungle-renderer/assets/scene/jungleruins_1_0_1b/textures/terrain/terrain_normal_6_6.jpg,2048,2048,12,BC5_UNORM,5592432,True,1,0,1,0,0,0,0
162,Terrain_BaseColor_7_6.jpg,c:/users/mkkim/myfolder/mydev1/fast-jungle-renderer/assets/scene/jungleruins_1_0_1b/textures/terrain/terrain_basecolor_7_6.jpg,2048,2048,12,BC1_UNORM,2796216,True,1,1,0,0,0,0,0
163,Terrain_Normal_7_6.jpg,c:/users/mkkim/myfolder/mydev1/fast-jungle-renderer/assets/scene/jungleruins_1_0_1b/textures/terrain/terrain_normal_7_6.jpg,2048,2048,12,BC5_UNORM,5592432,True,1,0,1,0,0,0,0
164,Terrain_BaseColor_7_5.jpg,c:/users/mkkim/myfolder/mydev1/fast-jungle-renderer/assets/scene/jungleruins_1_0_1b/textures/terrain/terrain_basecolor_7_5.jpg,2048,2048,12,BC1_UNORM,2796216,True,1,1,0,0,0,0,0
165,Terrain_Normal_7_5.jpg,c:/users/mkkim/myfolder/mydev1/fast-jungle-renderer/assets/scene/jungleruins_1_0_1b/textures/terrain/terrain_normal_7_5.jpg,2048,2048,12,BC5_UNORM,5592432,True,1,0,1,0,0,0,0
166,Terrain_BaseColor_6_5.jpg,c:/users/mkkim/myfolder/mydev1/fast-jungle-renderer/assets/scene/jungleruins_1_0_1b/textures/terrain/terrain_basecolor_6_5.jpg,2048,2048,12,BC1_UNORM,2796216,True,1,1,0,0,0,0,0
167,Terrain_Normal_6_5.jpg,c:/users/mkkim/myfolder/mydev1/fast-jungle-renderer/assets/scene/jungleruins_1_0_1b/textures/terrain/terrain_normal_6_5.jpg,2048,2048,12,BC5_UNORM,5592432,True,1,0,1,0,0,0,0
168,Terrain_BaseColor_5_5.jpg,c:/users/mkkim/myfolder/mydev1/fast-jungle-renderer/assets/scene/jungleruins_1_0_1b/textures/terrain/terrain_basecolor_5_5.jpg,2048,2048,12,BC1_UNORM,2796216,True,1,1,0,0,0,0,0
169,Terrain_Normal_5_5.jpg,c:/users/mkkim/myfolder/mydev1/fast-jungle-renderer/assets/scene/jungleruins_1_0_1b/textures/terrain/terrain_normal_5_5.jpg,2048,2048,12,BC5_UNORM,5592432,True,1,0,1,0,0,0,0
170,Terrain_BaseColor_4_5.jpg,c:/users/mkkim/myfolder/mydev1/fast-jungle-renderer/assets/scene/jungleruins_1_0_1b/textures/terrain/terrain_basecolor_4_5.jpg,2048,2048,12,BC1_UNORM,2796216,True,1,1,0,0,0,0,0
171,Terrain_Normal_4_5.jpg,c:/users/mkkim/myfolder/mydev1/fast-jungle-renderer/assets/scene/jungleruins_1_0_1b/textures/terrain/terrain_normal_4_5.jpg,2048,2048,12,BC5_UNORM,5592432,True,1,0,1,0,0,0,0
172,Terrain_BaseColor_3_5.jpg,c:/users/mkkim/myfolder/mydev1/fast-jungle-renderer/assets/scene/jungleruins_1_0_1b/textures/terrain/terrain_basecolor_3_5.jpg,2048,2048,12,BC1_UNORM,2796216,True,1,1,0,0,0,0,0
173,Terrain_Normal_3_5.jpg,c:/users/mkkim/myfolder/mydev1/fast-jungle-renderer/assets/scene/jungleruins_1_0_1b/textures/terrain/terrain_normal_3_5.jpg,2048,2048,12,BC5_UNORM,5592432,True,1,0,1,0,0,0,0
174,River_BaseColor.png,c:/users/mkkim/myfolder/mydev1/fast-jungle-renderer/assets/scene/jungleruins_1_0_1b/textures/river/river_basecolor.png,1024,1024,11,BC1_UNORM,699064,True,1,1,0,0,0,0,0
175,Pyramid_TableStand_BaseColor.png,c:/users/mkkim/myfolder/mydev1/fast-jungle-renderer/assets/scene/jungleruins_1_0_1b/textures/pyramid/pyramid_tablestand_basecolor.png,2048,2048,12,BC1_UNORM,2796216,True,1,1,0,0,0,0,0
176,Pyramid_TableStand_Normal.png,c:/users/mkkim/myfolder/mydev1/fast-jungle-renderer/assets/scene/jungleruins_1_0_1b/textures/pyramid/pyramid_tablestand_normal.png,2048,2048,12,BC5_UNORM,5592432,True,1,0,1,0,0,0,0
177,Pyramid_TableStand_Roughness.png,c:/users/mkkim/myfolder/mydev1/fast-jungle-renderer/assets/scene/jungleruins_1_0_1b/textures/pyramid/pyramid_tablestand_roughness.png,2048,2048,12,BC4_UNORM,2796216,True,1,0,0,1,0,0,0
178,Pyramid_TableTop_BaseColor.png,c:/users/mkkim/myfolder/mydev1/fast-jungle-renderer/assets/scene/jungleruins_1_0_1b/textures/pyramid/pyramid_tabletop_basecolor.png,2048,2048,12,BC1_UNORM,2796216,True,1,1,0,0,0,0,0
179,Pyramid_TableTop_Normal.png,c:/users/mkkim/myfolder/mydev1/fast-jungle-renderer/assets/scene/jungleruins_1_0_1b/textures/pyramid/pyramid_tabletop_normal.png,2048,2048,12,BC5_UNORM,5592432,True,1,0,1,0,0,0,0
180,Pyramid_TableTop_Roughness.png,c:/users/mkkim/myfolder/mydev1/fast-jungle-renderer/assets/scene/jungleruins_1_0_1b/textures/pyramid/pyramid_tabletop_roughness.png,2048,2048,12,BC4_UNORM,2796216,True,1,0,0,1,0,0,0
181,Pyramid_Ceiling_BaseColor.png,c:/users/mkkim/myfolder/mydev1/fast-jungle-renderer/assets/scene/jungleruins_1_0_1b/textures/pyramid/pyramid_ceiling_basecolor.png,2048,2048,12,BC1_UNORM,2796216,True,1,1,0,0,0,0,0
182,Pyramid_Ceiling_Normal.png,c:/users/mkkim/myfolder/mydev1/fast-jungle-renderer/assets/scene/jungleruins_1_0_1b/textures/pyramid/pyramid_ceiling_normal.png,2048,2048,12,BC5_UNORM,5592432,True,1,0,1,0,0,0,0
183,Pyramid_Ceiling_Roughness.png,c:/users/mkkim/myfolder/mydev1/fast-jungle-renderer/assets/scene/jungleruins_1_0_1b/textures/pyramid/pyramid_ceiling_roughness.png,2048,2048,12,BC4_UNORM,2796216,True,1,0,0,1,0,0,0
184,Pyramid_StairsStraight_BaseColor.png,c:/users/mkkim/myfolder/mydev1/fast-jungle-renderer/assets/scene/jungleruins_1_0_1b/textures/pyramid/pyramid_stairsstraight_basecolor.png,2048,2048,12,BC1_UNORM,2796216,True,1,1,0,0,0,0,0
185,Pyramid_StairsStraight_Normal.png,c:/users/mkkim/myfolder/mydev1/fast-jungle-renderer/assets/scene/jungleruins_1_0_1b/textures/pyramid/pyramid_stairsstraight_normal.png,2048,2048,12,BC5_UNORM,5592432,True,1,0,1,0,0,0,0
186,Pyramid_StairsStraight_Roughness.png,c:/users/mkkim/myfolder/mydev1/fast-jungle-renderer/assets/scene/jungleruins_1_0_1b/textures/pyramid/pyramid_stairsstraight_roughness.png,2048,2048,12,BC4_UNORM,2796216,True,1,0,0,1,0,0,0
187,Pyramid_StairsCorner_BaseColor.png,c:/users/mkkim/myfolder/mydev1/fast-jungle-renderer/assets/scene/jungleruins_1_0_1b/textures/pyramid/pyramid_stairscorner_basecolor.png,2048,2048,12,BC1_UNORM,2796216,True,1,1,0,0,0,0,0
188,Pyramid_StairsCorner_Normal.png,c:/users/mkkim/myfolder/mydev1/fast-jungle-renderer/assets/scene/jungleruins_1_0_1b/textures/pyramid/pyramid_stairscorner_normal.png,2048,2048,12,BC5_UNORM,5592432,True,1,0,1,0,0,0,0
189,Pyramid_StairsCorner_Roughness.png,c:/users/mkkim/myfolder/mydev1/fast-jungle-renderer/assets/scene/jungleruins_1_0_1b/textures/pyramid/pyramid_stairscorner_roughness.png,2048,2048,12,BC4_UNORM,2796216,True,1,0,0,1,0,0,0
190,Pyramid_WallTopL_BaseColor.png,c:/users/mkkim/myfolder/mydev1/fast-jungle-renderer/assets/scene/jungleruins_1_0_1b/textures/pyramid/pyramid_walltopl_basecolor.png,2048,2048,12,BC1_UNORM,2796216,True,1,1,0,0,0,0,0
191,Pyramid_WallTopL_Normal.png,c:/users/mkkim/myfolder/mydev1/fast-jungle-renderer/assets/scene/jungleruins_1_0_1b/textures/pyramid/pyramid_walltopl_normal.png,2048,2048,12,BC5_UNORM,5592432,True,1,0,1,0,0,0,0
192,Pyramid_WallTopL_Roughness.png,c:/users/mkkim/myfolder/mydev1/fast-jungle-renderer/assets/scene/jungleruins_1_0_1b/textures/pyramid/pyramid_walltopl_roughness.png,2048,2048,12,BC4_UNORM,2796216,True,1,0,0,1,0,0,0
193,Pyramid_WallTopR_BaseColor.png,c:/users/mkkim/myfolder/mydev1/fast-jungle-renderer/assets/scene/jungleruins_1_0_1b/textures/pyramid/pyramid_walltopr_basecolor.png,2048,2048,12,BC1_UNORM,2796216,True,1,1,0,0,0,0,0
194,Pyramid_WallTopR_Normal.png,c:/users/mkkim/myfolder/mydev1/fast-jungle-renderer/assets/scene/jungleruins_1_0_1b/textures/pyramid/pyramid_walltopr_normal.png,2048,2048,12,BC5_UNORM,5592432,True,1,0,1,0,0,0,0
195,Pyramid_WallTopR_Roughness.png,c:/users/mkkim/myfolder/mydev1/fast-jungle-renderer/assets/scene/jungleruins_1_0_1b/textures/pyramid/pyramid_walltopr_roughness.png,2048,2048,12,BC4_UNORM,2796216,True,1,0,0,1,0,0,0
196,Pyramid_Corner_BaseColor.png,c:/users/mkkim/myfolder/mydev1/fast-jungle-renderer/assets/scene/jungleruins_1_0_1b/textures/pyramid/pyramid_corner_basecolor.png,2048,2048,12,BC1_UNORM,2796216,True,1,1,0,0,0,0,0
197,Pyramid_Corner_Normal.png,c:/users/mkkim/myfolder/mydev1/fast-jungle-renderer/assets/scene/jungleruins_1_0_1b/textures/pyramid/pyramid_corner_normal.png,2048,2048,12,BC5_UNORM,5592432,True,1,0,1,0,0,0,0
198,Pyramid_Corner_Roughness.png,c:/users/mkkim/myfolder/mydev1/fast-jungle-renderer/assets/scene/jungleruins_1_0_1b/textures/pyramid/pyramid_corner_roughness.png,2048,2048,12,BC4_UNORM,2796216,True,1,0,0,1,0,0,0
199,Pyramid_Column_BaseColor.png,c:/users/mkkim/myfolder/mydev1/fast-jungle-renderer/assets/scene/jungleruins_1_0_1b/textures/pyramid/pyramid_column_basecolor.png,2048,2048,12,BC1_UNORM,2796216,True,1,1,0,0,0,0,0
200,Pyramid_Column_Normal.png,c:/users/mkkim/myfolder/mydev1/fast-jungle-renderer/assets/scene/jungleruins_1_0_1b/textures/pyramid/pyramid_column_normal.png,2048,2048,12,BC5_UNORM,5592432,True,1,0,1,0,0,0,0
201,Pyramid_Column_Roughness.png,c:/users/mkkim/myfolder/mydev1/fast-jungle-renderer/assets/scene/jungleruins_1_0_1b/textures/pyramid/pyramid_column_roughness.png,2048,2048,12,BC4_UNORM,2796216,True,1,0,0,1,0,0,0
202,Pyramid_StairRail_BaseColor.png,c:/users/mkkim/myfolder/mydev1/fast-jungle-renderer/assets/scene/jungleruins_1_0_1b/textures/pyramid/pyramid_stairrail_basecolor.png,2048,2048,12,BC1_UNORM,2796216,True,1,1,0,0,0,0,0
203,Pyramid_StairRail_Normal.png,c:/users/mkkim/myfolder/mydev1/fast-jungle-renderer/assets/scene/jungleruins_1_0_1b/textures/pyramid/pyramid_stairrail_normal.png,2048,2048,12,BC5_UNORM,5592432,True,1,0,1,0,0,0,0
204,Pyramid_StairRail_Roughness.png,c:/users/mkkim/myfolder/mydev1/fast-jungle-renderer/assets/scene/jungleruins_1_0_1b/textures/pyramid/pyramid_stairrail_roughness.png,2048,2048,12,BC4_UNORM,2796216,True,1,0,0,1,0,0,0
205,Pyramid_StairsBottom_BaseColor.png,c:/users/mkkim/myfolder/mydev1/fast-jungle-renderer/assets/scene/jungleruins_1_0_1b/textures/pyramid/pyramid_stairsbottom_basecolor.png,2048,2048,12,BC1_UNORM,2796216,True,1,1,0,0,0,0,0
206,Pyramid_StairsBottom_Normal.png,c:/users/mkkim/myfolder/mydev1/fast-jungle-renderer/assets/scene/jungleruins_1_0_1b/textures/pyramid/pyramid_stairsbottom_normal.png,2048,2048,12,BC5_UNORM,5592432,True,1,0,1,0,0,0,0
207,Pyramid_StairsBottom_Roughness.png,c:/users/mkkim/myfolder/mydev1/fast-jungle-renderer/assets/scene/jungleruins_1_0_1b/textures/pyramid/pyramid_stairsbottom_roughness.png,2048,2048,12,BC4_UNORM,2796216,True,1,0,0,1,0,0,0
208,Pyramid_StairsTop_BaseColor.png,c:/users/mkkim/myfolder/mydev1/fast-jungle-renderer/assets/scene/jungleruins_1_0_1b/textures/pyramid/pyramid_stairstop_basecolor.png,2048,2048,12,BC1_UNORM,2796216,True,1,1,0,0,0,0,0
209,Pyramid_StairsTop_Normal.png,c:/users/mkkim/myfolder/mydev1/fast-jungle-renderer/assets/scene/jungleruins_1_0_1b/textures/pyramid/pyramid_stairstop_normal.png,2048,2048,12,BC5_UNORM,5592432,True,1,0,1,0,0,0,0
210,Pyramid_StairsTop_Roughness.png,c:/users/mkkim/myfolder/mydev1/fast-jungle-renderer/assets/scene/jungleruins_1_0_1b/textures/pyramid/pyramid_stairstop_roughness.png,2048,2048,12,BC4_UNORM,2796216,True,1,0,0,1,0,0,0
211,Pyramid_RailCorner_BaseColor.png,c:/users/mkkim/myfolder/mydev1/fast-jungle-renderer/assets/scene/jungleruins_1_0_1b/textures/pyramid/pyramid_railcorner_basecolor.png,2048,2048,12,BC1_UNORM,2796216,True,1,1,0,0,0,0,0
212,Pyramid_RailCorner_Normal.png,c:/users/mkkim/myfolder/mydev1/fast-jungle-renderer/assets/scene/jungleruins_1_0_1b/textures/pyramid/pyramid_railcorner_normal.png,2048,2048,12,BC5_UNORM,5592432,True,1,0,1,0,0,0,0
213,Pyramid_RailCorner_Roughness.png,c:/users/mkkim/myfolder/mydev1/fast-jungle-renderer/assets/scene/jungleruins_1_0_1b/textures/pyramid/pyramid_railcorner_roughness.png,2048,2048,12,BC4_UNORM,2796216,True,1,0,0,1,0,0,0
214,Pyramid_RailStraight_BaseColor.png,c:/users/mkkim/myfolder/mydev1/fast-jungle-renderer/assets/scene/jungleruins_1_0_1b/textures/pyramid/pyramid_railstraight_basecolor.png,2048,2048,12,BC1_UNORM,2796216,True,1,1,0,0,0,0,0
215,Pyramid_RailStraight_Normal.png,c:/users/mkkim/myfolder/mydev1/fast-jungle-renderer/assets/scene/jungleruins_1_0_1b/textures/pyramid/pyramid_railstraight_normal.png,2048,2048,12,BC5_UNORM,5592432,True,1,0,1,0,0,0,0
216,Pyramid_RailStraight_Roughness.png,c:/users/mkkim/myfolder/mydev1/fast-jungle-renderer/assets/scene/jungleruins_1_0_1b/textures/pyramid/pyramid_railstraight_roughness.png,2048,2048,12,BC4_UNORM,2796216,True,1,0,0,1,0,0,0
217,Pyramid_BottomWallCorner_BaseColor.png,c:/users/mkkim/myfolder/mydev1/fast-jungle-renderer/assets/scene/jungleruins_1_0_1b/textures/pyramid/pyramid_bottomwallcorner_basecolor.png,2048,2048,12,BC1_UNORM,2796216,True,1,1,0,0,0,0,0
218,Pyramid_BottomWallCorner_Normal.png,c:/users/mkkim/myfolder/mydev1/fast-jungle-renderer/assets/scene/jungleruins_1_0_1b/textures/pyramid/pyramid_bottomwallcorner_normal.png,2048,2048,12,BC5_UNORM,5592432,True,1,0,1,0,0,0,0
219,Pyramid_BottomWallCorner_Roughness.png,c:/users/mkkim/myfolder/mydev1/fast-jungle-renderer/assets/scene/jungleruins_1_0_1b/textures/pyramid/pyramid_bottomwallcorner_roughness.png,2048,2048,12,BC4_UNORM,2796216,True,1,0,0,1,0,0,0
220,Pyramid_BottomWallSide_BaseColor.png,c:/users/mkkim/myfolder/mydev1/fast-jungle-renderer/assets/scene/jungleruins_1_0_1b/textures/pyramid/pyramid_bottomwallside_basecolor.png,2048,2048,12,BC1_UNORM,2796216,True,1,1,0,0,0,0,0
221,Pyramid_BottomWallSide_Normal.png,c:/users/mkkim/myfolder/mydev1/fast-jungle-renderer/assets/scene/jungleruins_1_0_1b/textures/pyramid/pyramid_bottomwallside_normal.png,2048,2048,12,BC5_UNORM,5592432,True,1,0,1,0,0,0,0
222,Pyramid_BottomWallSide_Roughness.png,c:/users/mkkim/myfolder/mydev1/fast-jungle-renderer/assets/scene/jungleruins_1_0_1b/textures/pyramid/pyramid_bottomwallside_roughness.png,2048,2048,12,BC4_UNORM,2796216,True,1,0,0,1,0,0,0
223,Pyramid_Topper_BaseColor.png,c:/users/mkkim/myfolder/mydev1/fast-jungle-renderer/assets/scene/jungleruins_1_0_1b/textures/pyramid/pyramid_topper_basecolor.png,2048,2048,12,BC1_UNORM,2796216,True,1,1,0,0,0,0,0
224,Pyramid_Topper_Normal.png,c:/users/mkkim/myfolder/mydev1/fast-jungle-renderer/assets/scene/jungleruins_1_0_1b/textures/pyramid/pyramid_topper_normal.png,2048,2048,12,BC5_UNORM,5592432,True,2,0,2,0,0,0,0
225,Pyramid_Topper_Roughness.png,c:/users/mkkim/myfolder/mydev1/fast-jungle-renderer/assets/scene/jungleruins_1_0_1b/textures/pyramid/pyramid_topper_roughness.png,2048,2048,12,BC4_UNORM,2796216,True,1,0,0,1,0,0,0
226,Pyramid_BottomFlat_BaseColor.png,c:/users/mkkim/myfolder/mydev1/fast-jungle-renderer/assets/scene/jungleruins_1_0_1b/textures/pyramid/pyramid_bottomflat_basecolor.png,2048,2048,12,BC1_UNORM,2796216,True,1,1,0,0,0,0,0
227,Pyramid_BottomFlat_Roughness.png,c:/users/mkkim/myfolder/mydev1/fast-jungle-renderer/assets/scene/jungleruins_1_0_1b/textures/pyramid/pyramid_bottomflat_roughness.png,2048,2048,12,BC4_UNORM,2796216,True,1,0,0,1,0,0,0
228,Pyramid_Ground_BaseColor.png,c:/users/mkkim/myfolder/mydev1/fast-jungle-renderer/assets/scene/jungleruins_1_0_1b/textures/pyramid/pyramid_ground_basecolor.png,2048,2048,12,BC1_UNORM,2796216,True,1,1,0,0,0,0,0
229,Pyramid_Ground_Normal.png,c:/users/mkkim/myfolder/mydev1/fast-jungle-renderer/assets/scene/jungleruins_1_0_1b/textures/pyramid/pyramid_ground_normal.png,2048,2048,12,BC5_UNORM,5592432,True,1,0,1,0,0,0,0
230,Pyramid_Ground_Roughness.png,c:/users/mkkim/myfolder/mydev1/fast-jungle-renderer/assets/scene/jungleruins_1_0_1b/textures/pyramid/pyramid_ground_roughness.png,2048,2048,12,BC4_UNORM,2796216,True,1,0,0,1,0,0,0
231,PX_Banyan_Pinus_Rigida_Bark_02_Albedo_Processed.png,c:/users/mkkim/myfolder/mydev1/fast-jungle-renderer/assets/scene/jungleruins_1_0_1b/textures/trees/px_banyan_pinus_rigida_bark_02_albedo_processed.png,4096,4096,13,BC1_UNORM,11184824,True,1,1,0,0,0,0,0
232,PX_Banyan_Pinus_Rigida_Bark_02_Normal_Processed.png,c:/users/mkkim/myfolder/mydev1/fast-jungle-renderer/assets/scene/jungleruins_1_0_1b/textures/trees/px_banyan_pinus_rigida_bark_02_normal_processed.png,4096,4096,13,BC5_UNORM,22369648,True,1,0,1,0,0,0,0
233,PX_Banyan_Pinus_Rigida_Bark_02_Roughness_Processed.png,c:/users/mkkim/myfolder/mydev1/fast-jungle-renderer/assets/scene/jungleruins_1_0_1b/textures/trees/px_banyan_pinus_rigida_bark_02_roughness_processed.png,4096,4096,13,BC4_UNORM,11184824,True,1,0,0,1,0,0,0
234,PX_Banyan_Pinus_Rigida_Vines_02_Albedo_Processed.png,c:/users/mkkim/myfolder/mydev1/fast-jungle-renderer/assets/scene/jungleruins_1_0_1b/textures/trees/px_banyan_pinus_rigida_vines_02_albedo_processed.png,4096,4096,13,BC1_UNORM,11184824,True,1,1,0,0,0,0,0
235,PX_Banyan_Pinus_Rigida_Vines_02_Normal_Processed.png,c:/users/mkkim/myfolder/mydev1/fast-jungle-renderer/assets/scene/jungleruins_1_0_1b/textures/trees/px_banyan_pinus_rigida_vines_02_normal_processed.png,4096,4096,13,BC5_UNORM,22369648,True,1,0,1,0,0,0,0
236,PX_Banyan_Pinus_Rigida_Vines_02_Roughness_Processed.png,c:/users/mkkim/myfolder/mydev1/fast-jungle-renderer/assets/scene/jungleruins_1_0_1b/textures/trees/px_banyan_pinus_rigida_vines_02_roughness_processed.png,4096,4096,13,BC4_UNORM,11184824,True,1,0,0,1,0,0,0
237,PX_Prunus_x_yedoensis_Leaf_02_albedo.jpg,c:/users/mkkim/myfolder/mydev1/fast-jungle-renderer/assets/scene/jungleruins_1_0_1b/textures/trees/px_prunus_x_yedoensis_leaf_02_albedo.jpg,4096,4096,13,BC1_UNORM,11184824,True,1,1,0,0,0,0,0
238,PX_Prunus_x_yedoensis_Leaf_02_normal.jpg,c:/users/mkkim/myfolder/mydev1/fast-jungle-renderer/assets/scene/jungleruins_1_0_1b/textures/trees/px_prunus_x_yedoensis_leaf_02_normal.jpg,4096,4096,13,BC5_UNORM,22369648,True,1,0,1,0,0,0,0
239,PX_Prunus_x_yedoensis_Leaf_02_roughness.jpg,c:/users/mkkim/myfolder/mydev1/fast-jungle-renderer/assets/scene/jungleruins_1_0_1b/textures/trees/px_prunus_x_yedoensis_leaf_02_roughness.jpg,4096,4096,13,BC4_UNORM,11184824,True,1,0,0,1,0,0,0
240,PX_Prunus_x_yedoensis_Leaf_02_opacity.jpg,c:/users/mkkim/myfolder/mydev1/fast-jungle-renderer/assets/scene/jungleruins_1_0_1b/textures/trees/px_prunus_x_yedoensis_leaf_02_opacity.jpg,4096,4096,13,BC4_UNORM,11184824,True,1,0,0,0,0,1,0
241,kloppenheim_06_puresky_8k.hdr,c:/users/mkkim/myfolder/mydev1/fast-jungle-renderer/assets/scene/jungleruins_1_0_1b/usd/kloppenheim_06_puresky_8k.hdr,8192,4096,14,BC6H_UF16,44739280,True,0,0,0,0,0,0,0
