mesh_id,name,lod0_vertices,lod0_submeshes,lod0_triangles,lod1_triangles,lod2_triangles,lod3_triangles,lod0_deviation_m,lod1_deviation_m,lod2_deviation_m,lod3_deviation_m,min_x,min_y,min_z,max_x,max_y,max_z,auxiliary_bytes
0,Anthurium_05_Translucent,4863,1,7664,3064,1148,306,0.0,1.4365691640705336e-06,6.499798928416567e-06,3.176897007506341e-05,-0.001954273320734501,-0.00013357259740587324,-0.0022674587089568377,0.0012510142987594008,0.0014313210267573595,0.0007565621053799987,91968
1,Anthurium_02_Translucent,9568,1,15544,6217,2330,621,0.0,3.299109266663436e-06,1.3972274246043526e-05,6.614060112042353e-05,-0.0038120930548757315,-0.00012195789167890325,-0.0027628180105239153,0.0036919780541211367,0.004581796936690807,0.00302673177793622,0
2,Anthurium_04_Translucent,6557,1,10360,4143,1553,414,0.0,1.9436438378761522e-06,8.36182607599767e-06,4.0149247070075944e-05,-0.002458749106153846,-0.0001524474355392158,-0.001972874626517296,0.0023472656030207872,0.0028224331326782703,0.001491305767558515,0
3,Anthurium_03_Translucent,5656,1,9072,3628,1359,361,0.0,2.8603501505131135e-06,1.1962041753577068e-05,5.246064392849803e-05,-0.00227221823297441,-0.0001652744394959882,-0.003221730003133416,0.003730964846909046,0.0033108640927821398,0.0034111016429960728,0
4,Anthurium_06_Translucent,5570,1,8704,3481,1304,348,0.0,1.4973654742789222e-06,6.72059650241863e-06,3.3274169254582375e-05,-0.001377756125293672,-0.00014192269009072334,-0.0017398428171873093,0.0017917529912665486,0.0012153052957728505,0.0011154162930324674,0
5,Anthurium_01_Translucent,9703,1,15808,6322,2371,632,0.0,3.7163515571592143e-06,1.5419764167745598e-05,7.15315982233733e-05,-0.004215392284095287,-0.00012335409701336175,-0.006484932266175747,0.0047002146020531654,0.004732091445475817,0.004825272597372532,189696
6,Nettle_03_Translucent,2736,1,3592,2322,848,266,0.0,6.410847390725394e-07,3.203982942068251e-06,1.2815489753847942e-05,-0.0003092743281740695,-1.2624202099686954e-05,-0.00021210958948358893,0.000332651543430984,0.0006130360998213291,0.00022246998560149223,43104
7,Nettle_02_Translucent,4336,1,5664,2575,912,291,0.0,1.0452852166054072e-06,5.203450200497173e-06,2.065548687824048e-05,-0.0001987099094549194,-1.6869709725142457e-05,-0.00032697105780243874,0.0004561179375741631,0.0010288809426128864,0.00033467731554992497,67968
8,Nettle_06_Translucent,6258,1,8080,3231,1212,323,0.0,1.6964598898994154e-06,7.335631380556151e-06,3.650790677056648e-05,-0.00041041485383175313,-5.5817290558479726e-05,-0.00046116102021187544,0.000412819383200258,0.0018714646575972438,0.0004856731684412807,96960
9,Nettle_01_Translucent,4585,1,5896,2627,894,313,0.0,1.3111565522194724e-06,6.485706308012595e-06,2.6223275199299678e-05,-0.0002843003021553159,-1.5644738596165553e-05,-0.0004249810299370438,0.0004885657108388841,0.0012992630945518613,0.0004656519740819931,70752
10,Nettle_04_Translucent,849,1,1088,646,234,80,0.0,5.960197313470417e-07,2.9647057999682147e-06,1.1831449228338897e-05,-0.0002956516109406948,-7.196159913291922e-06,-0.00020272545225452632,0.0003016060800291598,0.0002100224228342995,0.00018236525647807866,13056
11,Nettle_05_Translucent,5259,1,6984,2793,1047,293,0.0,2.0374836822156794e-06,8.897006409824826e-06,4.311819066060707e-05,-0.0005262836930342019,-3.9349972212221473e-05,-0.00044265110045671463,0.0005096288514323533,0.002128399210050702,0.00045792400487698615,83808
12,ShrubSorrel_01_Translucent,351,1,414,414,414,205,0.0,0.0,0.0,1.4300456314231269e-05,-0.00027049618074670434,-4.669203462981386e-06,-0.00039484412991441786,0.0004553399048745632,0.0004901178763248026,0.00019532199075911194,0
13,ShrubSorrel_05_Translucent,60,1,71,71,71,71,0.0,0.0,0.0,0.0,-0.0001633422216400504,-7.550165719294455e-06,-0.0002580243453849107,5.604578745987965e-06,0.00035661173751577735,5.353710093913833e-06,0
14,ShrubSorrel_07_Translucent,57,1,67,67,67,67,0.0,0.0,0.0,0.0,-7.133612234611064e-05,-1.3154561202100012e-05,-0.00021554119302891195,0.0001657417742535472,0.00043811145587824285,9.439852874493226e-06,0
15,ShrubSorrel_03_Translucent,300,1,355,355,280,186,0.0,0.0,2.1951859707769472e-06,8.953672477218788e-06,-0.00012470588262658566,-2.3901006898086052e-06,-0.00022048749087844044,0.00019060932390857488,0.00023165148741099983,0.00022971876023802906,0
16,ShrubSorrel_06_Translucent,54,1,63,63,63,63,0.0,0.0,0.0,0.0,-0.00014304138312581927,-7.5901402851741295e-06,-0.00016989422147162259,0.00012203502410557121,0.00040277891093865037,7.154502964112908e-05,0
17,ShrubSorrel_02_Translucent,240,1,284,284,284,144,0.0,0.0,0.0,8.420813173870556e-06,-0.00024156819563359022,-6.809774276916869e-06,-0.00023201789008453488,0.00018308167636860162,0.00034220475936308503,0.00016127694107126445,0
18,ShrubSorrel_04_Translucent,60,1,71,71,71,71,0.0,0.0,0.0,0.0,-0.00017796024621929973,-5.271590453048702e-06,-0.00016668644093442708,3.0242930733948015e-05,0.00036473479121923447,9.677958587417379e-06,0
19,Shrub_02,4420,1,6589,6589,2779,836,0.0,0.0,1.0332312740501948e-05,4.108304710825905e-05,-0.0008108491310849786,-3.048922553716693e-05,-0.000817330670543015,0.0006171264103613794,0.0020465354900807142,0.0008468719897791743,0
20,Shrub_03,4108,1,6177,6177,1983,579,0.0,0.0,1.3991946616442874e-05,5.5582109780516475e-05,-0.0009164010407403111,-7.596240902785212e-05,-0.000741216994356364,0.0006451079389080405,0.002728527644649148,0.0009444822208024561,0
21,Shrub_01,2513,1,3726,3726,1667,487,0.0,0.0,9.750693607202265e-06,3.876165646943264e-05,-0.00031277621746994555,-3.3911979699041694e-05,-0.0006983947823755443,0.0010458744363859296,0.0019165778066962957,0.0003876056580338627,0
22,Shrub_04,7244,1,10835,10835,3337,969,0.0,0.0,1.3608328117697965e-05,5.4472009651362896e-05,-0.0015523796901106834,-5.918123133596964e-05,-0.000909512338694185,0.0006261009839363396,0.0026743996422737837,0.0009596893796697259,0
23,Grass_B_01,645,1,714,714,448,174,0.0,0.0,7.729148819635157e-06,3.128558455500752e-05,-0.0005556991090998054,-2.8383330572978593e-05,-0.0006318891537375748,0.000635519449133426,0.0015409203479066491,0.0005657349247485399,0
24,Grass_B_05,1542,1,1664,1664,813,240,0.0,0.0,2.155446600227151e-05,8.578311826568097e-05,-0.0021328849252313375,-3.431674849707633e-05,-0.0025784459430724382,0.0014228083891794086,0.003998044412583113,0.001754019525833428,0
25,Grass_B_04,2197,1,2489,2489,1070,304,0.0,0.0,1.8004257071879692e-05,7.183020352385938e-05,-0.0018113652477040887,-5.1332612201804295e-05,-0.002080584643408656,0.0013623955892398953,0.0025524324737489223,0.0015386726008728147,0
26,Grass_B_03,1072,1,1215,1215,662,195,0.0,0.0,1.2987531590624712e-05,5.213810072746128e-05,-0.0013893020804971457,-5.509789116331376e-05,-0.000885804824065417,0.0012274691835045815,0.0022615171037614346,0.0016092985169962049,0
27,Grass_B_02,1575,1,1760,1760,1133,451,0.0,0.0,9.916931048792321e-06,3.9818718505557626e-05,-0.0006016343249939382,-4.036383325001225e-05,-0.0009417535620741546,0.0011896357173100114,0.0017552762292325497,0.0010509301209822297,0
28,Grass_A_06,1580,1,1466,1466,821,310,0.0,0.0,1.011808944895165e-05,4.007037205155939e-05,-0.0008015616913326085,-0.00021409003238659352,-0.0009483355097472668,0.0011217431165277958,0.0012322665425017476,0.00108021916821599,0
29,Grass_A_04,2593,1,2287,2287,1542,583,0.0,0.0,1.1047395673813298e-05,4.3893131078220904e-05,-0.0011184881441295147,-0.00022939748305361718,-0.0010901965433731675,0.0010376648278906941,0.0019480454502627254,0.0011235822457820177,0
30,Grass_A_02,4823,1,4626,4626,2613,851,0.0,0.0,1.414607231708942e-05,5.636455171043053e-05,-0.0014600969152525067,-0.0002561309956945479,-0.0014190356014296412,0.0013808774529024959,0.0014364951057359576,0.0013383631594479084,0
31,Grass_A_03,6405,1,5945,5945,2401,500,0.0,0.0,1.3867504094378091e-05,5.541420978261158e-05,-0.001451978925615549,-0.00021477331756614149,-0.0011970172636210918,0.001335931709036231,0.0012087008217349648,0.0013536815531551838,0
32,Grass_A_05,1386,1,1257,1257,750,237,0.0,0.0,1.0005917829403188e-05,3.9725364331388846e-05,-0.0007645512232556939,-3.344380820635706e-05,-0.0011334384325891733,0.0011133369989693165,0.0017437718342989683,0.0008768474799580872,0
33,Grass_A_01,7044,1,6422,6422,2504,313,0.0,0.0,1.6260621123365127e-05,6.477792339865118e-05,-0.0015279462095350027,-7.50455292291008e-05,-0.0016885031946003437,0.0016421438194811344,0.0013918423792347312,0.0015770848840475082,0
34,Moss_01,221,1,239,239,239,95,0.0,0.0,0.0,4.872817498835502e-06,-9.957650763681158e-05,1.8931722252091276e-06,-6.474255496868864e-05,7.010211993474513e-05,0.0002473829372320324,-3.419072163524106e-05,0
35,Moss_03,200,1,229,229,229,69,0.0,0.0,0.0,6.191164175106678e-06,-0.00014253957488108426,-1.7285734656979912e-06,-7.024063961580396e-05,1.4144168744678609e-05,0.00031280843541026115,-4.54424116469454e-05,0
36,Moss_02,220,1,233,233,233,96,0.0,0.0,0.0,4.88791374664288e-06,-9.720620437292382e-05,-1.5498970924454625e-06,-6.550353282364085e-05,7.047764665912837e-05,0.0002477247908245772,-3.81804202334024e-05,0
37,QueenForest_02_Animated_Translucent,875374,8,427804,188481,73464,23888,0.0,7.80107147875242e-05,0.00033626650110818446,0.0014567689504474401,-0.023868488147854805,-2.3275108229636743e-10,-0.03017493151128292,0.03306209668517113,0.09730701148509979,0.03221818432211876,15828748
38,QueenForest_05_Animated_Translucent,885892,8,432854,191364,74738,23669,0.0,7.915378955658525e-05,0.0003975971485488117,0.0015708052087575197,-0.03271745890378952,-2.363602369381823e-10,-0.025308722630143166,0.03228980302810669,0.09762553125619888,0.03400241956114769,16015598
39,QueenForest_06_Animated_Translucent,1057012,8,515442,224395,87202,24743,0.0,8.366032125195488e-05,0.0003966539807152003,0.0016688700998201966,-0.018334876745939255,-2.676056043426911e-10,-0.03916520997881889,0.044899094849824905,0.10394877940416336,0.035941071808338165,19071354
40,RiverForest_03_Animated_Translucent,697963,3,330089,153280,89717,13561,0.0,9.091520041693002e-05,0.0004612677148543298,0.001860189950093627,-0.023954030126333237,-0.011885632760822773,-0.03128537908196449,0.018924785777926445,0.08685888350009918,0.027157949283719063,12213293
41,RiverForest_01_Animated_Translucent,707487,3,334587,154952,89410,13634,0.0,9.458449494559318e-05,0.00047262123553082347,0.0018800306133925915,-0.01890060305595398,-0.01207782793790102,-0.02793157286942005,0.02490849420428276,0.0886748656630516,0.030823996290564537,12379719
42,RiverForest_05_Animated_Translucent,706899,3,334305,154654,89146,14068,0.0,9.508137009106576e-05,0.0004748693900182843,0.0018888185732066631,-0.03142120689153671,-0.012189907021820545,-0.025631669908761978,0.023907333612442017,0.08884338289499283,0.025056058540940285,12369285
43,RiverSapling_02_Translucent,214724,3,101456,66631,34468,8456,0.0,3.277194264228456e-05,0.0001609827158972621,0.0006308993906714022,-0.013305584900081158,-4.148924259705922e-11,-0.01249017659574747,0.012469182722270489,0.04671643301844597,0.01290686335414648,3753872
44,RiverSapling_05_Translucent,200186,3,94604,62611,32505,7882,0.0,3.1575156754115596e-05,0.00013333960669115186,0.0005979937850497663,-0.013469795696437359,-4.0601584594401885e-11,-0.012010639533400536,0.011207164265215397,0.045381005853414536,0.011428332887589931,3500348
45,RiverSapling_01_Translucent,214967,3,101581,66840,35088,8492,0.0,3.2262429158436134e-05,0.00015456645633094013,0.0006115076248534024,-0.013056427240371704,-4.1678726442340164e-11,-0.012284688651561737,0.0118073970079422,0.04629663750529289,0.012716525234282017,3758497
46,RiverSapling_04_Translucent,236912,3,111902,72917,38314,8964,0.0,3.447207927820273e-05,0.00016767295892350376,0.0006152069545350969,-0.014449498616158962,-4.367932057713908e-11,-0.013925601728260517,0.012404756620526314,0.049262430518865585,0.013194607570767403,4140374
47,RiverSapling_03_Translucent,216420,3,102257,66916,34995,8165,0.0,3.303953053546138e-05,0.00015171209815889597,0.0006054209661670029,-0.013632765971124172,-4.170809531078845e-11,-0.012899164110422134,0.012728082947432995,0.04712168127298355,0.012974114157259464,3783509
48,RiverSeedling_01_Translucent,14276,3,6774,5967,2850,1251,0.0,6.445030976465205e-06,6.101501276134513e-05,0.00024135746934916824,-0.006746956612914801,-4.019242987851612e-05,-0.005865848157554865,0.005480057094246149,0.011698579415678978,0.006283875089138746,250638
49,RiverSeedling_02_Translucent,14227,3,6751,5975,2981,1300,0.0,6.193327408254845e-06,5.908228558837436e-05,0.00023331028933171183,-0.006232160609215498,-3.99465425289236e-05,-0.005553267430514097,0.00524227786809206,0.011490844190120697,0.006269552744925022,249787
50,RiverSeedling_04_Translucent,14276,3,6774,5982,2815,1249,0.0,6.460354143200675e-06,5.9697635151678696e-05,0.00023355880693998188,-0.006400990299880505,-4.058794365846552e-05,-0.006029525771737099,0.005596380680799484,0.011672161519527435,0.005824211053550243,250638
51,RiverSeedling_03_Translucent,14276,3,6774,5973,2917,1273,0.0,6.643428150709951e-06,5.733994112233631e-05,0.00023314138525165617,-0.006542571820318699,-3.9652226405451074e-05,-0.004827491939067841,0.005199954379349947,0.01155566330999136,0.006857467815279961,250638
52,RiverSeedling_05_Translucent,14325,3,6797,5983,2830,1242,0.0,5.922429409110919e-06,6.134718569228426e-05,0.00023932280601002276,-0.005348095204681158,-4.057901242049411e-05,-0.00663498230278492,0.0068546258844435215,0.011842431500554085,0.005765368230640888,251489
53,M_4x4_03,167590,1,83232,33292,12484,3328,0.0,2.463688588250079e-06,8.806187906884588e-06,3.3195887226611376e-05,-0.010000000707805157,-0.0032177662942558527,-1.5553087706621227e-09,-0.00500000175088644,-0.001911655068397522,0.00500000175088644,83232
54,M_4x4_01,167238,1,83232,33292,12484,3328,0.0,4.048028586112196e-06,1.5752446415717714e-05,6.142070924397558e-05,-0.010000000707805157,-0.0046880352310836315,0.004999998491257429,-0.004999998491257429,-0.002631623763591051,0.010000000707805157,83232
55,M_4x4_02,168352,1,83232,33292,12484,3328,0.0,2.15791101254581e-06,8.259868081950117e-06,3.166280657751486e-05,-0.00500000175088644,-0.004385220352560282,0.004999998491257429,1.5553087706621227e-09,-0.0028158598579466343,0.010000000707805157,83232
56,M_4x4_04,167308,1,83232,33292,12484,3328,0.0,3.558173375495244e-06,1.2688387869275175e-05,4.905802052235231e-05,-0.00500000175088644,-0.003235218347981572,-1.5553087706621227e-09,7.357449094413937e-10,-0.0020723938941955566,0.004999998956918716,83232
57,M_3x4_03,167110,1,83232,33292,12484,3328,0.0,3.0517519462591736e-06,1.1146314136567526e-05,4.2018880776595324e-05,-8.847565041714134e-11,-0.002696770476177335,-1.5553087706621227e-09,0.004999998956918716,-0.0009672790765762329,0.004999998956918716,83232
58,M_3x4_01,166954,1,83232,36252,12484,3328,0.0,4.998494205210591e-06,1.964458351721987e-05,7.746127084828913e-05,7.357449094413937e-10,-0.0044255852699279785,0.004999998491257429,0.00500000175088644,-0.0017338579054921865,0.010000000707805157,83232
59,M_3x4_02,167190,1,83232,33292,12484,3328,0.0,4.8824690566107165e-06,1.847164094215259e-05,7.361656025750563e-05,0.004999998491257429,-0.004839724395424128,0.004999998491257429,0.010000000707805157,-0.002677713520824909,0.010000000707805157,83232
60,M_3x4_04,167168,1,83232,33292,12484,3328,0.0,2.796797161863651e-06,1.0347726856707595e-05,3.874586400343105e-05,0.004999998491257429,-0.0031586759723722935,-1.5553087706621227e-09,0.010000000707805157,-0.0018049597274512053,0.004999998956918716,83232
61,M_4x3_03,167910,1,83232,33292,12484,3328,0.0,2.165615114790853e-06,8.85145527718123e-06,3.451406519161537e-05,-0.010000000707805157,-0.004659733735024929,-0.010000000707805157,-0.00500000175088644,-0.0027264654636383057,-0.004999998956918716,83232
62,M_4x3_01,167840,1,83232,33292,12484,3328,0.0,2.242471282443148e-06,8.664616871101316e-06,3.302976620034315e-05,-0.010000000707805157,-0.003672008402645588,-0.00500000175088644,-0.00500000175088644,-0.0027144188061356544,1.5553087706621227e-09,83232
63,M_4x3_02,167406,1,83232,33292,12484,3328,0.0,2.7295484414935345e-06,1.005278045340674e-05,3.852052759611979e-05,-0.00500000175088644,-0.0036999396979808807,-0.00500000175088644,-8.847565041714134e-11,-0.0026963315904140472,-1.5553087706621227e-09,83232
64,M_3x3_04,167704,1,83232,33292,12484,3328,0.0,2.242421487608226e-06,8.116680874081794e-06,3.0872575734974816e-05,0.004999998491257429,-0.0041848779655992985,-0.010000000707805157,0.010000000707805157,-0.0027043414302170277,-0.00500000175088644,83232
65,M_3x3_03,167478,1,83232,33292,12484,3328,0.0,3.1712218060420128e-06,1.2778534255630802e-05,5.1099945267196745e-05,-1.5553087706621227e-09,-0.004435229115188122,-0.010000000707805157,0.004999998956918716,-0.0022839705925434828,-0.00500000175088644,83232
66,M_3x3_01,167580,1,83232,33292,12484,3328,0.0,2.6603515834722202e-06,9.547027730150148e-06,3.5825796658173203e-05,-8.498319270522359e-10,-0.003169233212247491,-0.00500000175088644,0.004999998956918716,-0.0021465898025780916,-1.5553087706621227e-09,83232
67,M_3x3_02,167296,1,83232,33292,12484,3328,0.0,3.55877682522987e-06,1.301108204643242e-05,4.939002974424511e-05,0.004999998491257429,-0.0035375808365643024,-0.00500000175088644,0.010000000707805157,-0.0020874941255897284,-1.5553087706621227e-09,83232
68,M_4x3_04,166950,1,83232,36182,12484,3328,0.0,4.990185061615193e-06,2.003412191697862e-05,8.013314800336957e-05,-0.00500000175088644,-0.00485772592946887,-0.010000000707805157,-8.498319270522359e-10,-0.0027456949464976788,-0.00500000175088644,83232
69,E_X2_Y5_43,163820,1,81608,32642,12240,3264,0.0,1.2918029824504629e-05,4.709584391093813e-05,0.0001736357226036489,-0.010000000707805157,-0.0021224766969680786,-0.010000000707805157,0.010000000707805157,0.0038324189372360706,0.010000000707805157,81608
70,E_X1_Y5_42,164016,1,81608,32642,12240,3264,0.0,1.0356703569414094e-05,3.754267527256161e-05,0.0001406664086971432,-0.010000000707805157,-0.003683938877657056,-0.010000000707805157,0.010000000707805157,-0.00016776799748186022,0.010000000707805157,81608
71,E_X0_Y5_41,164502,1,81608,32642,12240,3264,0.0,1.0357668543292675e-05,3.881691372953355e-05,0.00014397916675079614,-0.010000000707805157,-0.004834679886698723,-0.010000000707805157,0.010000000707805157,-0.0010545790428295732,0.010000000707805157,81608
72,E_X0_Y4_33,163902,1,81608,32642,12240,3264,0.0,1.4234596164897084e-05,5.881209654035047e-05,0.00022878768504597247,-0.010000000707805157,-0.004835535306483507,-0.010000000707805157,0.010000000707805157,-0.0012492409441620111,0.010000000707805157,81608
73,E_X1_Y4_34,164074,1,81608,32642,12240,3264,0.0,1.1450690180936363e-05,4.862095738644712e-05,0.00019210363097954541,-0.010000000707805157,-0.004444858990609646,-0.010000000707805157,0.010000000707805157,-0.001457797596231103,0.010000000707805157,81608
74,E_X2_Y4_35,164344,1,81608,32642,12240,3264,0.0,1.0641367225616705e-05,4.780302333529107e-05,0.00018279097275808454,-0.010000000707805157,-0.004499346949160099,-0.010000000707805157,0.010000000707805157,-0.0014595561660826206,0.010000000707805157,81608
75,E_X5_Y4_38,164042,1,81608,32642,12240,3264,0.0,1.2439665624697227e-05,4.831229307455942e-05,0.0001836236333474517,-0.010000000707805157,-0.004776996094733477,-0.010000000707805157,0.010000000707805157,-0.0014682370238006115,0.010000000707805157,81608
76,E_X6_Y4_39,163886,1,81608,32642,12240,3264,0.0,1.6509486158611253e-05,6.629714334849268e-05,0.00025754078524187207,-0.010000000707805157,-0.004999636206775904,-0.010000000707805157,0.010000000707805157,-0.0012188225518912077,0.010000000707805157,81608
77,E_X7_Y4_40,164142,1,81608,32642,12240,3264,0.0,1.145089936471777e-05,4.377409641165286e-05,0.00016095960745587945,-0.010000000707805157,-0.00405189860612154,-0.010000000707805157,0.010000000707805157,-0.0006569137913174927,0.010000000707805157,81608
78,E_X7_Y3_32,165174,1,81608,32642,12240,3264,0.0,8.800285286270082e-06,3.806277527473867e-05,0.00014498777454718947,-0.010000000707805157,-0.0043774875812232494,-0.010000000707805157,0.010000000707805157,-0.0014459972735494375,0.010000000707805157,81608
79,E_X6_Y3_31,163816,1,81608,32642,12240,3264,0.0,1.3279399354360066e-05,5.4674230341333896e-05,0.0002084308653138578,-0.010000000707805157,-0.0037762057036161423,-0.010000000707805157,0.010000000707805157,-0.001238353201188147,0.010000000707805157,81608
80,E_X5_Y3_30,164010,1,81608,32642,12240,3264,0.0,1.195082859339891e-05,4.913148586638272e-05,0.0001866918319137767,-0.010000000707805157,-0.004467737395316362,-0.010000000707805157,0.010000000707805157,-0.0012385526206344366,0.010000000707805157,81608
81,E_X2_Y3_27,164122,1,81608,32642,12240,3264,0.0,1.4588360500056297e-05,5.485188739839941e-05,0.00020459808001760393,-0.010000000707805157,-0.00450680498033762,-0.010000000707805157,0.010000000707805157,0.00106694339774549,0.010000000707805157,81608
82,E_X1_Y3_26,163856,1,81608,32642,12240,3264,0.0,1.5049009562062565e-05,5.8708337746793404e-05,0.0002286839735461399,-0.010000000707805157,-0.004283415153622627,-0.010000000707805157,0.010000000707805157,0.0011016738135367632,0.010000000707805157,81608
83,E_X0_Y3_25,164174,1,81608,32642,12240,3264,0.0,1.035684999806108e-05,4.3412557715782896e-05,0.00016664255235809833,-0.010000000707805157,-0.0032888471614569426,-0.010000000707805157,0.010000000707805157,-0.0001338696456514299,0.010000000707805157,81608
84,E_X0_Y2_17,164336,1,81608,32642,12240,3264,0.0,9.290722118748818e-06,3.418482083361596e-05,0.0001277739938814193,-0.010000000707805157,-0.001676016952842474,-0.010000000707805157,0.010000000707805157,0.0010444283252581954,0.010000000707805157,81608
85,E_X1_Y2_18,163836,1,81608,32642,12240,3264,0.0,1.3805578419123776e-05,5.1608760259114206e-05,0.00019496202003210783,-0.010000000707805157,-0.0010618605883792043,-0.010000000707805157,0.010000000707805157,0.002876141108572483,0.010000000707805157,81608
86,E_X2_Y2_19,163888,1,81608,32642,12240,3264,0.0,1.464717115595704e-05,5.364797107176855e-05,0.00020236923592165112,-0.010000000707805157,-0.002037088153883815,-0.010000000707805157,0.010000000707805157,0.003331112675368786,0.010000000707805157,81608
87,E_X3_Y2_20,163708,1,81608,32642,12240,3264,0.0,1.4235181879485026e-05,5.123511436977424e-05,0.0001806612708605826,-0.010000000707805157,-0.0041297683492302895,-0.010000000707805157,0.010000000707805157,0.0020199096761643887,0.010000000707805157,81608
88,E_X4_Y2_21,164150,1,81608,32642,12240,3264,0.0,1.0340567314415239e-05,3.7806144973728806e-05,0.00014284596545621753,-0.010000000707805157,-0.004188069142401218,-0.010000000707805157,0.010000000707805157,-0.0006046974449418485,0.010000000707805157,81608
89,E_X5_Y2_22,164472,1,81608,32642,12240,3264,0.0,1.006543607218191e-05,3.6798919609282166e-05,0.00013607172877527773,-0.010000000707805157,-0.0036655007861554623,-0.010000000707805157,0.010000000707805157,0.0001303505850955844,0.010000000707805157,81608
90,E_X6_Y2_23,164426,1,81608,32642,12240,3264,0.0,1.0915300663327798e-05,4.744346733787097e-05,0.0001853856520028785,-0.010000000707805157,-0.004943413659930229,-0.010000000707805157,0.010000000707805157,-0.0014388465788215399,0.010000000707805157,81608
91,E_X7_Y2_24,163926,1,81608,32642,12240,3264,0.0,1.0353639481763821e-05,4.122741302126087e-05,0.00016152221360243857,-0.010000000707805157,-0.004978088196367025,-0.010000000707805157,0.010000000707805157,-0.001968493452295661,0.010000000707805157,81608
92,E_X0_Y1_9,163956,1,81608,32642,12240,3264,0.0,1.3146693163434975e-05,5.021463584853336e-05,0.00019288071780465543,-0.010000000707805157,-0.0028634846676141024,-0.010000000707805157,0.010000000707805157,0.001861169352196157,0.010000000707805157,81608
93,E_X1_Y1_10,163998,1,81608,32642,12240,3264,0.0,1.3138134818291292e-05,4.7663845180068165e-05,0.00018008053302764893,-0.010000000707805157,-0.00214669038541615,-0.010000000707805157,0.010000000707805157,0.0016916298773139715,0.010000000707805157,81608
94,E_X2_Y1_11,163748,1,81608,32642,12240,3264,0.0,1.582049844728317e-05,5.8383076975587755e-05,0.00022323336452245712,-0.010000000707805157,-0.00044998465455137193,-0.010000000707805157,0.010000000707805157,0.003720490960404277,0.010000000707805157,81608
95,E_X3_Y1_12,163640,1,81608,32642,12240,3264,0.0,1.542820973554626e-05,5.56813865841832e-05,0.00020415321341715753,-0.010000000707805157,-0.004180277697741985,-0.010000000707805157,0.010000000707805157,0.0016023826319724321,0.010000000707805157,81608
96,E_X4_Y1_13,163992,1,81608,32642,12240,3264,0.0,1.6557805793127045e-05,6.300382665358484e-05,0.0002419564698357135,-0.010000000707805157,-0.00430635130032897,-0.010000000707805157,0.010000000707805157,0.0011656450806185603,0.010000000707805157,81608
97,E_X5_Y1_14,163816,1,81608,32642,12240,3264,0.0,1.5048928617034107e-05,5.525207961909473e-05,0.00019874020654242486,-0.010000000707805157,-0.0017885398119688034,-0.010000000707805157,0.010000000707805157,0.002146167680621147,0.010000000707805157,81608
98,E_X6_Y1_15,164130,1,81608,32642,12240,3264,0.0,1.0862564522540197e-05,3.892399399774149e-05,0.00014028046280145645,-0.010000000707805157,-0.003868327010422945,-0.010000000707805157,0.010000000707805157,0.00039020777330733836,0.010000000707805157,81608
99,E_X7_Y1_16,164608,1,81608,32642,12240,3264,0.0,8.631178388895933e-06,3.0466235330095515e-05,0.00011324838851578534,-0.010000000707805157,-0.003918349742889404,-0.010000000707805157,0.010000000707805157,-0.0021962833125144243,0.010000000707805157,81608
100,E_X7_Y0_8,164042,1,81608,32642,12240,3264,0.0,1.0641834705893416e-05,3.91059547837358e-05,0.00014571260544471443,-0.010000000707805157,-0.003695921739563346,-0.010000000707805157,0.010000000707805157,-0.001076817512512207,0.010000000707805157,81608
101,E_X6_Y0_7,164986,1,81608,32642,12240,3264,0.0,9.608092113921884e-06,3.4403772588120773e-05,0.00012556846195366234,-0.010000000707805157,-0.003765513189136982,-0.010000000707805157,0.010000000707805157,0.00011476516374386847,0.010000000707805157,81608
102,E_X5_Y0_6,163964,1,81608,32642,12240,3264,0.0,1.267772040591808e-05,4.650531991501339e-05,0.0001698225678410381,-0.010000000707805157,-0.0023613416124135256,-0.010000000707805157,0.010000000707805157,0.0013639020035043359,0.010000000707805157,81608
103,E_X4_Y0_5,163904,1,81608,32642,12240,3264,0.0,1.6193382180063054e-05,6.139771721791476e-05,0.00023302306362893432,-0.010000000707805157,-0.004072126466780901,-0.010000000707805157,0.010000000707805157,-2.142548510164488e-05,0.010000000707805157,81608
104,E_X3_Y0_4,164136,1,81608,32642,12240,3264,0.0,1.4234562513593119e-05,5.562555088545196e-05,0.00021145631035324186,-0.010000000707805157,-0.0040126885287463665,-0.010000000707805157,0.010000000707805157,-0.00021779179223813117,0.010000000707805157,81608
105,E_X2_Y0_3,163644,1,81608,32642,12240,3264,0.0,1.7935548385139555e-05,6.47441775072366e-05,0.0002346900146221742,-0.010000000707805157,-0.003665660507977009,-0.010000000707805157,0.010000000707805157,0.003718733787536621,0.010000000707805157,81608
106,E_X1_Y0_2,163948,1,81608,32642,12240,3264,0.0,1.291781518375501e-05,4.8057092499220744e-05,0.00017758095054887235,-0.010000000707805157,-0.0017911767354235053,-0.010000000707805157,0.010000000707805157,0.002010883064940572,0.010000000707805157,81608
107,E_X0_Y0_1,163836,1,81608,32642,12240,3264,0.0,1.2685565707215574e-05,4.720973811345175e-05,0.00018237833864986897,-0.010000000707805157,-0.002181670628488064,-0.010000000707805157,0.010000000707805157,0.001207086956128478,0.010000000707805157,81608
108,E_X4_Y4_37,493244,1,244824,97928,36722,9792,0.0,5.593443347606808e-06,2.141552249668166e-05,7.83528812462464e-05,-0.010000000707805157,-0.004608185030519962,-0.010000000707805157,0.010000000707805157,-0.0011736511951312423,0.010000000707805157,244824
109,E_X3_Y4_36,492726,1,244824,97928,36722,9792,0.0,6.459059932240052e-06,2.4648023099871352e-05,8.94209515536204e-05,-0.010000000707805157,-0.004185257945209742,-0.010000000707805157,0.010000000707805157,-0.00015895842807367444,0.010000000707805157,17872152
110,E_X4_Y3_29,494004,1,244824,97928,36722,9792,0.0,4.485128101805458e-06,1.687324584054295e-05,6.054321420378983e-05,-0.010000000707805157,-0.004784421995282173,-0.010000000707805157,0.010000000707805157,-0.0018609869293868542,0.010000000707805157,244824
111,E_X3_Y3_28,492388,1,244824,97928,36722,9792,0.0,5.593964033323573e-06,1.9828703443636186e-05,6.864492024760693e-05,-0.010000000707805157,-0.004155723378062248,-0.010000000707805157,0.010000000707805157,-0.0013529896968975663,0.010000000707805157,244824
112,E_X7_Y7_64,163708,1,81608,32642,12240,3264,0.0,1.619277463760227e-05,5.876013892702758e-05,0.00021457491675391793,-0.010000000707805157,-0.002440996002405882,-0.010000000707805157,0.010000000707805157,0.0026092976331710815,0.010000000707805157,81608
113,E_X6_Y7_63,164008,1,81608,32642,12240,3264,0.0,1.4419436411117204e-05,5.285957013256848e-05,0.0001989198208320886,-0.010000000707805157,-0.0019535671453922987,-0.010000000707805157,0.010000000707805157,0.002704890910536051,0.010000000707805157,81608
114,E_X5_Y7_62,163758,1,81608,32642,12240,3264,0.0,1.6189298548852094e-05,5.9858291933778673e-05,0.0002206156204920262,-0.010000000707805157,-0.001604412216693163,-0.010000000707805157,0.010000000707805157,0.0030931616201996803,0.010000000707805157,81608
115,E_X4_Y7_61,163854,1,81608,32642,12240,3264,0.0,1.760329178068787e-05,6.732756446581334e-05,0.0002624680055305362,-0.010000000707805157,-0.004279603715986013,-0.010000000707805157,0.010000000707805157,0.0015040218131616712,0.010000000707805157,81608
116,E_X3_Y7_60,163794,1,81608,32642,12240,3264,0.0,1.4647464922745712e-05,5.369967402657494e-05,0.00019152005552314222,-0.010000000707805157,-0.004266483709216118,-0.010000000707805157,0.010000000707805157,0.0011831545270979404,0.010000000707805157,81608
117,E_X2_Y7_59,163904,1,81608,32642,12240,3264,0.0,1.2446987057046499e-05,4.6274457417894155e-05,0.0001755621051415801,-0.010000000707805157,-0.002101217396557331,-0.010000000707805157,0.010000000707805157,0.0012654352467507124,0.010000000707805157,81608
118,E_X1_Y7_58,163992,1,81608,32642,12240,3264,0.0,1.2448632332962006e-05,4.6275672502815723e-05,0.0001752198877511546,-0.010000000707805157,-0.0029342949856072664,-0.010000000707805157,0.010000000707805157,-7.534027099609375e-05,0.010000000707805157,81608
119,E_X0_Y7_57,164146,1,81608,32642,12240,3264,0.0,1.035578861774411e-05,3.79747107217554e-05,0.0001428725809091702,-0.010000000707805157,-0.0029037343338131905,-0.010000000707805157,0.010000000707805157,-0.0003490510571282357,0.010000000707805157,81608
120,E_X0_Y6_49,164166,1,81608,32642,12240,3264,0.0,1.0641817425494082e-05,4.0738381358096376e-05,0.0001546108687762171,-0.010000000707805157,-0.001974248792976141,-0.010000000707805157,0.010000000707805157,0.0005184602341614664,0.010000000707805157,81608
121,E_X1_Y6_50,163842,1,81608,32642,12240,3264,0.0,1.7576670870766975e-05,6.336772639770061e-05,0.0002379896177444607,-0.010000000707805157,-0.0035831236746162176,-0.010000000707805157,0.010000000707805157,0.0012895547552034259,0.010000000707805157,81608
122,E_X2_Y6_51,163618,1,81608,33008,12240,3264,0.0,1.9938355762860738e-05,7.224044384201989e-05,0.00025955383898690343,-0.010000000707805157,-0.0015528559451922774,-0.010000000707805157,0.010000000707805157,0.004999801982194185,0.010000000707805157,81608
123,E_X3_Y6_52,163650,1,81608,32642,12240,3264,0.0,1.9901084669982083e-05,7.338658178923652e-05,0.0002717550378292799,-0.010000000707805157,-0.0037787018809467554,-0.010000000707805157,0.010000000707805157,0.003723535453900695,0.010000000707805157,81608
124,E_X4_Y6_53,163752,1,81608,33080,12240,3264,0.0,1.9830769815598615e-05,7.420191104756668e-05,0.00028079788899049163,-0.010000000707805157,-0.003994867671281099,-0.010000000707805157,0.010000000707805157,0.0014083433197811246,0.010000000707805157,81608
125,E_X5_Y6_54,163850,1,81608,32642,12240,3264,0.0,1.5046576663735323e-05,5.5302181863225996e-05,0.00020491699979174882,-0.010000000707805157,-0.0028939926996827126,-0.010000000707805157,0.010000000707805157,0.0014407169073820114,0.010000000707805157,81608
126,E_X6_Y6_55,163914,1,81608,32642,12240,3264,0.0,1.3371985005505849e-05,4.925191751681268e-05,0.00018435591482557356,-0.010000000707805157,-0.00155070296023041,-0.010000000707805157,0.010000000707805157,0.0037196099292486906,0.010000000707805157,81608
127,E_X7_Y6_56,163762,1,81608,32642,12240,3264,0.0,1.582054937898647e-05,5.72317949263379e-05,0.00021680070494767278,-0.010000000707805157,-0.0014416527701541781,-0.010000000707805157,0.010000000707805157,0.004113838542252779,0.010000000707805157,81608
128,E_X7_Y5_48,163714,1,81608,32642,12240,3264,0.0,1.690569843049161e-05,6.225940160220489e-05,0.00022314066882245243,-0.010000000707805157,-0.0032170331105589867,-0.010000000707805157,0.010000000707805157,0.0041440073400735855,0.010000000707805157,81608
129,E_X6_Y5_47,163686,1,81608,32642,12240,3264,0.0,1.9530383724486455e-05,7.300844299606979e-05,0.00027395901270210743,-0.010000000707805157,-0.004966991022229195,-0.010000000707805157,0.010000000707805157,0.003576109418645501,0.010000000707805157,81608
130,E_X5_Y5_46,163848,1,81608,32642,12240,3264,0.0,1.3370340639085043e-05,4.853234349866398e-05,0.00017797602049540728,-0.010000000707805157,-0.004402024671435356,-0.010000000707805157,0.010000000707805157,0.0016037082532420754,0.010000000707805157,81608
131,E_X4_Y5_45,164024,1,81608,32642,12240,3264,0.0,1.0635908438416664e-05,3.990866389358416e-05,0.00014678866136819124,-0.010000000707805157,-0.0033497230615466833,-0.010000000707805157,0.010000000707805157,-0.00018593788263387978,0.010000000707805157,81608
132,E_X3_Y5_44,163934,1,81608,32642,12240,3264,0.0,1.3146114724804647e-05,4.830193938687444e-05,0.00017764364019967616,-0.010000000707805157,-0.0038463615346699953,-0.010000000707805157,0.010000000707805157,0.002100925426930189,0.010000000707805157,81608
133,River,4688,1,4686,1874,702,187,0.0,0.0109172398224473,0.06618383526802063,0.6642190217971802,-0.009702720679342747,-0.3802982568740845,-13.95411205291748,80.03776550292969,1.2846777439117432,16.52861785888672,0
134,Pyramid_v1a,603584,19,303580,133080,55817,21197,0.0,0.0003776650410145521,0.0020497210789471865,0.0073470487259328365,-0.20988570153713226,-0.16734077036380768,-0.20988549292087555,0.209885835647583,0.0381026454269886,0.20988555252552032,11232460
135,STT_BanyanForest_ROP_Reduced_001_Translucent,10952089,3,4940777,1634243,757094,184494,0.0,0.00045186065835878253,0.0024432134814560413,0.007553008385002613,-0.3210366368293762,-0.10274747014045715,-0.26750364899635315,0.30123209953308105,0.403398722410202,0.288883775472641,182808749
136,Creek,10404,1,20402,8160,3060,816,0.0,1.4497810241209663e-07,3.467773126430984e-07,7.429254651469819e-07,-0.009999999776482582,0.0,-0.009999999776482582,0.009999999776482582,0.0,0.009999999776482582,1244522
